{"ion_url": "http://sg.b.oceanobservatories.org:5000/ion-service/observatory_management/get_observatory_site_extension?site_id=d9e54f1b0e8f481881e3913a36462077", "name": "Coastal Endurance Oregon Shelf", "spatial_area_name": "Coastal Endurance", "reference_designator": "CE02SHBP", "type_": "Observatory", "_id": "d9e54f1b0e8f481881e3913a36462077", "children": [{"ion_url": "http://sg.b.oceanobservatories.org:5000/ion-service/observatory_management/get_platform_station_site_extension?site_id=8c9e4f9969e54153b4a503034818f1ea", "name": "Primary Node 01D", "deployments": [{"lcstate": "DEPLOYED", "name": "Deployment of platform CE02SHBP-PN01D", "ts_updated": "1391557227022", "type_": "Deployment", "_id": "230d79969ff24c8baa2922a76578717b", "availability": "AVAILABLE", "description": ""}], "reference_designator": "CE02SHBP-PN01D", "type_": "PlatformSite", "_id": "8c9e4f9969e54153b4a503034818f1ea", "children": [{"product_download_size_estimated": 0.0, "ion_url": "http://sg.b.oceanobservatories.org:5000/ion-service/data_product_management/get_data_product_extension?data_product_id=c5fff033bd1b4caeadea3674ef442929", "description": "Platform CE02SHBP-PN01D data product", "name": "raw", "ion_name": "Platform CE02SHBP-PN01D stream 'raw' data product", "erddap_url": "http://erddap.b.oceanobservatories.org:8080/erddap/tabledap/datac5fff033bd1b4caeadea3674ef442929.html", "processing_level_code": "N/A", "ts_updated": "1391557512370", "type_": "DataProduct", "quality_control_level": "N/A", "_id": "c5fff033bd1b4caeadea3674ef442929", "availability": "AVAILABLE", "lcstate": "DEPLOYED"}, {"product_download_size_estimated": 0.0, "ion_url": "http://sg.b.oceanobservatories.org:5000/ion-service/data_product_management/get_data_product_extension?data_product_id=1cfaedeea8e94210842ce443268225d4", "description": "Platform CE02SHBP-PN01D data product", "name": "parsed", "ion_name": "Platform CE02SHBP-PN01D stream 'parsed' data product", "erddap_url": "http://erddap.b.oceanobservatories.org:8080/erddap/tabledap/data1cfaedeea8e94210842ce443268225d4.html", "processing_level_code": "N/A", "ts_updated": "1391557515455", "type_": "DataProduct", "quality_control_level": "N/A", "_id": "1cfaedeea8e94210842ce443268225d4", "availability": "AVAILABLE", "lcstate": "DEPLOYED"}]}]}