{"ion_url": "http://sg.b.oceanobservatories.org:5000/ion-service/observatory_management/get_observatory_site_extension?site_id=3c5e83e5b1ba488eb83b8f4d9d499053", "name": "Coastal Endurance Oregon Offshore", "spatial_area_name": "Coastal Endurance", "reference_designator": "CE04OSBP", "type_": "Observatory", "_id": "3c5e83e5b1ba488eb83b8f4d9d499053", "children": [{"ion_url": "http://sg.b.oceanobservatories.org:5000/ion-service/observatory_management/get_platform_station_site_extension?site_id=ad724a82cb8d42789789df885b632ec9", "name": "Primary Node 01C", "deployments": [{"lcstate": "DEPLOYED", "name": "Deployment of platform CE04OSHY-PN01C", "ts_updated": "1391557228898", "type_": "Deployment", "_id": "22b2a49963ff45c895d543cd59d7539b", "availability": "AVAILABLE", "description": ""}], "reference_designator": "CE04OSHY-PN01C", "type_": "PlatformSite", "_id": "ad724a82cb8d42789789df885b632ec9", "children": [{"product_download_size_estimated": 0.0, "ion_url": "http://sg.b.oceanobservatories.org:5000/ion-service/data_product_management/get_data_product_extension?data_product_id=d204d20a3e8e4cf2bb766a3f484a4ff6", "description": "Platform CE04OSHY-PN01C data product", "name": "raw", "ion_name": "Platform CE04OSHY-PN01C stream 'raw' data product", "erddap_url": "http://erddap.b.oceanobservatories.org:8080/erddap/tabledap/datad204d20a3e8e4cf2bb766a3f484a4ff6.html", "processing_level_code": "N/A", "ts_updated": "1391557518271", "type_": "DataProduct", "quality_control_level": "N/A", "_id": "d204d20a3e8e4cf2bb766a3f484a4ff6", "availability": "AVAILABLE", "lcstate": "DEPLOYED"}, {"product_download_size_estimated": 0.0, "ion_url": "http://sg.b.oceanobservatories.org:5000/ion-service/data_product_management/get_data_product_extension?data_product_id=e574adf90600456fb014809796b5bfd3", "description": "Platform CE04OSHY-PN01C data product", "name": "parsed", "ion_name": "Platform CE04OSHY-PN01C stream 'parsed' data product", "erddap_url": "http://erddap.b.oceanobservatories.org:8080/erddap/tabledap/datae574adf90600456fb014809796b5bfd3.html", "processing_level_code": "N/A", "ts_updated": "1391557521305", "type_": "DataProduct", "quality_control_level": "N/A", "_id": "e574adf90600456fb014809796b5bfd3", "availability": "AVAILABLE", "lcstate": "DEPLOYED"}]}]}