{"ion_url": "http://sg.b.oceanobservatories.org:5000/ion-service/observatory_management/get_observatory_site_extension?site_id=a73d8d2306d74969b2701f2779c7ef47", "name": "Coastal Endurance Mobile Assets", "spatial_area_name": "Coastal Endurance", "reference_designator": "CE05MOAS", "type_": "Observatory", "_id": "a73d8d2306d74969b2701f2779c7ef47", "children": [{"ion_url": "http://sg.b.oceanobservatories.org:5000/ion-service/observatory_management/get_platform_station_site_extension?site_id=26ed1c88e04c48c9958fd243b77a82ac", "name": "Glider 002", "deployments": [{"lcstate": "DEPLOYED", "name": "Deployment of platform CE05MOAS-GL002", "ts_updated": "1391557249107", "type_": "Deployment", "_id": "a66c5f2eb53d4f66ab7108981b326857", "availability": "AVAILABLE", "description": ""}], "reference_designator": "CE05MOAS-GL002", "type_": "PlatformSite", "_id": "26ed1c88e04c48c9958fd243b77a82ac", "children": [{"product_download_size_estimated": 0.0, "ion_url": "http://sg.b.oceanobservatories.org:5000/ion-service/data_product_management/get_data_product_extension?data_product_id=afb5734c23e14192b32619816e5a2cc9", "description": "Instrument CE05MOAS-GL002-05-CTDGVM999 core OOI data product", "name": "PRESWAT Pressure (Depth)", "ion_name": "Pressure (Depth) L1 CTDGV Glider 002 - Coastal Endurance Mobile Assets", "erddap_url": "http://erddap.b.oceanobservatories.org:8080/erddap/tabledap/dataafb5734c23e14192b32619816e5a2cc9.html", "processing_level_code": "L1", "ts_updated": "1391559502276", "type_": "DataProduct", "quality_control_level": "a", "_id": "afb5734c23e14192b32619816e5a2cc9", "availability": "AVAILABLE", "lcstate": "DEPLOYED"}, {"product_download_size_estimated": 0.0, "ion_url": "http://sg.b.oceanobservatories.org:5000/ion-service/data_product_management/get_data_product_extension?data_product_id=66d2a9a1d41545069a219675b47ec017", "description": "Instrument CE05MOAS-GL002-05-CTDGVM999 core OOI data product", "name": "CONDWAT Conductivity", "ion_name": "Conductivity L1 CTDGV Glider 002 - Coastal Endurance Mobile Assets", "erddap_url": "http://erddap.b.oceanobservatories.org:8080/erddap/tabledap/data66d2a9a1d41545069a219675b47ec017.html", "processing_level_code": "L1", "ts_updated": "1391559487109", "type_": "DataProduct", "quality_control_level": "a", "_id": "66d2a9a1d41545069a219675b47ec017", "availability": "AVAILABLE", "lcstate": "DEPLOYED"}, {"product_download_size_estimated": 0.0, "ion_url": "http://sg.b.oceanobservatories.org:5000/ion-service/data_product_management/get_data_product_extension?data_product_id=25aad65d6acc4c1ba5a7e839f55afe0f", "description": "Platform CE05MOAS-GL002 data product", "name": "ggldr_eng_delayed", "ion_name": "Platform CE05MOAS-GL002 stream 'ggldr_eng_delayed' data product", "erddap_url": "http://erddap.b.oceanobservatories.org:8080/erddap/tabledap/data25aad65d6acc4c1ba5a7e839f55afe0f.html", "processing_level_code": "N/A", "ts_updated": "1391557555765", "type_": "DataProduct", "quality_control_level": "N/A", "_id": "25aad65d6acc4c1ba5a7e839f55afe0f", "availability": "AVAILABLE", "lcstate": "DEPLOYED"}, {"product_download_size_estimated": 0.0, "ion_url": "http://sg.b.oceanobservatories.org:5000/ion-service/data_product_management/get_data_product_extension?data_product_id=6e7cece305f64b8eb6bd771621c2c135", "description": "Instrument CE05MOAS-GL002-05-CTDGVM999 data product: parsed samples", "name": "ggldr_ctdgv_delayed", "ion_name": "Instrument CE05MOAS-GL002-05-CTDGVM999 stream 'ggldr_ctdgv_delayed' data product", "erddap_url": "http://erddap.b.oceanobservatories.org:8080/erddap/tabledap/data6e7cece305f64b8eb6bd771621c2c135.html", "processing_level_code": "Parsed", "ts_updated": "1391559479368", "type_": "DataProduct", "quality_control_level": "a", "_id": "6e7cece305f64b8eb6bd771621c2c135", "availability": "AVAILABLE", "lcstate": "DEPLOYED"}, {"product_download_size_estimated": 0.0, "ion_url": "http://sg.b.oceanobservatories.org:5000/ion-service/data_product_management/get_data_product_extension?data_product_id=e6304fe78c0c47f3b2cc36f95f7eb42e", "description": "Instrument CE05MOAS-GL002-05-CTDGVM999 core OOI data product", "name": "TEMPWAT Water Temperature", "ion_name": "Temperature L1 CTDGV Glider 002 - Coastal Endurance Mobile Assets", "erddap_url": "http://erddap.b.oceanobservatories.org:8080/erddap/tabledap/datae6304fe78c0c47f3b2cc36f95f7eb42e.html", "processing_level_code": "L1", "ts_updated": "1391559510105", "type_": "DataProduct", "quality_control_level": "a", "_id": "e6304fe78c0c47f3b2cc36f95f7eb42e", "availability": "AVAILABLE", "lcstate": "DEPLOYED"}, {"product_download_size_estimated": 0.0, "ion_url": "http://sg.b.oceanobservatories.org:5000/ion-service/data_product_management/get_data_product_extension?data_product_id=e2dd2d1887a94a12873a9c8f48d84ec6", "description": "Instrument CE05MOAS-GL002-05-CTDGVM999 core OOI data product", "name": "PRACSAL Salinity", "ion_name": "Practical Salinity L2 CTDGV Glider 002 - Coastal Endurance Mobile Assets", "erddap_url": "http://erddap.b.oceanobservatories.org:8080/erddap/tabledap/datae2dd2d1887a94a12873a9c8f48d84ec6.html", "processing_level_code": "L2", "ts_updated": "1391559494879", "type_": "DataProduct", "quality_control_level": "b", "_id": "e2dd2d1887a94a12873a9c8f48d84ec6", "availability": "AVAILABLE", "lcstate": "DEPLOYED"}, {"product_download_size_estimated": 0.0, "ion_url": "http://sg.b.oceanobservatories.org:5000/ion-service/data_product_management/get_data_product_extension?data_product_id=59c49ab94f1741e8900334284c24b32b", "description": "Instrument CE05MOAS-GL002-04-DOSTAM999 data product: parsed samples", "name": "ggldr_dosta_delayed", "ion_name": "Instrument CE05MOAS-GL002-04-DOSTAM999 stream 'ggldr_dosta_delayed' data product", "erddap_url": "http://erddap.b.oceanobservatories.org:8080/erddap/tabledap/data59c49ab94f1741e8900334284c24b32b.html", "processing_level_code": "Parsed", "ts_updated": "1391557754926", "type_": "DataProduct", "quality_control_level": "a", "_id": "59c49ab94f1741e8900334284c24b32b", "availability": "AVAILABLE", "lcstate": "DEPLOYED"}, {"product_download_size_estimated": 0.0, "ion_url": "http://sg.b.oceanobservatories.org:5000/ion-service/data_product_management/get_data_product_extension?data_product_id=dc802133868845c2b1e8fb1b997ff25d", "description": "Instrument CE05MOAS-GL002-04-DOSTAM999 core OOI data product", "name": "DOCONCS Dissolved Oxygen", "ion_name": "Oxygen Concentration from Stable DO Instrument L1 DOSTA Glider 002 - Coastal Endurance Mobile Assets", "erddap_url": "http://erddap.b.oceanobservatories.org:8080/erddap/tabledap/datadc802133868845c2b1e8fb1b997ff25d.html", "processing_level_code": "L1", "ts_updated": "1391557758445", "type_": "DataProduct", "quality_control_level": "a", "_id": "dc802133868845c2b1e8fb1b997ff25d", "availability": "AVAILABLE", "lcstate": "DEPLOYED"}]}, {"ion_url": "http://sg.b.oceanobservatories.org:5000/ion-service/observatory_management/get_platform_station_site_extension?site_id=1ae653c9148a481cb92f7f3a74f12689", "name": "Glider 001", "deployments": [{"lcstate": "DEPLOYED", "name": "Deployment of platform CE05MOAS-GL001", "ts_updated": "1391557251052", "type_": "Deployment", "_id": "277cb79eb26a49ea8b9917f74a73ac34", "availability": "AVAILABLE", "description": ""}], "reference_designator": "CE05MOAS-GL001", "type_": "PlatformSite", "_id": "1ae653c9148a481cb92f7f3a74f12689", "children": [{"product_download_size_estimated": 0.0, "ion_url": "http://sg.b.oceanobservatories.org:5000/ion-service/data_product_management/get_data_product_extension?data_product_id=a414e1cdd2c245ae9fac502251a2c315", "description": "Platform CE05MOAS-GL001 data product", "name": "ggldr_eng_delayed", "ion_name": "Platform CE05MOAS-GL001 stream 'ggldr_eng_delayed' data product", "erddap_url": "http://erddap.b.oceanobservatories.org:8080/erddap/tabledap/dataa414e1cdd2c245ae9fac502251a2c315.html", "processing_level_code": "N/A", "ts_updated": "1391557560210", "type_": "DataProduct", "quality_control_level": "N/A", "_id": "a414e1cdd2c245ae9fac502251a2c315", "availability": "AVAILABLE", "lcstate": "DEPLOYED"}, {"product_download_size_estimated": 0.0, "ion_url": "http://sg.b.oceanobservatories.org:5000/ion-service/data_product_management/get_data_product_extension?data_product_id=5ff0ee9dc7a14b439469d086b80f3e84", "description": "Instrument CE05MOAS-GL001-05-CTDGVM999 core OOI data product", "name": "PRACSAL Salinity", "ion_name": "Practical Salinity L2 CTDGV Glider 001 - Coastal Endurance Mobile Assets", "erddap_url": "http://erddap.b.oceanobservatories.org:8080/erddap/tabledap/data5ff0ee9dc7a14b439469d086b80f3e84.html", "processing_level_code": "L2", "ts_updated": "1391559851785", "type_": "DataProduct", "quality_control_level": "b", "_id": "5ff0ee9dc7a14b439469d086b80f3e84", "availability": "AVAILABLE", "lcstate": "DEPLOYED"}, {"product_download_size_estimated": 0.0, "ion_url": "http://sg.b.oceanobservatories.org:5000/ion-service/data_product_management/get_data_product_extension?data_product_id=cdb05331356340c8a52b89a4c683bee2", "description": "Instrument CE05MOAS-GL001-05-CTDGVM999 core OOI data product", "name": "TEMPWAT Water Temperature", "ion_name": "Temperature L1 CTDGV Glider 001 - Coastal Endurance Mobile Assets", "erddap_url": "http://erddap.b.oceanobservatories.org:8080/erddap/tabledap/datacdb05331356340c8a52b89a4c683bee2.html", "processing_level_code": "L1", "ts_updated": "1391559868042", "type_": "DataProduct", "quality_control_level": "a", "_id": "cdb05331356340c8a52b89a4c683bee2", "availability": "AVAILABLE", "lcstate": "DEPLOYED"}, {"product_download_size_estimated": 0.0, "ion_url": "http://sg.b.oceanobservatories.org:5000/ion-service/data_product_management/get_data_product_extension?data_product_id=2ee7445de9834f99abceec3fe0482b16", "description": "Instrument CE05MOAS-GL001-04-DOSTAM999 core OOI data product", "name": "DOCONCS Dissolved Oxygen", "ion_name": "Oxygen Concentration from Stable DO Instrument L1 DOSTA Glider 001 - Coastal Endurance Mobile Assets", "erddap_url": "http://erddap.b.oceanobservatories.org:8080/erddap/tabledap/data2ee7445de9834f99abceec3fe0482b16.html", "processing_level_code": "L1", "ts_updated": "1391558869627", "type_": "DataProduct", "quality_control_level": "a", "_id": "2ee7445de9834f99abceec3fe0482b16", "availability": "AVAILABLE", "lcstate": "DEPLOYED"}, {"product_download_size_estimated": 0.0, "ion_url": "http://sg.b.oceanobservatories.org:5000/ion-service/data_product_management/get_data_product_extension?data_product_id=d82bd5f6b98b46d6a379b89a09527277", "description": "Instrument CE05MOAS-GL001-05-CTDGVM999 core OOI data product", "name": "CONDWAT Conductivity", "ion_name": "Conductivity L1 CTDGV Glider 001 - Coastal Endurance Mobile Assets", "erddap_url": "http://erddap.b.oceanobservatories.org:8080/erddap/tabledap/datad82bd5f6b98b46d6a379b89a09527277.html", "processing_level_code": "L1", "ts_updated": "1391559842991", "type_": "DataProduct", "quality_control_level": "a", "_id": "d82bd5f6b98b46d6a379b89a09527277", "availability": "AVAILABLE", "lcstate": "DEPLOYED"}, {"product_download_size_estimated": 0.0, "ion_url": "http://sg.b.oceanobservatories.org:5000/ion-service/data_product_management/get_data_product_extension?data_product_id=c5af71b579c94cd889877da44b865cd7", "description": "Instrument CE05MOAS-GL001-04-DOSTAM999 data product: parsed samples", "name": "ggldr_dosta_delayed", "ion_name": "Instrument CE05MOAS-GL001-04-DOSTAM999 stream 'ggldr_dosta_delayed' data product", "erddap_url": "http://erddap.b.oceanobservatories.org:8080/erddap/tabledap/datac5af71b579c94cd889877da44b865cd7.html", "processing_level_code": "Parsed", "ts_updated": "1391558863558", "type_": "DataProduct", "quality_control_level": "a", "_id": "c5af71b579c94cd889877da44b865cd7", "availability": "AVAILABLE", "lcstate": "DEPLOYED"}, {"product_download_size_estimated": 0.0, "ion_url": "http://sg.b.oceanobservatories.org:5000/ion-service/data_product_management/get_data_product_extension?data_product_id=b89d0c4f98734b7bb7cf7f3c09aa15a3", "description": "Instrument CE05MOAS-GL001-05-CTDGVM999 data product: parsed samples", "name": "ggldr_ctdgv_delayed", "ion_name": "Instrument CE05MOAS-GL001-05-CTDGVM999 stream 'ggldr_ctdgv_delayed' data product", "erddap_url": "http://erddap.b.oceanobservatories.org:8080/erddap/tabledap/datab89d0c4f98734b7bb7cf7f3c09aa15a3.html", "processing_level_code": "Parsed", "ts_updated": "1391559834478", "type_": "DataProduct", "quality_control_level": "a", "_id": "b89d0c4f98734b7bb7cf7f3c09aa15a3", "availability": "AVAILABLE", "lcstate": "DEPLOYED"}, {"product_download_size_estimated": 0.0, "ion_url": "http://sg.b.oceanobservatories.org:5000/ion-service/data_product_management/get_data_product_extension?data_product_id=196f10ad7e3a4c32948a39b9ae903531", "description": "Instrument CE05MOAS-GL001-05-CTDGVM999 core OOI data product", "name": "PRESWAT Pressure (Depth)", "ion_name": "Pressure (Depth) L1 CTDGV Glider 001 - Coastal Endurance Mobile Assets", "erddap_url": "http://erddap.b.oceanobservatories.org:8080/erddap/tabledap/data196f10ad7e3a4c32948a39b9ae903531.html", "processing_level_code": "L1", "ts_updated": "1391559860096", "type_": "DataProduct", "quality_control_level": "a", "_id": "196f10ad7e3a4c32948a39b9ae903531", "availability": "AVAILABLE", "lcstate": "DEPLOYED"}]}, {"ion_url": "http://sg.b.oceanobservatories.org:5000/ion-service/observatory_management/get_platform_station_site_extension?site_id=9d1e419559864828a87cd30a7d7a8c5b", "name": "Glider 005", "deployments": [{"lcstate": "DEPLOYED", "name": "Deployment of platform CE05MOAS-GL005", "ts_updated": "1391557243112", "type_": "Deployment", "_id": "5e0907d3cdf64999890e75f7f654946f", "availability": "AVAILABLE", "description": ""}], "reference_designator": "CE05MOAS-GL005", "type_": "PlatformSite", "_id": "9d1e419559864828a87cd30a7d7a8c5b", "children": [{"product_download_size_estimated": 0.0, "ion_url": "http://sg.b.oceanobservatories.org:5000/ion-service/data_product_management/get_data_product_extension?data_product_id=d4ecdb39a54c4068b997cd3534600ce2", "description": "Instrument CE05MOAS-GL005-05-CTDGVM999 core OOI data product", "name": "PRESWAT Pressure (Depth)", "ion_name": "Pressure (Depth) L1 CTDGV Glider 005 - Coastal Endurance Mobile Assets", "erddap_url": "http://erddap.b.oceanobservatories.org:8080/erddap/tabledap/datad4ecdb39a54c4068b997cd3534600ce2.html", "processing_level_code": "L1", "ts_updated": "1391558419025", "type_": "DataProduct", "quality_control_level": "a", "_id": "d4ecdb39a54c4068b997cd3534600ce2", "availability": "AVAILABLE", "lcstate": "DEPLOYED"}, {"product_download_size_estimated": 0.0, "ion_url": "http://sg.b.oceanobservatories.org:5000/ion-service/data_product_management/get_data_product_extension?data_product_id=590050cac3c34e80a311c7f27285ee7c", "description": "Instrument CE05MOAS-GL005-04-DOSTAM999 data product: parsed samples", "name": "ggldr_dosta_delayed", "ion_name": "Instrument CE05MOAS-GL005-04-DOSTAM999 stream 'ggldr_dosta_delayed' data product", "erddap_url": "http://erddap.b.oceanobservatories.org:8080/erddap/tabledap/data590050cac3c34e80a311c7f27285ee7c.html", "processing_level_code": "Parsed", "ts_updated": "1391558519054", "type_": "DataProduct", "quality_control_level": "a", "_id": "590050cac3c34e80a311c7f27285ee7c", "availability": "AVAILABLE", "lcstate": "DEPLOYED"}, {"product_download_size_estimated": 0.0, "ion_url": "http://sg.b.oceanobservatories.org:5000/ion-service/data_product_management/get_data_product_extension?data_product_id=66d23b62fa0142fd9246f68d9a105643", "description": "Platform CE05MOAS-GL005 data product", "name": "ggldr_eng_delayed", "ion_name": "Platform CE05MOAS-GL005 stream 'ggldr_eng_delayed' data product", "erddap_url": "http://erddap.b.oceanobservatories.org:8080/erddap/tabledap/data66d23b62fa0142fd9246f68d9a105643.html", "processing_level_code": "N/A", "ts_updated": "1391557542378", "type_": "DataProduct", "quality_control_level": "N/A", "_id": "66d23b62fa0142fd9246f68d9a105643", "availability": "AVAILABLE", "lcstate": "DEPLOYED"}, {"product_download_size_estimated": 0.0, "ion_url": "http://sg.b.oceanobservatories.org:5000/ion-service/data_product_management/get_data_product_extension?data_product_id=51301c9249114dad992c1698922ed597", "description": "Instrument CE05MOAS-GL005-05-CTDGVM999 data product: parsed samples", "name": "ggldr_ctdgv_delayed", "ion_name": "Instrument CE05MOAS-GL005-05-CTDGVM999 stream 'ggldr_ctdgv_delayed' data product", "erddap_url": "http://erddap.b.oceanobservatories.org:8080/erddap/tabledap/data51301c9249114dad992c1698922ed597.html", "processing_level_code": "Parsed", "ts_updated": "1391558401742", "type_": "DataProduct", "quality_control_level": "a", "_id": "51301c9249114dad992c1698922ed597", "availability": "AVAILABLE", "lcstate": "DEPLOYED"}, {"product_download_size_estimated": 0.0, "ion_url": "http://sg.b.oceanobservatories.org:5000/ion-service/data_product_management/get_data_product_extension?data_product_id=7a7aa8e80ed943a1b1ce749d5e490903", "description": "Instrument CE05MOAS-GL005-05-CTDGVM999 core OOI data product", "name": "PRACSAL Salinity", "ion_name": "Practical Salinity L2 CTDGV Glider 005 - Coastal Endurance Mobile Assets", "erddap_url": "http://erddap.b.oceanobservatories.org:8080/erddap/tabledap/data7a7aa8e80ed943a1b1ce749d5e490903.html", "processing_level_code": "L2", "ts_updated": "1391558413594", "type_": "DataProduct", "quality_control_level": "b", "_id": "7a7aa8e80ed943a1b1ce749d5e490903", "availability": "AVAILABLE", "lcstate": "DEPLOYED"}, {"product_download_size_estimated": 0.0, "ion_url": "http://sg.b.oceanobservatories.org:5000/ion-service/data_product_management/get_data_product_extension?data_product_id=1666407c6d8e42d3b4ada8f7587ac3c4", "description": "Instrument CE05MOAS-GL005-05-CTDGVM999 core OOI data product", "name": "TEMPWAT Water Temperature", "ion_name": "Temperature L1 CTDGV Glider 005 - Coastal Endurance Mobile Assets", "erddap_url": "http://erddap.b.oceanobservatories.org:8080/erddap/tabledap/data1666407c6d8e42d3b4ada8f7587ac3c4.html", "processing_level_code": "L1", "ts_updated": "1391558425143", "type_": "DataProduct", "quality_control_level": "a", "_id": "1666407c6d8e42d3b4ada8f7587ac3c4", "availability": "AVAILABLE", "lcstate": "DEPLOYED"}, {"product_download_size_estimated": 0.0, "ion_url": "http://sg.b.oceanobservatories.org:5000/ion-service/data_product_management/get_data_product_extension?data_product_id=014fa6727c564b1d98ed66db5c566cf5", "description": "Instrument CE05MOAS-GL005-05-CTDGVM999 core OOI data product", "name": "CONDWAT Conductivity", "ion_name": "Conductivity L1 CTDGV Glider 005 - Coastal Endurance Mobile Assets", "erddap_url": "http://erddap.b.oceanobservatories.org:8080/erddap/tabledap/data014fa6727c564b1d98ed66db5c566cf5.html", "processing_level_code": "L1", "ts_updated": "1391558407624", "type_": "DataProduct", "quality_control_level": "a", "_id": "014fa6727c564b1d98ed66db5c566cf5", "availability": "AVAILABLE", "lcstate": "DEPLOYED"}, {"product_download_size_estimated": 0.0, "ion_url": "http://sg.b.oceanobservatories.org:5000/ion-service/data_product_management/get_data_product_extension?data_product_id=159938744cb74e1d98ad8550e26d04f8", "description": "Instrument CE05MOAS-GL005-04-DOSTAM999 core OOI data product", "name": "DOCONCS Dissolved Oxygen", "ion_name": "Oxygen Concentration from Stable DO Instrument L1 DOSTA Glider 005 - Coastal Endurance Mobile Assets", "erddap_url": "http://erddap.b.oceanobservatories.org:8080/erddap/tabledap/data159938744cb74e1d98ad8550e26d04f8.html", "processing_level_code": "L1", "ts_updated": "1391558524519", "type_": "DataProduct", "quality_control_level": "a", "_id": "159938744cb74e1d98ad8550e26d04f8", "availability": "AVAILABLE", "lcstate": "DEPLOYED"}]}, {"ion_url": "http://sg.b.oceanobservatories.org:5000/ion-service/observatory_management/get_platform_station_site_extension?site_id=726c02259d74426f91c79b2a330a5c0e", "name": "Glider 004", "deployments": [{"lcstate": "DEPLOYED", "name": "Deployment of platform CE05MOAS-GL004", "ts_updated": "1391557245050", "type_": "Deployment", "_id": "79d6802e2aeb4f78b8c2f4ceb8fb14fe", "availability": "AVAILABLE", "description": ""}], "reference_designator": "CE05MOAS-GL004", "type_": "PlatformSite", "_id": "726c02259d74426f91c79b2a330a5c0e", "children": [{"product_download_size_estimated": 0.0, "ion_url": "http://sg.b.oceanobservatories.org:5000/ion-service/data_product_management/get_data_product_extension?data_product_id=36ea019ecbea4caa9b67d0ef69e42794", "description": "Instrument CE05MOAS-GL004-04-DOSTAM999 core OOI data product", "name": "DOCONCS Dissolved Oxygen", "ion_name": "Oxygen Concentration from Stable DO Instrument L1 DOSTA Glider 004 - Coastal Endurance Mobile Assets", "erddap_url": "http://erddap.b.oceanobservatories.org:8080/erddap/tabledap/data36ea019ecbea4caa9b67d0ef69e42794.html", "processing_level_code": "L1", "ts_updated": "1391559623947", "type_": "DataProduct", "quality_control_level": "a", "_id": "36ea019ecbea4caa9b67d0ef69e42794", "availability": "AVAILABLE", "lcstate": "DEPLOYED"}, {"product_download_size_estimated": 0.0, "ion_url": "http://sg.b.oceanobservatories.org:5000/ion-service/data_product_management/get_data_product_extension?data_product_id=f4eb0d7791864317bd897ad50517e011", "description": "Platform CE05MOAS-GL004 data product", "name": "ggldr_eng_delayed", "ion_name": "Platform CE05MOAS-GL004 stream 'ggldr_eng_delayed' data product", "erddap_url": "http://erddap.b.oceanobservatories.org:8080/erddap/tabledap/dataf4eb0d7791864317bd897ad50517e011.html", "processing_level_code": "N/A", "ts_updated": "1391557546694", "type_": "DataProduct", "quality_control_level": "N/A", "_id": "f4eb0d7791864317bd897ad50517e011", "availability": "AVAILABLE", "lcstate": "DEPLOYED"}, {"product_download_size_estimated": 0.0, "ion_url": "http://sg.b.oceanobservatories.org:5000/ion-service/data_product_management/get_data_product_extension?data_product_id=ea748e238f9d412eb7cf313907582bb3", "description": "Instrument CE05MOAS-GL004-05-CTDGVM999 core OOI data product", "name": "TEMPWAT Water Temperature", "ion_name": "Temperature L1 CTDGV Glider 004 - Coastal Endurance Mobile Assets", "erddap_url": "http://erddap.b.oceanobservatories.org:8080/erddap/tabledap/dataea748e238f9d412eb7cf313907582bb3.html", "processing_level_code": "L1", "ts_updated": "1391559315964", "type_": "DataProduct", "quality_control_level": "a", "_id": "ea748e238f9d412eb7cf313907582bb3", "availability": "AVAILABLE", "lcstate": "DEPLOYED"}, {"product_download_size_estimated": 0.0, "ion_url": "http://sg.b.oceanobservatories.org:5000/ion-service/data_product_management/get_data_product_extension?data_product_id=75d61c8175ad4837939fe41b14d66e85", "description": "Instrument CE05MOAS-GL004-05-CTDGVM999 core OOI data product", "name": "CONDWAT Conductivity", "ion_name": "Conductivity L1 CTDGV Glider 004 - Coastal Endurance Mobile Assets", "erddap_url": "http://erddap.b.oceanobservatories.org:8080/erddap/tabledap/data75d61c8175ad4837939fe41b14d66e85.html", "processing_level_code": "L1", "ts_updated": "1391559294019", "type_": "DataProduct", "quality_control_level": "a", "_id": "75d61c8175ad4837939fe41b14d66e85", "availability": "AVAILABLE", "lcstate": "DEPLOYED"}, {"product_download_size_estimated": 0.0, "ion_url": "http://sg.b.oceanobservatories.org:5000/ion-service/data_product_management/get_data_product_extension?data_product_id=9fd552bbba0346f8b688ef4250b85d0b", "description": "Instrument CE05MOAS-GL004-04-DOSTAM999 data product: parsed samples", "name": "ggldr_dosta_delayed", "ion_name": "Instrument CE05MOAS-GL004-04-DOSTAM999 stream 'ggldr_dosta_delayed' data product", "erddap_url": "http://erddap.b.oceanobservatories.org:8080/erddap/tabledap/data9fd552bbba0346f8b688ef4250b85d0b.html", "processing_level_code": "Parsed", "ts_updated": "1391559616153", "type_": "DataProduct", "quality_control_level": "a", "_id": "9fd552bbba0346f8b688ef4250b85d0b", "availability": "AVAILABLE", "lcstate": "DEPLOYED"}, {"product_download_size_estimated": 0.0, "ion_url": "http://sg.b.oceanobservatories.org:5000/ion-service/data_product_management/get_data_product_extension?data_product_id=97a47af2ca6c474dba9589c2eaed75e8", "description": "Instrument CE05MOAS-GL004-05-CTDGVM999 data product: parsed samples", "name": "ggldr_ctdgv_delayed", "ion_name": "Instrument CE05MOAS-GL004-05-CTDGVM999 stream 'ggldr_ctdgv_delayed' data product", "erddap_url": "http://erddap.b.oceanobservatories.org:8080/erddap/tabledap/data97a47af2ca6c474dba9589c2eaed75e8.html", "processing_level_code": "Parsed", "ts_updated": "1391559286625", "type_": "DataProduct", "quality_control_level": "a", "_id": "97a47af2ca6c474dba9589c2eaed75e8", "availability": "AVAILABLE", "lcstate": "DEPLOYED"}, {"product_download_size_estimated": 0.0, "ion_url": "http://sg.b.oceanobservatories.org:5000/ion-service/data_product_management/get_data_product_extension?data_product_id=4dfb33e1d3a24f69b7f33babc26a345c", "description": "Instrument CE05MOAS-GL004-05-CTDGVM999 core OOI data product", "name": "PRACSAL Salinity", "ion_name": "Practical Salinity L2 CTDGV Glider 004 - Coastal Endurance Mobile Assets", "erddap_url": "http://erddap.b.oceanobservatories.org:8080/erddap/tabledap/data4dfb33e1d3a24f69b7f33babc26a345c.html", "processing_level_code": "L2", "ts_updated": "1391559301738", "type_": "DataProduct", "quality_control_level": "b", "_id": "4dfb33e1d3a24f69b7f33babc26a345c", "availability": "AVAILABLE", "lcstate": "DEPLOYED"}, {"product_download_size_estimated": 0.0, "ion_url": "http://sg.b.oceanobservatories.org:5000/ion-service/data_product_management/get_data_product_extension?data_product_id=30fe5b2c9f34472f8368cb6f040d0530", "description": "Instrument CE05MOAS-GL004-05-CTDGVM999 core OOI data product", "name": "PRESWAT Pressure (Depth)", "ion_name": "Pressure (Depth) L1 CTDGV Glider 004 - Coastal Endurance Mobile Assets", "erddap_url": "http://erddap.b.oceanobservatories.org:8080/erddap/tabledap/data30fe5b2c9f34472f8368cb6f040d0530.html", "processing_level_code": "L1", "ts_updated": "1391559308364", "type_": "DataProduct", "quality_control_level": "a", "_id": "30fe5b2c9f34472f8368cb6f040d0530", "availability": "AVAILABLE", "lcstate": "DEPLOYED"}]}, {"ion_url": "http://sg.b.oceanobservatories.org:5000/ion-service/observatory_management/get_platform_station_site_extension?site_id=ac6beb146af5460f89e151835155c66d", "name": "Glider 003", "deployments": [{"lcstate": "DEPLOYED", "name": "Deployment of platform CE05MOAS-GL003", "ts_updated": "1391557247098", "type_": "Deployment", "_id": "deee28e269f04b428927a1a7d8f2d899", "availability": "AVAILABLE", "description": ""}], "reference_designator": "CE05MOAS-GL003", "type_": "PlatformSite", "_id": "ac6beb146af5460f89e151835155c66d", "children": [{"product_download_size_estimated": 0.0, "ion_url": "http://sg.b.oceanobservatories.org:5000/ion-service/data_product_management/get_data_product_extension?data_product_id=fdcc759d0bec4d15b931c7a45e0dea4a", "description": "Instrument CE05MOAS-GL003-05-CTDGVM999 core OOI data product", "name": "PRACSAL Salinity", "ion_name": "Practical Salinity L2 CTDGV Glider 003 - Coastal Endurance Mobile Assets", "erddap_url": "http://erddap.b.oceanobservatories.org:8080/erddap/tabledap/datafdcc759d0bec4d15b931c7a45e0dea4a.html", "processing_level_code": "L2", "ts_updated": "1391559915247", "type_": "DataProduct", "quality_control_level": "b", "_id": "fdcc759d0bec4d15b931c7a45e0dea4a", "availability": "AVAILABLE", "lcstate": "DEPLOYED"}, {"product_download_size_estimated": 0.0, "ion_url": "http://sg.b.oceanobservatories.org:5000/ion-service/data_product_management/get_data_product_extension?data_product_id=f560efa2e94d40c2bf1b40cb6f0c9132", "description": "Instrument CE05MOAS-GL003-05-CTDGVM999 data product: parsed samples", "name": "ggldr_ctdgv_delayed", "ion_name": "Instrument CE05MOAS-GL003-05-CTDGVM999 stream 'ggldr_ctdgv_delayed' data product", "erddap_url": "http://erddap.b.oceanobservatories.org:8080/erddap/tabledap/dataf560efa2e94d40c2bf1b40cb6f0c9132.html", "processing_level_code": "Parsed", "ts_updated": "1391559897708", "type_": "DataProduct", "quality_control_level": "a", "_id": "f560efa2e94d40c2bf1b40cb6f0c9132", "availability": "AVAILABLE", "lcstate": "DEPLOYED"}, {"product_download_size_estimated": 0.0, "ion_url": "http://sg.b.oceanobservatories.org:5000/ion-service/data_product_management/get_data_product_extension?data_product_id=b8e32951e9574afdac7a09e751195196", "description": "Platform CE05MOAS-GL003 data product", "name": "ggldr_eng_delayed", "ion_name": "Platform CE05MOAS-GL003 stream 'ggldr_eng_delayed' data product", "erddap_url": "http://erddap.b.oceanobservatories.org:8080/erddap/tabledap/datab8e32951e9574afdac7a09e751195196.html", "processing_level_code": "N/A", "ts_updated": "1391557551072", "type_": "DataProduct", "quality_control_level": "N/A", "_id": "b8e32951e9574afdac7a09e751195196", "availability": "AVAILABLE", "lcstate": "DEPLOYED"}, {"product_download_size_estimated": 0.0, "ion_url": "http://sg.b.oceanobservatories.org:5000/ion-service/data_product_management/get_data_product_extension?data_product_id=431a1b6d35c84766a4f39adb16154e5d", "description": "Instrument CE05MOAS-GL003-05-CTDGVM999 core OOI data product", "name": "PRESWAT Pressure (Depth)", "ion_name": "Pressure (Depth) L1 CTDGV Glider 003 - Coastal Endurance Mobile Assets", "erddap_url": "http://erddap.b.oceanobservatories.org:8080/erddap/tabledap/data431a1b6d35c84766a4f39adb16154e5d.html", "processing_level_code": "L1", "ts_updated": "1391559923348", "type_": "DataProduct", "quality_control_level": "a", "_id": "431a1b6d35c84766a4f39adb16154e5d", "availability": "AVAILABLE", "lcstate": "DEPLOYED"}, {"product_download_size_estimated": 0.0, "ion_url": "http://sg.b.oceanobservatories.org:5000/ion-service/data_product_management/get_data_product_extension?data_product_id=6a2d421af158489193f2a38cc3c3f02a", "description": "Instrument CE05MOAS-GL003-04-DOSTAM999 core OOI data product", "name": "DOCONCS Dissolved Oxygen", "ion_name": "Oxygen Concentration from Stable DO Instrument L1 DOSTA Glider 003 - Coastal Endurance Mobile Assets", "erddap_url": "http://erddap.b.oceanobservatories.org:8080/erddap/tabledap/data6a2d421af158489193f2a38cc3c3f02a.html", "processing_level_code": "L1", "ts_updated": "1391557647955", "type_": "DataProduct", "quality_control_level": "a", "_id": "6a2d421af158489193f2a38cc3c3f02a", "availability": "AVAILABLE", "lcstate": "DEPLOYED"}, {"product_download_size_estimated": 0.0, "ion_url": "http://sg.b.oceanobservatories.org:5000/ion-service/data_product_management/get_data_product_extension?data_product_id=35bbca4171a04b9da67e8328c1a1f401", "description": "Instrument CE05MOAS-GL003-05-CTDGVM999 core OOI data product", "name": "CONDWAT Conductivity", "ion_name": "Conductivity L1 CTDGV Glider 003 - Coastal Endurance Mobile Assets", "erddap_url": "http://erddap.b.oceanobservatories.org:8080/erddap/tabledap/data35bbca4171a04b9da67e8328c1a1f401.html", "processing_level_code": "L1", "ts_updated": "1391559906359", "type_": "DataProduct", "quality_control_level": "a", "_id": "35bbca4171a04b9da67e8328c1a1f401", "availability": "AVAILABLE", "lcstate": "DEPLOYED"}, {"product_download_size_estimated": 0.0, "ion_url": "http://sg.b.oceanobservatories.org:5000/ion-service/data_product_management/get_data_product_extension?data_product_id=ade0c6961c57474b95d3b34dd8d509a0", "description": "Instrument CE05MOAS-GL003-04-DOSTAM999 data product: parsed samples", "name": "ggldr_dosta_delayed", "ion_name": "Instrument CE05MOAS-GL003-04-DOSTAM999 stream 'ggldr_dosta_delayed' data product", "erddap_url": "http://erddap.b.oceanobservatories.org:8080/erddap/tabledap/dataade0c6961c57474b95d3b34dd8d509a0.html", "processing_level_code": "Parsed", "ts_updated": "1391557644833", "type_": "DataProduct", "quality_control_level": "a", "_id": "ade0c6961c57474b95d3b34dd8d509a0", "availability": "AVAILABLE", "lcstate": "DEPLOYED"}, {"product_download_size_estimated": 0.0, "ion_url": "http://sg.b.oceanobservatories.org:5000/ion-service/data_product_management/get_data_product_extension?data_product_id=513d34afce8642299728c92205003869", "description": "Instrument CE05MOAS-GL003-05-CTDGVM999 core OOI data product", "name": "TEMPWAT Water Temperature", "ion_name": "Temperature L1 CTDGV Glider 003 - Coastal Endurance Mobile Assets", "erddap_url": "http://erddap.b.oceanobservatories.org:8080/erddap/tabledap/data513d34afce8642299728c92205003869.html", "processing_level_code": "L1", "ts_updated": "1391559931164", "type_": "DataProduct", "quality_control_level": "a", "_id": "513d34afce8642299728c92205003869", "availability": "AVAILABLE", "lcstate": "DEPLOYED"}]}, {"ion_url": "http://sg.b.oceanobservatories.org:5000/ion-service/observatory_management/get_platform_station_site_extension?site_id=da5aabbe28e4454b9ec7d5d129a4c7bb", "name": "Glider 006", "deployments": [{"lcstate": "DEPLOYED", "name": "Deployment of platform CE05MOAS-GL006", "ts_updated": "1391557241017", "type_": "Deployment", "_id": "c1a5bffd01b94397af8e968f0afea116", "availability": "AVAILABLE", "description": ""}], "reference_designator": "CE05MOAS-GL006", "type_": "PlatformSite", "_id": "da5aabbe28e4454b9ec7d5d129a4c7bb", "children": [{"product_download_size_estimated": 0.0, "ion_url": "http://sg.b.oceanobservatories.org:5000/ion-service/data_product_management/get_data_product_extension?data_product_id=d6489fc9397642fe9f8b829bf9104ad8", "description": "Instrument CE05MOAS-GL006-04-DOSTAM999 data product: parsed samples", "name": "ggldr_dosta_delayed", "ion_name": "Instrument CE05MOAS-GL006-04-DOSTAM999 stream 'ggldr_dosta_delayed' data product", "erddap_url": "http://erddap.b.oceanobservatories.org:8080/erddap/tabledap/datad6489fc9397642fe9f8b829bf9104ad8.html", "processing_level_code": "Parsed", "ts_updated": "1391557939658", "type_": "DataProduct", "quality_control_level": "a", "_id": "d6489fc9397642fe9f8b829bf9104ad8", "availability": "AVAILABLE", "lcstate": "DEPLOYED"}, {"product_download_size_estimated": 0.0, "ion_url": "http://sg.b.oceanobservatories.org:5000/ion-service/data_product_management/get_data_product_extension?data_product_id=e7884e82114a4be38915bcecf9c7cdb6", "description": "Instrument CE05MOAS-GL006-05-CTDGVM999 data product: parsed samples", "name": "ggldr_ctdgv_delayed", "ion_name": "Instrument CE05MOAS-GL006-05-CTDGVM999 stream 'ggldr_ctdgv_delayed' data product", "erddap_url": "http://erddap.b.oceanobservatories.org:8080/erddap/tabledap/datae7884e82114a4be38915bcecf9c7cdb6.html", "processing_level_code": "Parsed", "ts_updated": "1391557661981", "type_": "DataProduct", "quality_control_level": "a", "_id": "e7884e82114a4be38915bcecf9c7cdb6", "availability": "AVAILABLE", "lcstate": "DEPLOYED"}, {"product_download_size_estimated": 0.0, "ion_url": "http://sg.b.oceanobservatories.org:5000/ion-service/data_product_management/get_data_product_extension?data_product_id=4ce45ccb71a64e3c9e87b1651c76d0e7", "description": "Instrument CE05MOAS-GL006-05-CTDGVM999 core OOI data product", "name": "PRACSAL Salinity", "ion_name": "Practical Salinity L2 CTDGV Glider 006 - Coastal Endurance Mobile Assets", "erddap_url": "http://erddap.b.oceanobservatories.org:8080/erddap/tabledap/data4ce45ccb71a64e3c9e87b1651c76d0e7.html", "processing_level_code": "L2", "ts_updated": "1391557669030", "type_": "DataProduct", "quality_control_level": "b", "_id": "4ce45ccb71a64e3c9e87b1651c76d0e7", "availability": "AVAILABLE", "lcstate": "DEPLOYED"}, {"product_download_size_estimated": 0.0, "ion_url": "http://sg.b.oceanobservatories.org:5000/ion-service/data_product_management/get_data_product_extension?data_product_id=053b782e781d4caf9f8fbe2a2624524f", "description": "Instrument CE05MOAS-GL006-05-CTDGVM999 core OOI data product", "name": "CONDWAT Conductivity", "ion_name": "Conductivity L1 CTDGV Glider 006 - Coastal Endurance Mobile Assets", "erddap_url": "http://erddap.b.oceanobservatories.org:8080/erddap/tabledap/data053b782e781d4caf9f8fbe2a2624524f.html", "processing_level_code": "L1", "ts_updated": "1391557665693", "type_": "DataProduct", "quality_control_level": "a", "_id": "053b782e781d4caf9f8fbe2a2624524f", "availability": "AVAILABLE", "lcstate": "DEPLOYED"}, {"product_download_size_estimated": 0.0, "ion_url": "http://sg.b.oceanobservatories.org:5000/ion-service/data_product_management/get_data_product_extension?data_product_id=2273c57615764e69bed85ef62450511d", "description": "Platform CE05MOAS-GL006 data product", "name": "ggldr_eng_delayed", "ion_name": "Platform CE05MOAS-GL006 stream 'ggldr_eng_delayed' data product", "erddap_url": "http://erddap.b.oceanobservatories.org:8080/erddap/tabledap/data2273c57615764e69bed85ef62450511d.html", "processing_level_code": "N/A", "ts_updated": "1391557537856", "type_": "DataProduct", "quality_control_level": "N/A", "_id": "2273c57615764e69bed85ef62450511d", "availability": "AVAILABLE", "lcstate": "DEPLOYED"}, {"product_download_size_estimated": 0.0, "ion_url": "http://sg.b.oceanobservatories.org:5000/ion-service/data_product_management/get_data_product_extension?data_product_id=ff53316fc5ea4ac596857fcf8a00e962", "description": "Instrument CE05MOAS-GL006-05-CTDGVM999 core OOI data product", "name": "PRESWAT Pressure (Depth)", "ion_name": "Pressure (Depth) L1 CTDGV Glider 006 - Coastal Endurance Mobile Assets", "erddap_url": "http://erddap.b.oceanobservatories.org:8080/erddap/tabledap/dataff53316fc5ea4ac596857fcf8a00e962.html", "processing_level_code": "L1", "ts_updated": "1391557672430", "type_": "DataProduct", "quality_control_level": "a", "_id": "ff53316fc5ea4ac596857fcf8a00e962", "availability": "AVAILABLE", "lcstate": "DEPLOYED"}, {"product_download_size_estimated": 0.0, "ion_url": "http://sg.b.oceanobservatories.org:5000/ion-service/data_product_management/get_data_product_extension?data_product_id=2133b6b9c85d4a8c80af3a5fd0d564c2", "description": "Instrument CE05MOAS-GL006-05-CTDGVM999 core OOI data product", "name": "TEMPWAT Water Temperature", "ion_name": "Temperature L1 CTDGV Glider 006 - Coastal Endurance Mobile Assets", "erddap_url": "http://erddap.b.oceanobservatories.org:8080/erddap/tabledap/data2133b6b9c85d4a8c80af3a5fd0d564c2.html", "processing_level_code": "L1", "ts_updated": "1391557675662", "type_": "DataProduct", "quality_control_level": "a", "_id": "2133b6b9c85d4a8c80af3a5fd0d564c2", "availability": "AVAILABLE", "lcstate": "DEPLOYED"}, {"product_download_size_estimated": 0.0, "ion_url": "http://sg.b.oceanobservatories.org:5000/ion-service/data_product_management/get_data_product_extension?data_product_id=028f8cc0b63a4020a2ebcdf15ae05f0b", "description": "Instrument CE05MOAS-GL006-04-DOSTAM999 core OOI data product", "name": "DOCONCS Dissolved Oxygen", "ion_name": "Oxygen Concentration from Stable DO Instrument L1 DOSTA Glider 006 - Coastal Endurance Mobile Assets", "erddap_url": "http://erddap.b.oceanobservatories.org:8080/erddap/tabledap/data028f8cc0b63a4020a2ebcdf15ae05f0b.html", "processing_level_code": "L1", "ts_updated": "1391557943799", "type_": "DataProduct", "quality_control_level": "a", "_id": "028f8cc0b63a4020a2ebcdf15ae05f0b", "availability": "AVAILABLE", "lcstate": "DEPLOYED"}]}]}