{"ion_url": "http://sg.b.oceanobservatories.org:5000/ion-service/observatory_management/get_observatory_site_extension?site_id=e32ead7ffec14dc9a2cb3de9cb707b96", "name": "Coastal Endurance Washington Offshore", "spatial_area_name": "Coastal Endurance", "reference_designator": "CE09OSPM", "type_": "Observatory", "_id": "e32ead7ffec14dc9a2cb3de9cb707b96", "children": [{"ion_url": "http://sg.b.oceanobservatories.org:5000/ion-service/observatory_management/get_platform_station_site_extension?site_id=9a80571c484b4ff787c78e0525afd383", "name": "Wire-Following Profiler Mooring", "deployments": [{"lcstate": "DEPLOYED", "name": "Deployment of platform CE09OSPM-WP001", "ts_updated": "1396994224021", "type_": "Deployment", "_id": "c2684f07ddb94ddda0cd80ac45c6e340", "availability": "AVAILABLE", "description": ""}], "reference_designator": "CE09OSPM-WP001", "type_": "PlatformSite", "_id": "9a80571c484b4ff787c78e0525afd383", "children": [{"product_download_size_estimated": 0.0, "ion_url": "http://sg.b.oceanobservatories.org:5000/ion-service/data_product_management/get_data_product_extension?data_product_id=a7e61b49910f4517a33a4f208d48e1a3", "description": "Platform CE09OSPM-WF001 data product", "name": "wfp_eng__stc_imodem_status", "ion_name": "Platform CE09OSPM-WF001 stream 'wfp_eng__stc_imodem_status' data product", "erddap_url": "http://erddap.b.oceanobservatories.org:8080/erddap/tabledap/dataa7e61b49910f4517a33a4f208d48e1a3.html", "processing_level_code": "N/A", "ts_updated": "1396994426753", "type_": "DataProduct", "quality_control_level": "N/A", "_id": "a7e61b49910f4517a33a4f208d48e1a3", "availability": "AVAILABLE", "lcstate": "DEPLOYED"}, {"product_download_size_estimated": 0.0, "ion_url": "http://sg.b.oceanobservatories.org:5000/ion-service/data_product_management/get_data_product_extension?data_product_id=f17ef9e2fa824254b81cedbdef890a12", "description": "Platform CE09OSPM-WF001 data product", "name": "wfp_eng__stc_imodem_start_time", "ion_name": "Platform CE09OSPM-WF001 stream 'wfp_eng__stc_imodem_start_time' data product", "erddap_url": "http://erddap.b.oceanobservatories.org:8080/erddap/tabledap/dataf17ef9e2fa824254b81cedbdef890a12.html", "processing_level_code": "N/A", "ts_updated": "1396994446202", "type_": "DataProduct", "quality_control_level": "N/A", "_id": "f17ef9e2fa824254b81cedbdef890a12", "availability": "AVAILABLE", "lcstate": "DEPLOYED"}, {"product_download_size_estimated": 0.0, "ion_url": "http://sg.b.oceanobservatories.org:5000/ion-service/data_product_management/get_data_product_extension?data_product_id=037b1b12ed8443e9b875ee17d7b5d890", "description": "Instrument CE09OSPM-WF001-04-FLORTK999 core OOI data product", "name": "FLUBSCT Optical Backscatter", "ion_name": "Optical Backscatter (Red Wavelengths) L1 FLORT Wire-Following Profiler Mooring - Coastal Endurance Washington Offshore", "erddap_url": "http://erddap.b.oceanobservatories.org:8080/erddap/tabledap/data037b1b12ed8443e9b875ee17d7b5d890.html", "processing_level_code": "L1", "ts_updated": "1396994829452", "type_": "DataProduct", "quality_control_level": "a", "_id": "037b1b12ed8443e9b875ee17d7b5d890", "availability": "AVAILABLE", "lcstate": "DEPLOYED"}, {"product_download_size_estimated": 0.0, "ion_url": "http://sg.b.oceanobservatories.org:5000/ion-service/data_product_management/get_data_product_extension?data_product_id=0c76189af3ef410f996dde635030b18e", "description": "Instrument CE09OSPM-WF001-04-FLORTK999 core OOI data product", "name": "CDOMFLO Colored Dissolved Organic Matter (CDOM) fluorescence", "ion_name": "Fluorometric CDOM Concentration L1 FLORT Wire-Following Profiler Mooring - Coastal Endurance Washington Offshore", "erddap_url": "http://erddap.b.oceanobservatories.org:8080/erddap/tabledap/data0c76189af3ef410f996dde635030b18e.html", "processing_level_code": "L1", "ts_updated": "1396994790476", "type_": "DataProduct", "quality_control_level": "a", "_id": "0c76189af3ef410f996dde635030b18e", "availability": "AVAILABLE", "lcstate": "DEPLOYED"}, {"product_download_size_estimated": 0.0, "ion_url": "http://sg.b.oceanobservatories.org:5000/ion-service/data_product_management/get_data_product_extension?data_product_id=0038ee53c2454189b1f9c34f32f1c5c3", "description": "Instrument CE09OSPM-WF001-04-FLORTK999 core OOI data product", "name": "CDOMFLO Colored Dissolved Organic Matter (CDOM) fluorescence", "ion_name": "Fluorometric CDOM Concentration L0 FLORT Wire-Following Profiler Mooring - Coastal Endurance Washington Offshore", "erddap_url": "http://erddap.b.oceanobservatories.org:8080/erddap/tabledap/data0038ee53c2454189b1f9c34f32f1c5c3.html", "processing_level_code": "L0", "ts_updated": "1396994779707", "type_": "DataProduct", "quality_control_level": "N/A", "_id": "0038ee53c2454189b1f9c34f32f1c5c3", "availability": "AVAILABLE", "lcstate": "DEPLOYED"}, {"product_download_size_estimated": 0.0, "ion_url": "http://sg.b.oceanobservatories.org:5000/ion-service/data_product_management/get_data_product_extension?data_product_id=928481926c9f496098febad9843d5639", "description": "Instrument CE09OSPM-WF001-05-PARADK999 data product: parsed samples", "name": "Combined science variables for CE09OSPM-WF001-05-PARADK999", "ion_name": "Combined science variables for CE09OSPM-WF001-05-PARADK999", "erddap_url": "http://erddap.b.oceanobservatories.org:8080/erddap/tabledap/data928481926c9f496098febad9843d5639.html", "processing_level_code": "Parsed", "ts_updated": "1396995162441", "type_": "DataProduct", "quality_control_level": "a", "_id": "928481926c9f496098febad9843d5639", "availability": "AVAILABLE", "lcstate": "DEPLOYED"}, {"product_download_size_estimated": 0.0, "ion_url": "http://sg.b.oceanobservatories.org:5000/ion-service/data_product_management/get_data_product_extension?data_product_id=84d9d5a774d244b7b37ed465a0d64766", "description": "Instrument CE09OSPM-WF001-04-FLORTK999 core OOI data product", "name": "FLUBSCT Optical Backscatter", "ion_name": "Optical Backscatter (Red Wavelengths) L0 FLORT Wire-Following Profiler Mooring - Coastal Endurance Washington Offshore", "erddap_url": "http://erddap.b.oceanobservatories.org:8080/erddap/tabledap/data84d9d5a774d244b7b37ed465a0d64766.html", "processing_level_code": "L0", "ts_updated": "1396994820276", "type_": "DataProduct", "quality_control_level": "N/A", "_id": "84d9d5a774d244b7b37ed465a0d64766", "availability": "AVAILABLE", "lcstate": "DEPLOYED"}, {"product_download_size_estimated": 0.0, "ion_url": "http://sg.b.oceanobservatories.org:5000/ion-service/data_product_management/get_data_product_extension?data_product_id=598a2c9a44834a24b1af16eb41f9d04d", "description": "Instrument CE09OSPM-WF001-04-FLORTK999 core OOI data product", "name": "CHLAFLO Chlorophyll-a fluorescence", "ion_name": "Fluorometric Chlorophyll-a Concentration L0 FLORT Wire-Following Profiler Mooring - Coastal Endurance Washington Offshore", "erddap_url": "http://erddap.b.oceanobservatories.org:8080/erddap/tabledap/data598a2c9a44834a24b1af16eb41f9d04d.html", "processing_level_code": "L0", "ts_updated": "1396994800408", "type_": "DataProduct", "quality_control_level": "N/A", "_id": "598a2c9a44834a24b1af16eb41f9d04d", "availability": "AVAILABLE", "lcstate": "DEPLOYED"}, {"product_download_size_estimated": 0.0, "ion_url": "http://sg.b.oceanobservatories.org:5000/ion-service/data_product_management/get_data_product_extension?data_product_id=cdfebeff83cb409785406bc1ecaf947c", "description": "Instrument CE09OSPM-WF001-04-FLORTK999 core OOI data product", "name": "CHLAFLO Chlorophyll-a fluorescence", "ion_name": "Fluorometric Chlorophyll-a Concentration L1 FLORT Wire-Following Profiler Mooring - Coastal Endurance Washington Offshore", "erddap_url": "http://erddap.b.oceanobservatories.org:8080/erddap/tabledap/datacdfebeff83cb409785406bc1ecaf947c.html", "processing_level_code": "L1", "ts_updated": "1396994810541", "type_": "DataProduct", "quality_control_level": "a", "_id": "cdfebeff83cb409785406bc1ecaf947c", "availability": "AVAILABLE", "lcstate": "DEPLOYED"}, {"product_download_size_estimated": 0.0, "ion_url": "http://sg.b.oceanobservatories.org:5000/ion-service/data_product_management/get_data_product_extension?data_product_id=f41a417ffc2c4a60a707c1523a469ed2", "description": "Instrument CE09OSPM-WF001-04-FLORTK999 data product: parsed samples", "name": "Combined science variables for CE09OSPM-WF001-04-FLORTK999", "ion_name": "Combined science variables for CE09OSPM-WF001-04-FLORTK999", "erddap_url": "http://erddap.b.oceanobservatories.org:8080/erddap/tabledap/dataf41a417ffc2c4a60a707c1523a469ed2.html", "processing_level_code": "Parsed", "ts_updated": "1396994769784", "type_": "DataProduct", "quality_control_level": "a", "_id": "f41a417ffc2c4a60a707c1523a469ed2", "availability": "AVAILABLE", "lcstate": "DEPLOYED"}, {"product_download_size_estimated": 0.0, "ion_url": "http://sg.b.oceanobservatories.org:5000/ion-service/data_product_management/get_data_product_extension?data_product_id=40acd5cff7a4495282706b6e49b0feaa", "description": "Instrument CE09OSPM-WF001-05-PARADK999 core OOI data product", "name": "OPTPARW Photosynthically Available Radiation (PAR)", "ion_name": "Photosynthetically Active Radiation (400-700 nm) L1 PARAD Wire-Following Profiler Mooring - Coastal Endurance Washington Offshore", "erddap_url": "http://erddap.b.oceanobservatories.org:8080/erddap/tabledap/data40acd5cff7a4495282706b6e49b0feaa.html", "processing_level_code": "L1", "ts_updated": "1396995173530", "type_": "DataProduct", "quality_control_level": "a", "_id": "40acd5cff7a4495282706b6e49b0feaa", "availability": "AVAILABLE", "lcstate": "DEPLOYED"}, {"product_download_size_estimated": 0.0, "ion_url": "http://sg.b.oceanobservatories.org:5000/ion-service/data_product_management/get_data_product_extension?data_product_id=2666a70fb06a4ef48d56bdb6155e45b3", "description": "Platform CE09OSPM-WF001 data product", "name": "wfp_eng__stc_imodem_engineering", "ion_name": "Platform CE09OSPM-WF001 stream 'wfp_eng__stc_imodem_engineering' data product", "erddap_url": "http://erddap.b.oceanobservatories.org:8080/erddap/tabledap/data2666a70fb06a4ef48d56bdb6155e45b3.html", "processing_level_code": "N/A", "ts_updated": "1396994436599", "type_": "DataProduct", "quality_control_level": "N/A", "_id": "2666a70fb06a4ef48d56bdb6155e45b3", "availability": "AVAILABLE", "lcstate": "DEPLOYED"}]}]}