{"ion_url": "http://sg.b.oceanobservatories.org:5000/ion-service/observatory_management/get_observatory_site_extension?site_id=d4ffa2cf71884d1fadef5b80b3481081", "name": "Coastal Pioneer Central", "spatial_area_name": "Coastal Pioneer", "reference_designator": "CP01CNSM", "type_": "Observatory", "_id": "d4ffa2cf71884d1fadef5b80b3481081", "children": [{"ion_url": "http://sg.b.oceanobservatories.org:5000/ion-service/observatory_management/get_platform_station_site_extension?site_id=679c583534904411a6850e7d47b24fc9", "name": "High Power Surface Mooring", "deployments": [{"lcstate": "DEPLOYED", "name": "Deployment of platform CP01CNSM-HM001", "ts_updated": "1391557230978", "type_": "Deployment", "_id": "170aad6e6dac4dbd82b995612d71fea5", "availability": "AVAILABLE", "description": ""}], "reference_designator": "CP01CNSM-HM001", "type_": "PlatformSite", "_id": "679c583534904411a6850e7d47b24fc9", "children": [{"product_download_size_estimated": 0.0, "ion_url": "http://sg.b.oceanobservatories.org:5000/ion-service/data_product_management/get_data_product_extension?data_product_id=e348ab42cd3248979306a7120112e9ac", "description": "Instrument CP01CNSM-MF004-03-DOSTAD999 core OOI data product", "name": "DOCONCS Dissolved Oxygen", "ion_name": "Oxygen Concentration from Stable DO Instrument L0 DOSTA (node MF004) High Power Surface Mooring - Coastal Pioneer Central", "erddap_url": "http://erddap.b.oceanobservatories.org:8080/erddap/tabledap/datae348ab42cd3248979306a7120112e9ac.html", "processing_level_code": "L0", "ts_updated": "1391559606975", "type_": "DataProduct", "quality_control_level": "N/A", "_id": "e348ab42cd3248979306a7120112e9ac", "availability": "AVAILABLE", "lcstate": "DEPLOYED"}, {"product_download_size_estimated": 0.0, "ion_url": "http://sg.b.oceanobservatories.org:5000/ion-service/data_product_management/get_data_product_extension?data_product_id=b4be783fc105414b848fa42262e25f7d", "description": "Instrument CP01CNSM-RI003-05-FLORTD999 core OOI data product", "name": "CHLAFLO Chlorophyll-a fluorescence", "ion_name": "Fluorometric Chlorophyll-a Concentration L1 FLORT High Power Surface Mooring - Coastal Pioneer Central", "erddap_url": "http://erddap.b.oceanobservatories.org:8080/erddap/tabledap/datab4be783fc105414b848fa42262e25f7d.html", "processing_level_code": "L1", "ts_updated": "1391558619571", "type_": "DataProduct", "quality_control_level": "a", "_id": "b4be783fc105414b848fa42262e25f7d", "availability": "AVAILABLE", "lcstate": "DEPLOYED"}, {"product_download_size_estimated": 0.0, "ion_url": "http://sg.b.oceanobservatories.org:5000/ion-service/data_product_management/get_data_product_extension?data_product_id=cc920916e4be48d4ab4314a36ff5d14d", "description": "Instrument CP01CNSM-RI003-05-FLORTD999 data product: parsed samples", "name": "flortd_parsed", "ion_name": "Instrument CP01CNSM-RI003-05-FLORTD999 stream 'flortd_parsed' data product", "erddap_url": "http://erddap.b.oceanobservatories.org:8080/erddap/tabledap/datacc920916e4be48d4ab4314a36ff5d14d.html", "processing_level_code": "Parsed", "ts_updated": "1391558596340", "type_": "DataProduct", "quality_control_level": "a", "_id": "cc920916e4be48d4ab4314a36ff5d14d", "availability": "AVAILABLE", "lcstate": "DEPLOYED"}, {"product_download_size_estimated": 0.0, "ion_url": "http://sg.b.oceanobservatories.org:5000/ion-service/data_product_management/get_data_product_extension?data_product_id=21b9b2dfaca34ff981924f2ae82bd8a1", "description": "Instrument CP01CNSM-RI003-05-FLORTD999 core OOI data product", "name": "CHLAFLO Chlorophyll-a fluorescence", "ion_name": "Fluorometric Chlorophyll-a Concentration L0 FLORT High Power Surface Mooring - Coastal Pioneer Central", "erddap_url": "http://erddap.b.oceanobservatories.org:8080/erddap/tabledap/data21b9b2dfaca34ff981924f2ae82bd8a1.html", "processing_level_code": "L0", "ts_updated": "1391558614028", "type_": "DataProduct", "quality_control_level": "N/A", "_id": "21b9b2dfaca34ff981924f2ae82bd8a1", "availability": "AVAILABLE", "lcstate": "DEPLOYED"}, {"product_download_size_estimated": 0.0, "ion_url": "http://sg.b.oceanobservatories.org:5000/ion-service/data_product_management/get_data_product_extension?data_product_id=b0d0ab359de947309e063e876842a308", "description": "Instrument CP01CNSM-RI003-05-FLORTD999 core OOI data product", "name": "CDOMFLO Colored Dissolved Organic Matter (CDOM) fluorescence", "ion_name": "Fluorometric CDOM Concentration L1 FLORT High Power Surface Mooring - Coastal Pioneer Central", "erddap_url": "http://erddap.b.oceanobservatories.org:8080/erddap/tabledap/datab0d0ab359de947309e063e876842a308.html", "processing_level_code": "L1", "ts_updated": "1391558607803", "type_": "DataProduct", "quality_control_level": "a", "_id": "b0d0ab359de947309e063e876842a308", "availability": "AVAILABLE", "lcstate": "DEPLOYED"}, {"product_download_size_estimated": 0.0, "ion_url": "http://sg.b.oceanobservatories.org:5000/ion-service/data_product_management/get_data_product_extension?data_product_id=beedc6a8c6e14ba49c0143692c181143", "description": "Instrument CP01CNSM-RI003-02-DOSTAD999 core OOI data product", "name": "DOCONCS Dissolved Oxygen", "ion_name": "Oxygen Concentration from Stable DO Instrument L0 DOSTA (node RI003) High Power Surface Mooring - Coastal Pioneer Central", "erddap_url": "http://erddap.b.oceanobservatories.org:8080/erddap/tabledap/databeedc6a8c6e14ba49c0143692c181143.html", "processing_level_code": "L0", "ts_updated": "1391557750292", "type_": "DataProduct", "quality_control_level": "N/A", "_id": "beedc6a8c6e14ba49c0143692c181143", "availability": "AVAILABLE", "lcstate": "DEPLOYED"}, {"product_download_size_estimated": 0.0, "ion_url": "http://sg.b.oceanobservatories.org:5000/ion-service/data_product_management/get_data_product_extension?data_product_id=92f291bb9feb4e7ab53b5a13033b02da", "description": "Instrument CP01CNSM-MF004-03-DOSTAD999 data product: parsed samples", "name": "dostad_parsed", "ion_name": "Instrument CP01CNSM-MF004-03-DOSTAD999 stream 'dostad_parsed' data product", "erddap_url": "http://erddap.b.oceanobservatories.org:8080/erddap/tabledap/data92f291bb9feb4e7ab53b5a13033b02da.html", "processing_level_code": "Parsed", "ts_updated": "1391559599572", "type_": "DataProduct", "quality_control_level": "a", "_id": "92f291bb9feb4e7ab53b5a13033b02da", "availability": "AVAILABLE", "lcstate": "DEPLOYED"}, {"product_download_size_estimated": 0.0, "ion_url": "http://sg.b.oceanobservatories.org:5000/ion-service/data_product_management/get_data_product_extension?data_product_id=33b844908730462eb2e6d8454abdc491", "description": "Instrument CP01CNSM-RI003-05-FLORTD999 core OOI data product", "name": "CDOMFLO Colored Dissolved Organic Matter (CDOM) fluorescence", "ion_name": "Fluorometric CDOM Concentration L0 FLORT High Power Surface Mooring - Coastal Pioneer Central", "erddap_url": "http://erddap.b.oceanobservatories.org:8080/erddap/tabledap/data33b844908730462eb2e6d8454abdc491.html", "processing_level_code": "L0", "ts_updated": "1391558602197", "type_": "DataProduct", "quality_control_level": "N/A", "_id": "33b844908730462eb2e6d8454abdc491", "availability": "AVAILABLE", "lcstate": "DEPLOYED"}, {"product_download_size_estimated": 0.0, "ion_url": "http://sg.b.oceanobservatories.org:5000/ion-service/data_product_management/get_data_product_extension?data_product_id=bc56e7baffd24c4d8f2c88633dcd263d", "description": "Instrument CP01CNSM-RI003-02-DOSTAD999 data product: parsed samples", "name": "dostad_parsed", "ion_name": "Instrument CP01CNSM-RI003-02-DOSTAD999 stream 'dostad_parsed' data product", "erddap_url": "http://erddap.b.oceanobservatories.org:8080/erddap/tabledap/databc56e7baffd24c4d8f2c88633dcd263d.html", "processing_level_code": "Parsed", "ts_updated": "1391557746811", "type_": "DataProduct", "quality_control_level": "a", "_id": "bc56e7baffd24c4d8f2c88633dcd263d", "availability": "AVAILABLE", "lcstate": "DEPLOYED"}, {"product_download_size_estimated": 0.0, "ion_url": "http://sg.b.oceanobservatories.org:5000/ion-service/data_product_management/get_data_product_extension?data_product_id=17dc425e2c3a4bbeb8b1e611e53e4399", "description": "Instrument CP01CNSM-RI003-05-FLORTD999 core OOI data product", "name": "FLUBSCT Optical Backscatter", "ion_name": "Optical Backscatter (Red Wavelengths) L0 FLORT High Power Surface Mooring - Coastal Pioneer Central", "erddap_url": "http://erddap.b.oceanobservatories.org:8080/erddap/tabledap/data17dc425e2c3a4bbeb8b1e611e53e4399.html", "processing_level_code": "L0", "ts_updated": "1391558625387", "type_": "DataProduct", "quality_control_level": "N/A", "_id": "17dc425e2c3a4bbeb8b1e611e53e4399", "availability": "AVAILABLE", "lcstate": "DEPLOYED"}, {"product_download_size_estimated": 0.0, "ion_url": "http://sg.b.oceanobservatories.org:5000/ion-service/data_product_management/get_data_product_extension?data_product_id=a830813fa9b647649c3b0c682ad93573", "description": "Instrument CP01CNSM-RI003-05-FLORTD999 core OOI data product", "name": "FLUBSCT Optical Backscatter", "ion_name": "Optical Backscatter (Red Wavelengths) L1 FLORT High Power Surface Mooring - Coastal Pioneer Central", "erddap_url": "http://erddap.b.oceanobservatories.org:8080/erddap/tabledap/dataa830813fa9b647649c3b0c682ad93573.html", "processing_level_code": "L1", "ts_updated": "1391558631283", "type_": "DataProduct", "quality_control_level": "a", "_id": "a830813fa9b647649c3b0c682ad93573", "availability": "AVAILABLE", "lcstate": "DEPLOYED"}]}]}