{"ion_url": "http://sg.b.oceanobservatories.org:5000/ion-service/observatory_management/get_observatory_site_extension?site_id=577ccd39b6194cf5b99672354964d176", "name": "Coastal Pioneer Upstream Inshore", "spatial_area_name": "Coastal Pioneer", "reference_designator": "CP02PMUI", "type_": "Observatory", "_id": "577ccd39b6194cf5b99672354964d176", "children": [{"ion_url": "http://sg.b.oceanobservatories.org:5000/ion-service/observatory_management/get_platform_station_site_extension?site_id=663e478f64474b4893cde070f2a9d7f4", "name": "Wire-Following Profiler Mooring", "deployments": [{"lcstate": "DEPLOYED", "name": "Deployment of platform CP02PMUI-WP001", "ts_updated": "1396994219898", "type_": "Deployment", "_id": "56efcd05668e469f8cf2ae91e136792b", "availability": "AVAILABLE", "description": ""}], "reference_designator": "CP02PMUI-WP001", "type_": "PlatformSite", "_id": "663e478f64474b4893cde070f2a9d7f4", "children": [{"product_download_size_estimated": 591.8671875, "ion_url": "http://sg.b.oceanobservatories.org:5000/ion-service/data_product_management/get_data_product_extension?data_product_id=aa67b1380f6d434ebf680d711ce10a60", "description": "Instrument CP02PMUI-WF001-04-FLORTK999 core OOI data product", "name": "CHLAFLO Chlorophyll-a fluorescence", "ion_name": "Fluorometric Chlorophyll-a Concentration L0 FLORT Wire-Following Profiler Mooring - Coastal Pioneer Upstream Inshore", "erddap_url": "http://erddap.b.oceanobservatories.org:8080/erddap/tabledap/dataaa67b1380f6d434ebf680d711ce10a60.html", "processing_level_code": "L0", "ts_updated": "1396995093726", "type_": "DataProduct", "quality_control_level": "N/A", "_id": "aa67b1380f6d434ebf680d711ce10a60", "availability": "AVAILABLE", "lcstate": "DEPLOYED"}, {"product_download_size_estimated": 591.8671875, "ion_url": "http://sg.b.oceanobservatories.org:5000/ion-service/data_product_management/get_data_product_extension?data_product_id=c8bd36e25a414190a2c549fd11208458", "description": "Instrument CP02PMUI-WF001-04-FLORTK999 core OOI data product", "name": "CDOMFLO Colored Dissolved Organic Matter (CDOM) fluorescence", "ion_name": "Fluorometric CDOM Concentration L0 FLORT Wire-Following Profiler Mooring - Coastal Pioneer Upstream Inshore", "erddap_url": "http://erddap.b.oceanobservatories.org:8080/erddap/tabledap/datac8bd36e25a414190a2c549fd11208458.html", "processing_level_code": "L0", "ts_updated": "1396995073780", "type_": "DataProduct", "quality_control_level": "N/A", "_id": "c8bd36e25a414190a2c549fd11208458", "availability": "AVAILABLE", "lcstate": "DEPLOYED"}, {"product_download_size_estimated": 10.65625, "ion_url": "http://sg.b.oceanobservatories.org:5000/ion-service/data_product_management/get_data_product_extension?data_product_id=85f4af0408db4d0987c1cb55a23e6ab1", "description": "Platform CP02PMUI-WF001 data product", "name": "wfp_eng__stc_imodem_start_time", "ion_name": "Platform CP02PMUI-WF001 stream 'wfp_eng__stc_imodem_start_time' data product", "erddap_url": "http://erddap.b.oceanobservatories.org:8080/erddap/tabledap/data85f4af0408db4d0987c1cb55a23e6ab1.html", "processing_level_code": "N/A", "ts_updated": "1396994476941", "type_": "DataProduct", "quality_control_level": "N/A", "_id": "85f4af0408db4d0987c1cb55a23e6ab1", "availability": "AVAILABLE", "lcstate": "DEPLOYED"}, {"product_download_size_estimated": 591.921875, "ion_url": "http://sg.b.oceanobservatories.org:5000/ion-service/data_product_management/get_data_product_extension?data_product_id=04fc7fc416cf4dd1bfd913cd73129e2d", "description": "Platform CP02PMUI-WF001 data product", "name": "wfp_eng__stc_imodem_engineering", "ion_name": "Platform CP02PMUI-WF001 stream 'wfp_eng__stc_imodem_engineering' data product", "erddap_url": "http://erddap.b.oceanobservatories.org:8080/erddap/tabledap/data04fc7fc416cf4dd1bfd913cd73129e2d.html", "processing_level_code": "N/A", "ts_updated": "1396994466864", "type_": "DataProduct", "quality_control_level": "N/A", "_id": "04fc7fc416cf4dd1bfd913cd73129e2d", "availability": "AVAILABLE", "lcstate": "DEPLOYED"}, {"product_download_size_estimated": 591.8671875, "ion_url": "http://sg.b.oceanobservatories.org:5000/ion-service/data_product_management/get_data_product_extension?data_product_id=bb1214048571469c9566bf43bfcf59a0", "description": "Instrument CP02PMUI-WF001-04-FLORTK999 core OOI data product", "name": "CDOMFLO Colored Dissolved Organic Matter (CDOM) fluorescence", "ion_name": "Fluorometric CDOM Concentration L1 FLORT Wire-Following Profiler Mooring - Coastal Pioneer Upstream Inshore", "erddap_url": "http://erddap.b.oceanobservatories.org:8080/erddap/tabledap/databb1214048571469c9566bf43bfcf59a0.html", "processing_level_code": "L1", "ts_updated": "1396995084398", "type_": "DataProduct", "quality_control_level": "a", "_id": "bb1214048571469c9566bf43bfcf59a0", "availability": "AVAILABLE", "lcstate": "DEPLOYED"}, {"product_download_size_estimated": 591.8671875, "ion_url": "http://sg.b.oceanobservatories.org:5000/ion-service/data_product_management/get_data_product_extension?data_product_id=27b6e0af146c4e3ca8c15cee4dc8d896", "description": "Instrument CP02PMUI-WF001-04-FLORTK999 core OOI data product", "name": "FLUBSCT Optical Backscatter", "ion_name": "Optical Backscatter (Red Wavelengths) L0 FLORT Wire-Following Profiler Mooring - Coastal Pioneer Upstream Inshore", "erddap_url": "http://erddap.b.oceanobservatories.org:8080/erddap/tabledap/data27b6e0af146c4e3ca8c15cee4dc8d896.html", "processing_level_code": "L0", "ts_updated": "1396995113758", "type_": "DataProduct", "quality_control_level": "N/A", "_id": "27b6e0af146c4e3ca8c15cee4dc8d896", "availability": "AVAILABLE", "lcstate": "DEPLOYED"}, {"product_download_size_estimated": 591.8671875, "ion_url": "http://sg.b.oceanobservatories.org:5000/ion-service/data_product_management/get_data_product_extension?data_product_id=56fd25a7eeb3475281909c710b8aca5e", "description": "Instrument CP02PMUI-WF001-04-FLORTK999 data product: parsed samples", "name": "Combined science variables for CP02PMUI-WF001-04-FLORTK999", "ion_name": "Combined science variables for CP02PMUI-WF001-04-FLORTK999", "erddap_url": "http://erddap.b.oceanobservatories.org:8080/erddap/tabledap/data56fd25a7eeb3475281909c710b8aca5e.html", "processing_level_code": "Parsed", "ts_updated": "1396995063484", "type_": "DataProduct", "quality_control_level": "a", "_id": "56fd25a7eeb3475281909c710b8aca5e", "availability": "AVAILABLE", "lcstate": "DEPLOYED"}, {"product_download_size_estimated": 591.8671875, "ion_url": "http://sg.b.oceanobservatories.org:5000/ion-service/data_product_management/get_data_product_extension?data_product_id=154fdbd2d51f42a0bc9e560d00d7920e", "description": "Instrument CP02PMUI-WF001-04-FLORTK999 core OOI data product", "name": "CHLAFLO Chlorophyll-a fluorescence", "ion_name": "Fluorometric Chlorophyll-a Concentration L1 FLORT Wire-Following Profiler Mooring - Coastal Pioneer Upstream Inshore", "erddap_url": "http://erddap.b.oceanobservatories.org:8080/erddap/tabledap/data154fdbd2d51f42a0bc9e560d00d7920e.html", "processing_level_code": "L1", "ts_updated": "1396995103733", "type_": "DataProduct", "quality_control_level": "a", "_id": "154fdbd2d51f42a0bc9e560d00d7920e", "availability": "AVAILABLE", "lcstate": "DEPLOYED"}, {"product_download_size_estimated": 423.171875, "ion_url": "http://sg.b.oceanobservatories.org:5000/ion-service/data_product_management/get_data_product_extension?data_product_id=72212c6c069343c9a09b273174dd0c4e", "description": "Instrument CP02PMUI-WF001-05-PARADK999 core OOI data product", "name": "OPTPARW Photosynthically Available Radiation (PAR)", "ion_name": "Photosynthetically Active Radiation (400-700 nm) L1 PARAD Wire-Following Profiler Mooring - Coastal Pioneer Upstream Inshore", "erddap_url": "http://erddap.b.oceanobservatories.org:8080/erddap/tabledap/data72212c6c069343c9a09b273174dd0c4e.html", "processing_level_code": "L1", "ts_updated": "1396994641615", "type_": "DataProduct", "quality_control_level": "a", "_id": "72212c6c069343c9a09b273174dd0c4e", "availability": "AVAILABLE", "lcstate": "DEPLOYED"}, {"product_download_size_estimated": 591.8671875, "ion_url": "http://sg.b.oceanobservatories.org:5000/ion-service/data_product_management/get_data_product_extension?data_product_id=51012844bdc544c4bcc1215a0b21c0d5", "description": "Instrument CP02PMUI-WF001-04-FLORTK999 core OOI data product", "name": "FLUBSCT Optical Backscatter", "ion_name": "Optical Backscatter (Red Wavelengths) L1 FLORT Wire-Following Profiler Mooring - Coastal Pioneer Upstream Inshore", "erddap_url": "http://erddap.b.oceanobservatories.org:8080/erddap/tabledap/data51012844bdc544c4bcc1215a0b21c0d5.html", "processing_level_code": "L1", "ts_updated": "1396995124544", "type_": "DataProduct", "quality_control_level": "a", "_id": "51012844bdc544c4bcc1215a0b21c0d5", "availability": "AVAILABLE", "lcstate": "DEPLOYED"}, {"product_download_size_estimated": 20.56640625, "ion_url": "http://sg.b.oceanobservatories.org:5000/ion-service/data_product_management/get_data_product_extension?data_product_id=ec16e0f80099401baf8cd1abd97cbd6c", "description": "Platform CP02PMUI-WF001 data product", "name": "wfp_eng__stc_imodem_status", "ion_name": "Platform CP02PMUI-WF001 stream 'wfp_eng__stc_imodem_status' data product", "erddap_url": "http://erddap.b.oceanobservatories.org:8080/erddap/tabledap/dataec16e0f80099401baf8cd1abd97cbd6c.html", "processing_level_code": "N/A", "ts_updated": "1396994456420", "type_": "DataProduct", "quality_control_level": "N/A", "_id": "ec16e0f80099401baf8cd1abd97cbd6c", "availability": "AVAILABLE", "lcstate": "DEPLOYED"}, {"product_download_size_estimated": 423.171875, "ion_url": "http://sg.b.oceanobservatories.org:5000/ion-service/data_product_management/get_data_product_extension?data_product_id=2fa07e993e6e4167b52ca5f8965cde02", "description": "Instrument CP02PMUI-WF001-05-PARADK999 data product: parsed samples", "name": "Combined science variables for CP02PMUI-WF001-05-PARADK999", "ion_name": "Combined science variables for CP02PMUI-WF001-05-PARADK999", "erddap_url": "http://erddap.b.oceanobservatories.org:8080/erddap/tabledap/data2fa07e993e6e4167b52ca5f8965cde02.html", "processing_level_code": "Parsed", "ts_updated": "1396994632913", "type_": "DataProduct", "quality_control_level": "a", "_id": "2fa07e993e6e4167b52ca5f8965cde02", "availability": "AVAILABLE", "lcstate": "DEPLOYED"}]}]}