{"ion_url": "http://sg.b.oceanobservatories.org:5000/ion-service/observatory_management/get_observatory_site_extension?site_id=cbfd27c08b8845928d192e4458853182", "name": "Coastal Pioneer Central Offshore", "spatial_area_name": "Coastal Pioneer", "reference_designator": "CP02PMCO", "type_": "Observatory", "_id": "cbfd27c08b8845928d192e4458853182", "children": [{"ion_url": "http://sg.b.oceanobservatories.org:5000/ion-service/observatory_management/get_platform_station_site_extension?site_id=344cb1033f094befa7fabc4119213679", "name": "Wire-Following Profiler Mooring", "deployments": [{"lcstate": "DEPLOYED", "name": "Deployment of platform CP02PMCO-WP001", "ts_updated": "1396994220620", "type_": "Deployment", "_id": "1c8d9ca085774ecea8421af497495557", "availability": "AVAILABLE", "description": ""}], "reference_designator": "CP02PMCO-WP001", "type_": "PlatformSite", "_id": "344cb1033f094befa7fabc4119213679", "children": [{"product_download_size_estimated": 0.0, "ion_url": "http://sg.b.oceanobservatories.org:5000/ion-service/data_product_management/get_data_product_extension?data_product_id=7d1661d892474dcd89a941f97a7eaa90", "description": "Instrument CP02PMCO-WF001-04-FLORTK999 core OOI data product", "name": "CDOMFLO Colored Dissolved Organic Matter (CDOM) fluorescence", "ion_name": "Fluorometric CDOM Concentration L0 FLORT Wire-Following Profiler Mooring - Coastal Pioneer Central Offshore", "erddap_url": "http://erddap.b.oceanobservatories.org:8080/erddap/tabledap/data7d1661d892474dcd89a941f97a7eaa90.html", "processing_level_code": "L0", "ts_updated": "1396994665514", "type_": "DataProduct", "quality_control_level": "N/A", "_id": "7d1661d892474dcd89a941f97a7eaa90", "availability": "AVAILABLE", "lcstate": "DEPLOYED"}, {"product_download_size_estimated": 0.0, "ion_url": "http://sg.b.oceanobservatories.org:5000/ion-service/data_product_management/get_data_product_extension?data_product_id=83afa4498cf44c4793beeb910024c308", "description": "Instrument CP02PMCO-WF001-04-FLORTK999 core OOI data product", "name": "CHLAFLO Chlorophyll-a fluorescence", "ion_name": "Fluorometric Chlorophyll-a Concentration L0 FLORT Wire-Following Profiler Mooring - Coastal Pioneer Central Offshore", "erddap_url": "http://erddap.b.oceanobservatories.org:8080/erddap/tabledap/data83afa4498cf44c4793beeb910024c308.html", "processing_level_code": "L0", "ts_updated": "1396994684587", "type_": "DataProduct", "quality_control_level": "N/A", "_id": "83afa4498cf44c4793beeb910024c308", "availability": "AVAILABLE", "lcstate": "DEPLOYED"}, {"product_download_size_estimated": 0.0, "ion_url": "http://sg.b.oceanobservatories.org:5000/ion-service/data_product_management/get_data_product_extension?data_product_id=b64a3ddea1db4c7b927b16d0bc371aff", "description": "Instrument CP02PMCO-WF001-04-FLORTK999 core OOI data product", "name": "CHLAFLO Chlorophyll-a fluorescence", "ion_name": "Fluorometric Chlorophyll-a Concentration L1 FLORT Wire-Following Profiler Mooring - Coastal Pioneer Central Offshore", "erddap_url": "http://erddap.b.oceanobservatories.org:8080/erddap/tabledap/datab64a3ddea1db4c7b927b16d0bc371aff.html", "processing_level_code": "L1", "ts_updated": "1396994694728", "type_": "DataProduct", "quality_control_level": "a", "_id": "b64a3ddea1db4c7b927b16d0bc371aff", "availability": "AVAILABLE", "lcstate": "DEPLOYED"}, {"product_download_size_estimated": 0.0, "ion_url": "http://sg.b.oceanobservatories.org:5000/ion-service/data_product_management/get_data_product_extension?data_product_id=ff7d455216704e3194e2187f02562487", "description": "Instrument CP02PMCO-WF001-05-PARADK999 core OOI data product", "name": "OPTPARW Photosynthically Available Radiation (PAR)", "ion_name": "Photosynthetically Active Radiation (400-700 nm) L1 PARAD Wire-Following Profiler Mooring - Coastal Pioneer Central Offshore", "erddap_url": "http://erddap.b.oceanobservatories.org:8080/erddap/tabledap/dataff7d455216704e3194e2187f02562487.html", "processing_level_code": "L1", "ts_updated": "1396995149600", "type_": "DataProduct", "quality_control_level": "a", "_id": "ff7d455216704e3194e2187f02562487", "availability": "AVAILABLE", "lcstate": "DEPLOYED"}, {"product_download_size_estimated": 0.0, "ion_url": "http://sg.b.oceanobservatories.org:5000/ion-service/data_product_management/get_data_product_extension?data_product_id=2a9fca75a36c411080ac896f4d0375a6", "description": "Platform CP02PMCO-WF001 data product", "name": "wfp_eng__stc_imodem_start_time", "ion_name": "Platform CP02PMCO-WF001 stream 'wfp_eng__stc_imodem_start_time' data product", "erddap_url": "http://erddap.b.oceanobservatories.org:8080/erddap/tabledap/data2a9fca75a36c411080ac896f4d0375a6.html", "processing_level_code": "N/A", "ts_updated": "1396994601519", "type_": "DataProduct", "quality_control_level": "N/A", "_id": "2a9fca75a36c411080ac896f4d0375a6", "availability": "AVAILABLE", "lcstate": "DEPLOYED"}, {"product_download_size_estimated": 0.0, "ion_url": "http://sg.b.oceanobservatories.org:5000/ion-service/data_product_management/get_data_product_extension?data_product_id=d12967ad857b4d26983b20e470e5d2db", "description": "Platform CP02PMCO-WF001 data product", "name": "wfp_eng__stc_imodem_status", "ion_name": "Platform CP02PMCO-WF001 stream 'wfp_eng__stc_imodem_status' data product", "erddap_url": "http://erddap.b.oceanobservatories.org:8080/erddap/tabledap/datad12967ad857b4d26983b20e470e5d2db.html", "processing_level_code": "N/A", "ts_updated": "1396994581736", "type_": "DataProduct", "quality_control_level": "N/A", "_id": "d12967ad857b4d26983b20e470e5d2db", "availability": "AVAILABLE", "lcstate": "DEPLOYED"}, {"product_download_size_estimated": 0.0, "ion_url": "http://sg.b.oceanobservatories.org:5000/ion-service/data_product_management/get_data_product_extension?data_product_id=cb87022bc89f40148d62d53090b101ff", "description": "Platform CP02PMCO-WF001 data product", "name": "wfp_eng__stc_imodem_engineering", "ion_name": "Platform CP02PMCO-WF001 stream 'wfp_eng__stc_imodem_engineering' data product", "erddap_url": "http://erddap.b.oceanobservatories.org:8080/erddap/tabledap/datacb87022bc89f40148d62d53090b101ff.html", "processing_level_code": "N/A", "ts_updated": "1396994591405", "type_": "DataProduct", "quality_control_level": "N/A", "_id": "cb87022bc89f40148d62d53090b101ff", "availability": "AVAILABLE", "lcstate": "DEPLOYED"}, {"product_download_size_estimated": 0.0, "ion_url": "http://sg.b.oceanobservatories.org:5000/ion-service/data_product_management/get_data_product_extension?data_product_id=8bef355ee1fa403eb2cc4018988e8291", "description": "Instrument CP02PMCO-WF001-05-PARADK999 data product: parsed samples", "name": "Combined science variables for CP02PMCO-WF001-05-PARADK999", "ion_name": "Combined science variables for CP02PMCO-WF001-05-PARADK999", "erddap_url": "http://erddap.b.oceanobservatories.org:8080/erddap/tabledap/data8bef355ee1fa403eb2cc4018988e8291.html", "processing_level_code": "Parsed", "ts_updated": "1396995138748", "type_": "DataProduct", "quality_control_level": "a", "_id": "8bef355ee1fa403eb2cc4018988e8291", "availability": "AVAILABLE", "lcstate": "DEPLOYED"}, {"product_download_size_estimated": 0.0, "ion_url": "http://sg.b.oceanobservatories.org:5000/ion-service/data_product_management/get_data_product_extension?data_product_id=c5e2eecef4ae4891bc7697258167d0ee", "description": "Instrument CP02PMCO-WF001-04-FLORTK999 core OOI data product", "name": "CDOMFLO Colored Dissolved Organic Matter (CDOM) fluorescence", "ion_name": "Fluorometric CDOM Concentration L1 FLORT Wire-Following Profiler Mooring - Coastal Pioneer Central Offshore", "erddap_url": "http://erddap.b.oceanobservatories.org:8080/erddap/tabledap/datac5e2eecef4ae4891bc7697258167d0ee.html", "processing_level_code": "L1", "ts_updated": "1396994674141", "type_": "DataProduct", "quality_control_level": "a", "_id": "c5e2eecef4ae4891bc7697258167d0ee", "availability": "AVAILABLE", "lcstate": "DEPLOYED"}, {"product_download_size_estimated": 0.0, "ion_url": "http://sg.b.oceanobservatories.org:5000/ion-service/data_product_management/get_data_product_extension?data_product_id=c590df8daa5a44c093033d670e1a6fda", "description": "Instrument CP02PMCO-WF001-04-FLORTK999 core OOI data product", "name": "FLUBSCT Optical Backscatter", "ion_name": "Optical Backscatter (Red Wavelengths) L0 FLORT Wire-Following Profiler Mooring - Coastal Pioneer Central Offshore", "erddap_url": "http://erddap.b.oceanobservatories.org:8080/erddap/tabledap/datac590df8daa5a44c093033d670e1a6fda.html", "processing_level_code": "L0", "ts_updated": "1396994703476", "type_": "DataProduct", "quality_control_level": "N/A", "_id": "c590df8daa5a44c093033d670e1a6fda", "availability": "AVAILABLE", "lcstate": "DEPLOYED"}, {"product_download_size_estimated": 0.0, "ion_url": "http://sg.b.oceanobservatories.org:5000/ion-service/data_product_management/get_data_product_extension?data_product_id=b93bc46fa4414989ab60d0379d75e394", "description": "Instrument CP02PMCO-WF001-04-FLORTK999 data product: parsed samples", "name": "Combined science variables for CP02PMCO-WF001-04-FLORTK999", "ion_name": "Combined science variables for CP02PMCO-WF001-04-FLORTK999", "erddap_url": "http://erddap.b.oceanobservatories.org:8080/erddap/tabledap/datab93bc46fa4414989ab60d0379d75e394.html", "processing_level_code": "Parsed", "ts_updated": "1396994655780", "type_": "DataProduct", "quality_control_level": "a", "_id": "b93bc46fa4414989ab60d0379d75e394", "availability": "AVAILABLE", "lcstate": "DEPLOYED"}, {"product_download_size_estimated": 0.0, "ion_url": "http://sg.b.oceanobservatories.org:5000/ion-service/data_product_management/get_data_product_extension?data_product_id=48f0345161cc4c35b0c2c0fbf912ce0b", "description": "Instrument CP02PMCO-WF001-04-FLORTK999 core OOI data product", "name": "FLUBSCT Optical Backscatter", "ion_name": "Optical Backscatter (Red Wavelengths) L1 FLORT Wire-Following Profiler Mooring - Coastal Pioneer Central Offshore", "erddap_url": "http://erddap.b.oceanobservatories.org:8080/erddap/tabledap/data48f0345161cc4c35b0c2c0fbf912ce0b.html", "processing_level_code": "L1", "ts_updated": "1396994713527", "type_": "DataProduct", "quality_control_level": "a", "_id": "48f0345161cc4c35b0c2c0fbf912ce0b", "availability": "AVAILABLE", "lcstate": "DEPLOYED"}]}]}