{"ion_url": "http://sg.b.oceanobservatories.org:5000/ion-service/observatory_management/get_observatory_site_extension?site_id=f46356b029334660979156663a8b15d7", "name": "Coastal Pioneer Upstream Offshore", "spatial_area_name": "Coastal Pioneer", "reference_designator": "CP02PMUO", "type_": "Observatory", "_id": "f46356b029334660979156663a8b15d7", "children": [{"ion_url": "http://sg.b.oceanobservatories.org:5000/ion-service/observatory_management/get_platform_station_site_extension?site_id=ba281da7571644b4a1ab1b3034d7db1c", "name": "Wire-Following Profiler Mooring", "deployments": [{"lcstate": "DEPLOYED", "name": "Deployment of platform CP02PMUO-WP001", "ts_updated": "1396994221779", "type_": "Deployment", "_id": "ad2d64c64b2a4957901d2403ce67460d", "availability": "AVAILABLE", "description": ""}], "reference_designator": "CP02PMUO-WP001", "type_": "PlatformSite", "_id": "ba281da7571644b4a1ab1b3034d7db1c", "children": [{"product_download_size_estimated": 183.875, "ion_url": "http://sg.b.oceanobservatories.org:5000/ion-service/data_product_management/get_data_product_extension?data_product_id=d60da9f9058c47c5ba2c08568cabbb76", "description": "Instrument CP02PMUO-WF001-04-FLORTK999 core OOI data product", "name": "CHLAFLO Chlorophyll-a fluorescence", "ion_name": "Fluorometric Chlorophyll-a Concentration L1 FLORT Wire-Following Profiler Mooring - Coastal Pioneer Upstream Offshore", "erddap_url": "http://erddap.b.oceanobservatories.org:8080/erddap/tabledap/datad60da9f9058c47c5ba2c08568cabbb76.html", "processing_level_code": "L1", "ts_updated": "1396994957692", "type_": "DataProduct", "quality_control_level": "a", "_id": "d60da9f9058c47c5ba2c08568cabbb76", "availability": "AVAILABLE", "lcstate": "DEPLOYED"}, {"product_download_size_estimated": 183.875, "ion_url": "http://sg.b.oceanobservatories.org:5000/ion-service/data_product_management/get_data_product_extension?data_product_id=c506180f0d6848b19dd147b061298dd2", "description": "Instrument CP02PMUO-WF001-04-FLORTK999 core OOI data product", "name": "FLUBSCT Optical Backscatter", "ion_name": "Optical Backscatter (Red Wavelengths) L1 FLORT Wire-Following Profiler Mooring - Coastal Pioneer Upstream Offshore", "erddap_url": "http://erddap.b.oceanobservatories.org:8080/erddap/tabledap/datac506180f0d6848b19dd147b061298dd2.html", "processing_level_code": "L1", "ts_updated": "1396994977140", "type_": "DataProduct", "quality_control_level": "a", "_id": "c506180f0d6848b19dd147b061298dd2", "availability": "AVAILABLE", "lcstate": "DEPLOYED"}, {"product_download_size_estimated": 183.859375, "ion_url": "http://sg.b.oceanobservatories.org:5000/ion-service/data_product_management/get_data_product_extension?data_product_id=4e0fd79c0ba240afa3f990abc3bd2359", "description": "Platform CP02PMUO-WF001 data product", "name": "wfp_eng__stc_imodem_engineering", "ion_name": "Platform CP02PMUO-WF001 stream 'wfp_eng__stc_imodem_engineering' data product", "erddap_url": "http://erddap.b.oceanobservatories.org:8080/erddap/tabledap/data4e0fd79c0ba240afa3f990abc3bd2359.html", "processing_level_code": "N/A", "ts_updated": "1396994497256", "type_": "DataProduct", "quality_control_level": "N/A", "_id": "4e0fd79c0ba240afa3f990abc3bd2359", "availability": "AVAILABLE", "lcstate": "DEPLOYED"}, {"product_download_size_estimated": 0.0, "ion_url": "http://sg.b.oceanobservatories.org:5000/ion-service/data_product_management/get_data_product_extension?data_product_id=5cae360792d847b0bba1f428ad388d2e", "description": "Instrument CP02PMUO-RI001-01-ADCPSL999 data product: parsed samples", "name": "Combined science variables for CP02PMUO-RI001-01-ADCPSL999", "ion_name": "Combined science variables for CP02PMUO-RI001-01-ADCPSL999", "erddap_url": "http://erddap.b.oceanobservatories.org:8080/erddap/tabledap/data5cae360792d847b0bba1f428ad388d2e.html", "processing_level_code": "Parsed", "ts_updated": "1396994200928", "type_": "DataProduct", "quality_control_level": "a", "_id": "5cae360792d847b0bba1f428ad388d2e", "availability": "AVAILABLE", "lcstate": "DEPLOYED"}, {"product_download_size_estimated": 183.875, "ion_url": "http://sg.b.oceanobservatories.org:5000/ion-service/data_product_management/get_data_product_extension?data_product_id=600c8563c61d436e9e2e37f7da023687", "description": "Instrument CP02PMUO-WF001-04-FLORTK999 core OOI data product", "name": "CDOMFLO Colored Dissolved Organic Matter (CDOM) fluorescence", "ion_name": "Fluorometric CDOM Concentration L0 FLORT Wire-Following Profiler Mooring - Coastal Pioneer Upstream Offshore", "erddap_url": "http://erddap.b.oceanobservatories.org:8080/erddap/tabledap/data600c8563c61d436e9e2e37f7da023687.html", "processing_level_code": "L0", "ts_updated": "1396994928468", "type_": "DataProduct", "quality_control_level": "N/A", "_id": "600c8563c61d436e9e2e37f7da023687", "availability": "AVAILABLE", "lcstate": "DEPLOYED"}, {"product_download_size_estimated": 131.81640625, "ion_url": "http://sg.b.oceanobservatories.org:5000/ion-service/data_product_management/get_data_product_extension?data_product_id=9e0e2f8ab0c74a59a191edb83d13f00c", "description": "Instrument CP02PMUO-WF001-05-PARADK999 core OOI data product", "name": "OPTPARW Photosynthically Available Radiation (PAR)", "ion_name": "Photosynthetically Active Radiation (400-700 nm) L1 PARAD Wire-Following Profiler Mooring - Coastal Pioneer Upstream Offshore", "erddap_url": "http://erddap.b.oceanobservatories.org:8080/erddap/tabledap/data9e0e2f8ab0c74a59a191edb83d13f00c.html", "processing_level_code": "L1", "ts_updated": "1396994757571", "type_": "DataProduct", "quality_control_level": "a", "_id": "9e0e2f8ab0c74a59a191edb83d13f00c", "availability": "AVAILABLE", "lcstate": "DEPLOYED"}, {"product_download_size_estimated": 0.0, "ion_url": "http://sg.b.oceanobservatories.org:5000/ion-service/data_product_management/get_data_product_extension?data_product_id=1dfc25b26201408093689e90337fe238", "description": "Instrument CP02PMUO-RI001-01-ADCPSL999 core OOI data product", "name": "VELPROF Water Velocity Profile", "ion_name": "Velocity Profile L1 ADCPS Wire-Following Profiler Mooring - Coastal Pioneer Upstream Offshore", "erddap_url": "http://erddap.b.oceanobservatories.org:8080/erddap/tabledap/data1dfc25b26201408093689e90337fe238.html", "processing_level_code": "L1", "ts_updated": "1396994218848", "type_": "DataProduct", "quality_control_level": "a", "_id": "1dfc25b26201408093689e90337fe238", "availability": "AVAILABLE", "lcstate": "DEPLOYED"}, {"product_download_size_estimated": 3.83984375, "ion_url": "http://sg.b.oceanobservatories.org:5000/ion-service/data_product_management/get_data_product_extension?data_product_id=a03a4de119fa4ecf86a152d584a9aaa1", "description": "Platform CP02PMUO-WF001 data product", "name": "wfp_eng__stc_imodem_start_time", "ion_name": "Platform CP02PMUO-WF001 stream 'wfp_eng__stc_imodem_start_time' data product", "erddap_url": "http://erddap.b.oceanobservatories.org:8080/erddap/tabledap/dataa03a4de119fa4ecf86a152d584a9aaa1.html", "processing_level_code": "N/A", "ts_updated": "1396994507853", "type_": "DataProduct", "quality_control_level": "N/A", "_id": "a03a4de119fa4ecf86a152d584a9aaa1", "availability": "AVAILABLE", "lcstate": "DEPLOYED"}, {"product_download_size_estimated": 183.875, "ion_url": "http://sg.b.oceanobservatories.org:5000/ion-service/data_product_management/get_data_product_extension?data_product_id=32339e7aab8d47ab88504f6cb1aaf169", "description": "Instrument CP02PMUO-WF001-04-FLORTK999 core OOI data product", "name": "FLUBSCT Optical Backscatter", "ion_name": "Optical Backscatter (Red Wavelengths) L0 FLORT Wire-Following Profiler Mooring - Coastal Pioneer Upstream Offshore", "erddap_url": "http://erddap.b.oceanobservatories.org:8080/erddap/tabledap/data32339e7aab8d47ab88504f6cb1aaf169.html", "processing_level_code": "L0", "ts_updated": "1396994967384", "type_": "DataProduct", "quality_control_level": "N/A", "_id": "32339e7aab8d47ab88504f6cb1aaf169", "availability": "AVAILABLE", "lcstate": "DEPLOYED"}, {"product_download_size_estimated": 183.875, "ion_url": "http://sg.b.oceanobservatories.org:5000/ion-service/data_product_management/get_data_product_extension?data_product_id=a182b8a1af3e46fabe5ba33ee2a04781", "description": "Instrument CP02PMUO-WF001-04-FLORTK999 data product: parsed samples", "name": "Combined science variables for CP02PMUO-WF001-04-FLORTK999", "ion_name": "Combined science variables for CP02PMUO-WF001-04-FLORTK999", "erddap_url": "http://erddap.b.oceanobservatories.org:8080/erddap/tabledap/dataa182b8a1af3e46fabe5ba33ee2a04781.html", "processing_level_code": "Parsed", "ts_updated": "1396994917955", "type_": "DataProduct", "quality_control_level": "a", "_id": "a182b8a1af3e46fabe5ba33ee2a04781", "availability": "AVAILABLE", "lcstate": "DEPLOYED"}, {"product_download_size_estimated": 183.875, "ion_url": "http://sg.b.oceanobservatories.org:5000/ion-service/data_product_management/get_data_product_extension?data_product_id=6707463e098145a1a3eae6cb35ad6db5", "description": "Instrument CP02PMUO-WF001-04-FLORTK999 core OOI data product", "name": "CHLAFLO Chlorophyll-a fluorescence", "ion_name": "Fluorometric Chlorophyll-a Concentration L0 FLORT Wire-Following Profiler Mooring - Coastal Pioneer Upstream Offshore", "erddap_url": "http://erddap.b.oceanobservatories.org:8080/erddap/tabledap/data6707463e098145a1a3eae6cb35ad6db5.html", "processing_level_code": "L0", "ts_updated": "1396994948085", "type_": "DataProduct", "quality_control_level": "N/A", "_id": "6707463e098145a1a3eae6cb35ad6db5", "availability": "AVAILABLE", "lcstate": "DEPLOYED"}, {"product_download_size_estimated": 183.875, "ion_url": "http://sg.b.oceanobservatories.org:5000/ion-service/data_product_management/get_data_product_extension?data_product_id=c10be7c9259a4892ba4e04eca70d68bd", "description": "Instrument CP02PMUO-WF001-04-FLORTK999 core OOI data product", "name": "CDOMFLO Colored Dissolved Organic Matter (CDOM) fluorescence", "ion_name": "Fluorometric CDOM Concentration L1 FLORT Wire-Following Profiler Mooring - Coastal Pioneer Upstream Offshore", "erddap_url": "http://erddap.b.oceanobservatories.org:8080/erddap/tabledap/datac10be7c9259a4892ba4e04eca70d68bd.html", "processing_level_code": "L1", "ts_updated": "1396994938498", "type_": "DataProduct", "quality_control_level": "a", "_id": "c10be7c9259a4892ba4e04eca70d68bd", "availability": "AVAILABLE", "lcstate": "DEPLOYED"}, {"product_download_size_estimated": 0.0, "ion_url": "http://sg.b.oceanobservatories.org:5000/ion-service/data_product_management/get_data_product_extension?data_product_id=a935fe2fc4ef4762a6411bf55b77238c", "description": "Instrument CP02PMUO-RI001-01-ADCPSL999 core OOI data product", "name": "VELPROF Water Velocity Profile", "ion_name": "Velocity Profile L0 ADCPS Wire-Following Profiler Mooring - Coastal Pioneer Upstream Offshore", "erddap_url": "http://erddap.b.oceanobservatories.org:8080/erddap/tabledap/dataa935fe2fc4ef4762a6411bf55b77238c.html", "processing_level_code": "L0", "ts_updated": "1396994209652", "type_": "DataProduct", "quality_control_level": "N/A", "_id": "a935fe2fc4ef4762a6411bf55b77238c", "availability": "AVAILABLE", "lcstate": "DEPLOYED"}, {"product_download_size_estimated": 131.81640625, "ion_url": "http://sg.b.oceanobservatories.org:5000/ion-service/data_product_management/get_data_product_extension?data_product_id=24a79b41375242c28639ed6ba71da7bc", "description": "Instrument CP02PMUO-WF001-05-PARADK999 data product: parsed samples", "name": "Combined science variables for CP02PMUO-WF001-05-PARADK999", "ion_name": "Combined science variables for CP02PMUO-WF001-05-PARADK999", "erddap_url": "http://erddap.b.oceanobservatories.org:8080/erddap/tabledap/data24a79b41375242c28639ed6ba71da7bc.html", "processing_level_code": "Parsed", "ts_updated": "1396994747996", "type_": "DataProduct", "quality_control_level": "a", "_id": "24a79b41375242c28639ed6ba71da7bc", "availability": "AVAILABLE", "lcstate": "DEPLOYED"}, {"product_download_size_estimated": 8.21875, "ion_url": "http://sg.b.oceanobservatories.org:5000/ion-service/data_product_management/get_data_product_extension?data_product_id=8dcc6c2ad8da4aef87a2a062f8723243", "description": "Platform CP02PMUO-WF001 data product", "name": "wfp_eng__stc_imodem_status", "ion_name": "Platform CP02PMUO-WF001 stream 'wfp_eng__stc_imodem_status' data product", "erddap_url": "http://erddap.b.oceanobservatories.org:8080/erddap/tabledap/data8dcc6c2ad8da4aef87a2a062f8723243.html", "processing_level_code": "N/A", "ts_updated": "1396994487306", "type_": "DataProduct", "quality_control_level": "N/A", "_id": "8dcc6c2ad8da4aef87a2a062f8723243", "availability": "AVAILABLE", "lcstate": "DEPLOYED"}]}]}