{"ion_url": "http://sg.b.oceanobservatories.org:5000/ion-service/observatory_management/get_observatory_site_extension?site_id=dcb2d82afd504e1897a6602196ff5a69", "name": "Coastal Pioneer Central Inshore", "spatial_area_name": "Coastal Pioneer", "reference_designator": "CP02PMCI", "type_": "Observatory", "_id": "dcb2d82afd504e1897a6602196ff5a69", "children": [{"ion_url": "http://sg.b.oceanobservatories.org:5000/ion-service/observatory_management/get_platform_station_site_extension?site_id=f935f41ff2b9441d9bb7247c373c2e9b", "name": "Wire-Following Profiler Mooring", "deployments": [{"lcstate": "DEPLOYED", "name": "Deployment of platform CP02PMCI-WP001", "ts_updated": "1396994223259", "type_": "Deployment", "_id": "bdce37e84d1c4641a27f52c9ee38b0f4", "availability": "AVAILABLE", "description": ""}], "reference_designator": "CP02PMCI-WP001", "type_": "PlatformSite", "_id": "f935f41ff2b9441d9bb7247c373c2e9b", "children": [{"product_download_size_estimated": 0.0, "ion_url": "http://sg.b.oceanobservatories.org:5000/ion-service/data_product_management/get_data_product_extension?data_product_id=253d9a189e414b08ab7682a83c3d0775", "description": "Instrument CP02PMCI-WF001-04-FLORTK999 core OOI data product", "name": "CDOMFLO Colored Dissolved Organic Matter (CDOM) fluorescence", "ion_name": "Fluorometric CDOM Concentration L1 FLORT Wire-Following Profiler Mooring - Coastal Pioneer Central Inshore", "erddap_url": "http://erddap.b.oceanobservatories.org:8080/erddap/tabledap/data253d9a189e414b08ab7682a83c3d0775.html", "processing_level_code": "L1", "ts_updated": "1396995009376", "type_": "DataProduct", "quality_control_level": "a", "_id": "253d9a189e414b08ab7682a83c3d0775", "availability": "AVAILABLE", "lcstate": "DEPLOYED"}, {"product_download_size_estimated": 0.0, "ion_url": "http://sg.b.oceanobservatories.org:5000/ion-service/data_product_management/get_data_product_extension?data_product_id=de9bade9b9804253bc3a4c1f03eaf692", "description": "Instrument CP02PMCI-WF001-04-FLORTK999 core OOI data product", "name": "FLUBSCT Optical Backscatter", "ion_name": "Optical Backscatter (Red Wavelengths) L0 FLORT Wire-Following Profiler Mooring - Coastal Pioneer Central Inshore", "erddap_url": "http://erddap.b.oceanobservatories.org:8080/erddap/tabledap/datade9bade9b9804253bc3a4c1f03eaf692.html", "processing_level_code": "L0", "ts_updated": "1396995038593", "type_": "DataProduct", "quality_control_level": "N/A", "_id": "de9bade9b9804253bc3a4c1f03eaf692", "availability": "AVAILABLE", "lcstate": "DEPLOYED"}, {"product_download_size_estimated": 0.0, "ion_url": "http://sg.b.oceanobservatories.org:5000/ion-service/data_product_management/get_data_product_extension?data_product_id=396c3c9e38cf4bf782826f03e0e7ec06", "description": "Instrument CP02PMCI-WF001-04-FLORTK999 core OOI data product", "name": "CDOMFLO Colored Dissolved Organic Matter (CDOM) fluorescence", "ion_name": "Fluorometric CDOM Concentration L0 FLORT Wire-Following Profiler Mooring - Coastal Pioneer Central Inshore", "erddap_url": "http://erddap.b.oceanobservatories.org:8080/erddap/tabledap/data396c3c9e38cf4bf782826f03e0e7ec06.html", "processing_level_code": "L0", "ts_updated": "1396994999458", "type_": "DataProduct", "quality_control_level": "N/A", "_id": "396c3c9e38cf4bf782826f03e0e7ec06", "availability": "AVAILABLE", "lcstate": "DEPLOYED"}, {"product_download_size_estimated": 0.0, "ion_url": "http://sg.b.oceanobservatories.org:5000/ion-service/data_product_management/get_data_product_extension?data_product_id=dbe7c5f368a5474381c38ff44be70cc2", "description": "Instrument CP02PMCI-WF001-04-FLORTK999 data product: parsed samples", "name": "Combined science variables for CP02PMCI-WF001-04-FLORTK999", "ion_name": "Combined science variables for CP02PMCI-WF001-04-FLORTK999", "erddap_url": "http://erddap.b.oceanobservatories.org:8080/erddap/tabledap/datadbe7c5f368a5474381c38ff44be70cc2.html", "processing_level_code": "Parsed", "ts_updated": "1396994989780", "type_": "DataProduct", "quality_control_level": "a", "_id": "dbe7c5f368a5474381c38ff44be70cc2", "availability": "AVAILABLE", "lcstate": "DEPLOYED"}, {"product_download_size_estimated": 0.0, "ion_url": "http://sg.b.oceanobservatories.org:5000/ion-service/data_product_management/get_data_product_extension?data_product_id=43c53f53d8eb42159571e4211570f042", "description": "Instrument CP02PMCI-WF001-04-FLORTK999 core OOI data product", "name": "CHLAFLO Chlorophyll-a fluorescence", "ion_name": "Fluorometric Chlorophyll-a Concentration L0 FLORT Wire-Following Profiler Mooring - Coastal Pioneer Central Inshore", "erddap_url": "http://erddap.b.oceanobservatories.org:8080/erddap/tabledap/data43c53f53d8eb42159571e4211570f042.html", "processing_level_code": "L0", "ts_updated": "1396995019237", "type_": "DataProduct", "quality_control_level": "N/A", "_id": "43c53f53d8eb42159571e4211570f042", "availability": "AVAILABLE", "lcstate": "DEPLOYED"}, {"product_download_size_estimated": 0.0, "ion_url": "http://sg.b.oceanobservatories.org:5000/ion-service/data_product_management/get_data_product_extension?data_product_id=7ab942d11f0f43b88e09527da72a3038", "description": "Instrument CP02PMCI-WF001-04-FLORTK999 core OOI data product", "name": "CHLAFLO Chlorophyll-a fluorescence", "ion_name": "Fluorometric Chlorophyll-a Concentration L1 FLORT Wire-Following Profiler Mooring - Coastal Pioneer Central Inshore", "erddap_url": "http://erddap.b.oceanobservatories.org:8080/erddap/tabledap/data7ab942d11f0f43b88e09527da72a3038.html", "processing_level_code": "L1", "ts_updated": "1396995029097", "type_": "DataProduct", "quality_control_level": "a", "_id": "7ab942d11f0f43b88e09527da72a3038", "availability": "AVAILABLE", "lcstate": "DEPLOYED"}, {"product_download_size_estimated": 0.0, "ion_url": "http://sg.b.oceanobservatories.org:5000/ion-service/data_product_management/get_data_product_extension?data_product_id=92a56f8e1954487182bd1743c292bacd", "description": "Platform CP02PMCI-WF001 data product", "name": "wfp_eng__stc_imodem_start_time", "ion_name": "Platform CP02PMCI-WF001 stream 'wfp_eng__stc_imodem_start_time' data product", "erddap_url": "http://erddap.b.oceanobservatories.org:8080/erddap/tabledap/data92a56f8e1954487182bd1743c292bacd.html", "processing_level_code": "N/A", "ts_updated": "1396994416662", "type_": "DataProduct", "quality_control_level": "N/A", "_id": "92a56f8e1954487182bd1743c292bacd", "availability": "AVAILABLE", "lcstate": "DEPLOYED"}, {"product_download_size_estimated": 0.0, "ion_url": "http://sg.b.oceanobservatories.org:5000/ion-service/data_product_management/get_data_product_extension?data_product_id=8eb9cec46069484cbbccd66258125e9a", "description": "Instrument CP02PMCI-WF001-05-PARADK999 data product: parsed samples", "name": "Combined science variables for CP02PMCI-WF001-05-PARADK999", "ion_name": "Combined science variables for CP02PMCI-WF001-05-PARADK999", "erddap_url": "http://erddap.b.oceanobservatories.org:8080/erddap/tabledap/data8eb9cec46069484cbbccd66258125e9a.html", "processing_level_code": "Parsed", "ts_updated": "1396994725053", "type_": "DataProduct", "quality_control_level": "a", "_id": "8eb9cec46069484cbbccd66258125e9a", "availability": "AVAILABLE", "lcstate": "DEPLOYED"}, {"product_download_size_estimated": 0.0, "ion_url": "http://sg.b.oceanobservatories.org:5000/ion-service/data_product_management/get_data_product_extension?data_product_id=9d532ff164514720b0522a0a6ed04ac9", "description": "Instrument CP02PMCI-WF001-04-FLORTK999 core OOI data product", "name": "FLUBSCT Optical Backscatter", "ion_name": "Optical Backscatter (Red Wavelengths) L1 FLORT Wire-Following Profiler Mooring - Coastal Pioneer Central Inshore", "erddap_url": "http://erddap.b.oceanobservatories.org:8080/erddap/tabledap/data9d532ff164514720b0522a0a6ed04ac9.html", "processing_level_code": "L1", "ts_updated": "1396995049333", "type_": "DataProduct", "quality_control_level": "a", "_id": "9d532ff164514720b0522a0a6ed04ac9", "availability": "AVAILABLE", "lcstate": "DEPLOYED"}, {"product_download_size_estimated": 0.0, "ion_url": "http://sg.b.oceanobservatories.org:5000/ion-service/data_product_management/get_data_product_extension?data_product_id=6e910fd8f48e4ce7b029c7198f251a9d", "description": "Instrument CP02PMCI-WF001-05-PARADK999 core OOI data product", "name": "OPTPARW Photosynthically Available Radiation (PAR)", "ion_name": "Photosynthetically Active Radiation (400-700 nm) L1 PARAD Wire-Following Profiler Mooring - Coastal Pioneer Central Inshore", "erddap_url": "http://erddap.b.oceanobservatories.org:8080/erddap/tabledap/data6e910fd8f48e4ce7b029c7198f251a9d.html", "processing_level_code": "L1", "ts_updated": "1396994734640", "type_": "DataProduct", "quality_control_level": "a", "_id": "6e910fd8f48e4ce7b029c7198f251a9d", "availability": "AVAILABLE", "lcstate": "DEPLOYED"}, {"product_download_size_estimated": 0.0, "ion_url": "http://sg.b.oceanobservatories.org:5000/ion-service/data_product_management/get_data_product_extension?data_product_id=77a78a0813a749f4a0f9c99abbae8b5c", "description": "Platform CP02PMCI-WF001 data product", "name": "wfp_eng__stc_imodem_status", "ion_name": "Platform CP02PMCI-WF001 stream 'wfp_eng__stc_imodem_status' data product", "erddap_url": "http://erddap.b.oceanobservatories.org:8080/erddap/tabledap/data77a78a0813a749f4a0f9c99abbae8b5c.html", "processing_level_code": "N/A", "ts_updated": "1396994396386", "type_": "DataProduct", "quality_control_level": "N/A", "_id": "77a78a0813a749f4a0f9c99abbae8b5c", "availability": "AVAILABLE", "lcstate": "DEPLOYED"}, {"product_download_size_estimated": 0.0, "ion_url": "http://sg.b.oceanobservatories.org:5000/ion-service/data_product_management/get_data_product_extension?data_product_id=ce4692834e7a478591ad2b836ab1d611", "description": "Platform CP02PMCI-WF001 data product", "name": "wfp_eng__stc_imodem_engineering", "ion_name": "Platform CP02PMCI-WF001 stream 'wfp_eng__stc_imodem_engineering' data product", "erddap_url": "http://erddap.b.oceanobservatories.org:8080/erddap/tabledap/datace4692834e7a478591ad2b836ab1d611.html", "processing_level_code": "N/A", "ts_updated": "1396994406788", "type_": "DataProduct", "quality_control_level": "N/A", "_id": "ce4692834e7a478591ad2b836ab1d611", "availability": "AVAILABLE", "lcstate": "DEPLOYED"}]}]}