{"ion_url": "http://sg.b.oceanobservatories.org:5000/ion-service/observatory_management/get_observatory_site_extension?site_id=6dd1e578a5af4117bfa4429d646a96ab", "name": "Coastal Pioneer Offshore", "spatial_area_name": "Coastal Pioneer", "reference_designator": "CP04OSPM", "type_": "Observatory", "_id": "6dd1e578a5af4117bfa4429d646a96ab", "children": [{"ion_url": "http://sg.b.oceanobservatories.org:5000/ion-service/observatory_management/get_platform_station_site_extension?site_id=ae7402d8d80b4b0496d893b57900aa9d", "name": "Wire-Following Profiler Mooring", "deployments": [{"lcstate": "DEPLOYED", "name": "Deployment of platform CP04OSPM-WP001", "ts_updated": "1396994222527", "type_": "Deployment", "_id": "0bd9bdcce9354f8b9e8aeb27fddacc09", "availability": "AVAILABLE", "description": ""}], "reference_designator": "CP04OSPM-WP001", "type_": "PlatformSite", "_id": "ae7402d8d80b4b0496d893b57900aa9d", "children": [{"product_download_size_estimated": 0.0, "ion_url": "http://sg.b.oceanobservatories.org:5000/ion-service/data_product_management/get_data_product_extension?data_product_id=4b5a8b938a17435686f078aacaa50b58", "description": "Platform CP04OSPM-WF001 data product", "name": "wfp_eng__stc_imodem_engineering", "ion_name": "Platform CP04OSPM-WF001 stream 'wfp_eng__stc_imodem_engineering' data product", "erddap_url": "http://erddap.b.oceanobservatories.org:8080/erddap/tabledap/data4b5a8b938a17435686f078aacaa50b58.html", "processing_level_code": "N/A", "ts_updated": "1396994376030", "type_": "DataProduct", "quality_control_level": "N/A", "_id": "4b5a8b938a17435686f078aacaa50b58", "availability": "AVAILABLE", "lcstate": "DEPLOYED"}, {"product_download_size_estimated": 0.0, "ion_url": "http://sg.b.oceanobservatories.org:5000/ion-service/data_product_management/get_data_product_extension?data_product_id=b76b9f7b5a694d92a7eae881c8547f1b", "description": "Instrument CP04OSPM-WF001-04-FLORTK999 data product: parsed samples", "name": "Combined science variables for CP04OSPM-WF001-04-FLORTK999", "ion_name": "Combined science variables for CP04OSPM-WF001-04-FLORTK999", "erddap_url": "http://erddap.b.oceanobservatories.org:8080/erddap/tabledap/datab76b9f7b5a694d92a7eae881c8547f1b.html", "processing_level_code": "Parsed", "ts_updated": "1396994845510", "type_": "DataProduct", "quality_control_level": "a", "_id": "b76b9f7b5a694d92a7eae881c8547f1b", "availability": "AVAILABLE", "lcstate": "DEPLOYED"}, {"product_download_size_estimated": 0.0, "ion_url": "http://sg.b.oceanobservatories.org:5000/ion-service/data_product_management/get_data_product_extension?data_product_id=d01273157994466fb3344810fccad70f", "description": "Instrument CP04OSPM-WF001-04-FLORTK999 core OOI data product", "name": "FLUBSCT Optical Backscatter", "ion_name": "Optical Backscatter (Red Wavelengths) L0 FLORT Wire-Following Profiler Mooring - Coastal Pioneer Offshore", "erddap_url": "http://erddap.b.oceanobservatories.org:8080/erddap/tabledap/datad01273157994466fb3344810fccad70f.html", "processing_level_code": "L0", "ts_updated": "1396994893816", "type_": "DataProduct", "quality_control_level": "N/A", "_id": "d01273157994466fb3344810fccad70f", "availability": "AVAILABLE", "lcstate": "DEPLOYED"}, {"product_download_size_estimated": 0.0, "ion_url": "http://sg.b.oceanobservatories.org:5000/ion-service/data_product_management/get_data_product_extension?data_product_id=f4ef0f21fe90453b9c9412dafa268c17", "description": "Platform CP04OSPM-WF001 data product", "name": "wfp_eng__stc_imodem_status", "ion_name": "Platform CP04OSPM-WF001 stream 'wfp_eng__stc_imodem_status' data product", "erddap_url": "http://erddap.b.oceanobservatories.org:8080/erddap/tabledap/dataf4ef0f21fe90453b9c9412dafa268c17.html", "processing_level_code": "N/A", "ts_updated": "1396994365644", "type_": "DataProduct", "quality_control_level": "N/A", "_id": "f4ef0f21fe90453b9c9412dafa268c17", "availability": "AVAILABLE", "lcstate": "DEPLOYED"}, {"product_download_size_estimated": 0.0, "ion_url": "http://sg.b.oceanobservatories.org:5000/ion-service/data_product_management/get_data_product_extension?data_product_id=d6521ad08048414f94e165d77fc1eb4e", "description": "Instrument CP04OSPM-WF001-04-FLORTK999 core OOI data product", "name": "CHLAFLO Chlorophyll-a fluorescence", "ion_name": "Fluorometric Chlorophyll-a Concentration L1 FLORT Wire-Following Profiler Mooring - Coastal Pioneer Offshore", "erddap_url": "http://erddap.b.oceanobservatories.org:8080/erddap/tabledap/datad6521ad08048414f94e165d77fc1eb4e.html", "processing_level_code": "L1", "ts_updated": "1396994884849", "type_": "DataProduct", "quality_control_level": "a", "_id": "d6521ad08048414f94e165d77fc1eb4e", "availability": "AVAILABLE", "lcstate": "DEPLOYED"}, {"product_download_size_estimated": 0.0, "ion_url": "http://sg.b.oceanobservatories.org:5000/ion-service/data_product_management/get_data_product_extension?data_product_id=7600b03082ab4f688f2caa954c9ceca7", "description": "Platform CP04OSPM-WF001 data product", "name": "wfp_eng__stc_imodem_start_time", "ion_name": "Platform CP04OSPM-WF001 stream 'wfp_eng__stc_imodem_start_time' data product", "erddap_url": "http://erddap.b.oceanobservatories.org:8080/erddap/tabledap/data7600b03082ab4f688f2caa954c9ceca7.html", "processing_level_code": "N/A", "ts_updated": "1396994386032", "type_": "DataProduct", "quality_control_level": "N/A", "_id": "7600b03082ab4f688f2caa954c9ceca7", "availability": "AVAILABLE", "lcstate": "DEPLOYED"}, {"product_download_size_estimated": 0.0, "ion_url": "http://sg.b.oceanobservatories.org:5000/ion-service/data_product_management/get_data_product_extension?data_product_id=9703753a4f17484781d82786fa813d71", "description": "Instrument CP04OSPM-WF001-04-FLORTK999 core OOI data product", "name": "CDOMFLO Colored Dissolved Organic Matter (CDOM) fluorescence", "ion_name": "Fluorometric CDOM Concentration L0 FLORT Wire-Following Profiler Mooring - Coastal Pioneer Offshore", "erddap_url": "http://erddap.b.oceanobservatories.org:8080/erddap/tabledap/data9703753a4f17484781d82786fa813d71.html", "processing_level_code": "L0", "ts_updated": "1396994855532", "type_": "DataProduct", "quality_control_level": "N/A", "_id": "9703753a4f17484781d82786fa813d71", "availability": "AVAILABLE", "lcstate": "DEPLOYED"}, {"product_download_size_estimated": 0.0, "ion_url": "http://sg.b.oceanobservatories.org:5000/ion-service/data_product_management/get_data_product_extension?data_product_id=bb6325e1ec2c45e0a8d3184a80c46532", "description": "Instrument CP04OSPM-WF001-04-FLORTK999 core OOI data product", "name": "FLUBSCT Optical Backscatter", "ion_name": "Optical Backscatter (Red Wavelengths) L1 FLORT Wire-Following Profiler Mooring - Coastal Pioneer Offshore", "erddap_url": "http://erddap.b.oceanobservatories.org:8080/erddap/tabledap/databb6325e1ec2c45e0a8d3184a80c46532.html", "processing_level_code": "L1", "ts_updated": "1396994903529", "type_": "DataProduct", "quality_control_level": "a", "_id": "bb6325e1ec2c45e0a8d3184a80c46532", "availability": "AVAILABLE", "lcstate": "DEPLOYED"}, {"product_download_size_estimated": 0.0, "ion_url": "http://sg.b.oceanobservatories.org:5000/ion-service/data_product_management/get_data_product_extension?data_product_id=f33d32831d9f47dfba1e3d3aa0416e77", "description": "Instrument CP04OSPM-WF001-04-FLORTK999 core OOI data product", "name": "CHLAFLO Chlorophyll-a fluorescence", "ion_name": "Fluorometric Chlorophyll-a Concentration L0 FLORT Wire-Following Profiler Mooring - Coastal Pioneer Offshore", "erddap_url": "http://erddap.b.oceanobservatories.org:8080/erddap/tabledap/dataf33d32831d9f47dfba1e3d3aa0416e77.html", "processing_level_code": "L0", "ts_updated": "1396994874817", "type_": "DataProduct", "quality_control_level": "N/A", "_id": "f33d32831d9f47dfba1e3d3aa0416e77", "availability": "AVAILABLE", "lcstate": "DEPLOYED"}, {"product_download_size_estimated": 0.0, "ion_url": "http://sg.b.oceanobservatories.org:5000/ion-service/data_product_management/get_data_product_extension?data_product_id=9d105f8224134a699affcb39768f1464", "description": "Instrument CP04OSPM-WF001-05-PARADK999 data product: parsed samples", "name": "Combined science variables for CP04OSPM-WF001-05-PARADK999", "ion_name": "Combined science variables for CP04OSPM-WF001-05-PARADK999", "erddap_url": "http://erddap.b.oceanobservatories.org:8080/erddap/tabledap/data9d105f8224134a699affcb39768f1464.html", "processing_level_code": "Parsed", "ts_updated": "1396994612685", "type_": "DataProduct", "quality_control_level": "a", "_id": "9d105f8224134a699affcb39768f1464", "availability": "AVAILABLE", "lcstate": "DEPLOYED"}, {"product_download_size_estimated": 0.0, "ion_url": "http://sg.b.oceanobservatories.org:5000/ion-service/data_product_management/get_data_product_extension?data_product_id=68b268539c91443cb383fff400ec1f2e", "description": "Instrument CP04OSPM-WF001-04-FLORTK999 core OOI data product", "name": "CDOMFLO Colored Dissolved Organic Matter (CDOM) fluorescence", "ion_name": "Fluorometric CDOM Concentration L1 FLORT Wire-Following Profiler Mooring - Coastal Pioneer Offshore", "erddap_url": "http://erddap.b.oceanobservatories.org:8080/erddap/tabledap/data68b268539c91443cb383fff400ec1f2e.html", "processing_level_code": "L1", "ts_updated": "1396994864910", "type_": "DataProduct", "quality_control_level": "a", "_id": "68b268539c91443cb383fff400ec1f2e", "availability": "AVAILABLE", "lcstate": "DEPLOYED"}, {"product_download_size_estimated": 0.0, "ion_url": "http://sg.b.oceanobservatories.org:5000/ion-service/data_product_management/get_data_product_extension?data_product_id=09a1e9274fde4e18a06d18d4fef88926", "description": "Instrument CP04OSPM-WF001-05-PARADK999 core OOI data product", "name": "OPTPARW Photosynthically Available Radiation (PAR)", "ion_name": "Photosynthetically Active Radiation (400-700 nm) L1 PARAD Wire-Following Profiler Mooring - Coastal Pioneer Offshore", "erddap_url": "http://erddap.b.oceanobservatories.org:8080/erddap/tabledap/data09a1e9274fde4e18a06d18d4fef88926.html", "processing_level_code": "L1", "ts_updated": "1396994622173", "type_": "DataProduct", "quality_control_level": "a", "_id": "09a1e9274fde4e18a06d18d4fef88926", "availability": "AVAILABLE", "lcstate": "DEPLOYED"}]}]}