{"ion_url": "http://sg.b.oceanobservatories.org:5000/ion-service/observatory_management/get_observatory_site_extension?site_id=ec768722d59344c7bbeaee425a09c7b8", "name": "Coastal Pioneer Mobile Assets", "spatial_area_name": "Coastal Pioneer", "reference_designator": "CP05MOAS", "type_": "Observatory", "_id": "ec768722d59344c7bbeaee425a09c7b8", "children": [{"ion_url": "http://sg.b.oceanobservatories.org:5000/ion-service/observatory_management/get_platform_station_site_extension?site_id=f59bdae115cd4c2f98095c8e4660efb9", "name": "Glider 005", "deployments": [{"lcstate": "DEPLOYED", "name": "Deployment of platform CP05MOAS-GL005", "ts_updated": "1391557269345", "type_": "Deployment", "_id": "899696e95875467780607a98b19d91c5", "availability": "AVAILABLE", "description": ""}], "reference_designator": "CP05MOAS-GL005", "type_": "PlatformSite", "_id": "f59bdae115cd4c2f98095c8e4660efb9", "children": [{"product_download_size_estimated": 0.0, "ion_url": "http://sg.b.oceanobservatories.org:5000/ion-service/data_product_management/get_data_product_extension?data_product_id=6f70c97bb1f9482fb0e42838f26bae02", "description": "Instrument CP05MOAS-GL005-03-CTDGVM999 core OOI data product", "name": "PRACSAL Salinity", "ion_name": "Practical Salinity L2 CTDGV Glider 005 - Coastal Pioneer Mobile Assets", "erddap_url": "http://erddap.b.oceanobservatories.org:8080/erddap/tabledap/data6f70c97bb1f9482fb0e42838f26bae02.html", "processing_level_code": "L2", "ts_updated": "1391559187088", "type_": "DataProduct", "quality_control_level": "b", "_id": "6f70c97bb1f9482fb0e42838f26bae02", "availability": "AVAILABLE", "lcstate": "DEPLOYED"}, {"product_download_size_estimated": 0.0, "ion_url": "http://sg.b.oceanobservatories.org:5000/ion-service/data_product_management/get_data_product_extension?data_product_id=f9016553efa140febccbf2c3bb62803b", "description": "Instrument CP05MOAS-GL005-03-CTDGVM999 core OOI data product", "name": "TEMPWAT Water Temperature", "ion_name": "Temperature L1 CTDGV Glider 005 - Coastal Pioneer Mobile Assets", "erddap_url": "http://erddap.b.oceanobservatories.org:8080/erddap/tabledap/dataf9016553efa140febccbf2c3bb62803b.html", "processing_level_code": "L1", "ts_updated": "1391559201932", "type_": "DataProduct", "quality_control_level": "a", "_id": "f9016553efa140febccbf2c3bb62803b", "availability": "AVAILABLE", "lcstate": "DEPLOYED"}, {"product_download_size_estimated": 0.0, "ion_url": "http://sg.b.oceanobservatories.org:5000/ion-service/data_product_management/get_data_product_extension?data_product_id=fb46c7ea5d924a939faaf978253027da", "description": "Instrument CP05MOAS-GL005-03-CTDGVM999 data product: parsed samples", "name": "ggldr_ctdgv_delayed", "ion_name": "Instrument CP05MOAS-GL005-03-CTDGVM999 stream 'ggldr_ctdgv_delayed' data product", "erddap_url": "http://erddap.b.oceanobservatories.org:8080/erddap/tabledap/datafb46c7ea5d924a939faaf978253027da.html", "processing_level_code": "Parsed", "ts_updated": "1391559172262", "type_": "DataProduct", "quality_control_level": "a", "_id": "fb46c7ea5d924a939faaf978253027da", "availability": "AVAILABLE", "lcstate": "DEPLOYED"}, {"product_download_size_estimated": 0.0, "ion_url": "http://sg.b.oceanobservatories.org:5000/ion-service/data_product_management/get_data_product_extension?data_product_id=d7d73347ed744a2d9b491371dcf97a43", "description": "Instrument CP05MOAS-GL005-04-DOSTAM999 core OOI data product", "name": "DOCONCS Dissolved Oxygen", "ion_name": "Oxygen Concentration from Stable DO Instrument L1 DOSTA Glider 005 - Coastal Pioneer Mobile Assets", "erddap_url": "http://erddap.b.oceanobservatories.org:8080/erddap/tabledap/datad7d73347ed744a2d9b491371dcf97a43.html", "processing_level_code": "L1", "ts_updated": "1391557934188", "type_": "DataProduct", "quality_control_level": "a", "_id": "d7d73347ed744a2d9b491371dcf97a43", "availability": "AVAILABLE", "lcstate": "DEPLOYED"}, {"product_download_size_estimated": 0.0, "ion_url": "http://sg.b.oceanobservatories.org:5000/ion-service/data_product_management/get_data_product_extension?data_product_id=9e1c2c1aab5840dfa71f0c132e699c87", "description": "Instrument CP05MOAS-GL005-03-CTDGVM999 core OOI data product", "name": "CONDWAT Conductivity", "ion_name": "Conductivity L1 CTDGV Glider 005 - Coastal Pioneer Mobile Assets", "erddap_url": "http://erddap.b.oceanobservatories.org:8080/erddap/tabledap/data9e1c2c1aab5840dfa71f0c132e699c87.html", "processing_level_code": "L1", "ts_updated": "1391559179443", "type_": "DataProduct", "quality_control_level": "a", "_id": "9e1c2c1aab5840dfa71f0c132e699c87", "availability": "AVAILABLE", "lcstate": "DEPLOYED"}, {"product_download_size_estimated": 0.0, "ion_url": "http://sg.b.oceanobservatories.org:5000/ion-service/data_product_management/get_data_product_extension?data_product_id=28cfe7b141484a78986a71db803120b8", "description": "Platform CP05MOAS-GL005 data product", "name": "ggldr_eng_delayed", "ion_name": "Platform CP05MOAS-GL005 stream 'ggldr_eng_delayed' data product", "erddap_url": "http://erddap.b.oceanobservatories.org:8080/erddap/tabledap/data28cfe7b141484a78986a71db803120b8.html", "processing_level_code": "N/A", "ts_updated": "1391557603892", "type_": "DataProduct", "quality_control_level": "N/A", "_id": "28cfe7b141484a78986a71db803120b8", "availability": "AVAILABLE", "lcstate": "DEPLOYED"}, {"product_download_size_estimated": 0.0, "ion_url": "http://sg.b.oceanobservatories.org:5000/ion-service/data_product_management/get_data_product_extension?data_product_id=cd481be4044f4e9cafdd549c82a75217", "description": "Instrument CP05MOAS-GL005-04-DOSTAM999 data product: parsed samples", "name": "ggldr_dosta_delayed", "ion_name": "Instrument CP05MOAS-GL005-04-DOSTAM999 stream 'ggldr_dosta_delayed' data product", "erddap_url": "http://erddap.b.oceanobservatories.org:8080/erddap/tabledap/datacd481be4044f4e9cafdd549c82a75217.html", "processing_level_code": "Parsed", "ts_updated": "1391557930067", "type_": "DataProduct", "quality_control_level": "a", "_id": "cd481be4044f4e9cafdd549c82a75217", "availability": "AVAILABLE", "lcstate": "DEPLOYED"}, {"product_download_size_estimated": 0.0, "ion_url": "http://sg.b.oceanobservatories.org:5000/ion-service/data_product_management/get_data_product_extension?data_product_id=ed4f20daddd2476f9444ae481c110741", "description": "Instrument CP05MOAS-GL005-03-CTDGVM999 core OOI data product", "name": "PRESWAT Pressure (Depth)", "ion_name": "Pressure (Depth) L1 CTDGV Glider 005 - Coastal Pioneer Mobile Assets", "erddap_url": "http://erddap.b.oceanobservatories.org:8080/erddap/tabledap/dataed4f20daddd2476f9444ae481c110741.html", "processing_level_code": "L1", "ts_updated": "1391559194498", "type_": "DataProduct", "quality_control_level": "a", "_id": "ed4f20daddd2476f9444ae481c110741", "availability": "AVAILABLE", "lcstate": "DEPLOYED"}]}, {"ion_url": "http://sg.b.oceanobservatories.org:5000/ion-service/observatory_management/get_platform_station_site_extension?site_id=440ba7539d524f6abb3d4eb8cc1bebea", "name": "Glider 006", "deployments": [{"lcstate": "DEPLOYED", "name": "Deployment of platform CP05MOAS-GL006", "ts_updated": "1391557265408", "type_": "Deployment", "_id": "720c0ed55a0f49a3a62cdfa1d2bb8cd4", "availability": "AVAILABLE", "description": ""}], "reference_designator": "CP05MOAS-GL006", "type_": "PlatformSite", "_id": "440ba7539d524f6abb3d4eb8cc1bebea", "children": [{"product_download_size_estimated": 0.0, "ion_url": "http://sg.b.oceanobservatories.org:5000/ion-service/data_product_management/get_data_product_extension?data_product_id=3aa046eef7cd4cd694454e79b1b10098", "description": "Platform CP05MOAS-GL006 data product", "name": "ggldr_eng_delayed", "ion_name": "Platform CP05MOAS-GL006 stream 'ggldr_eng_delayed' data product", "erddap_url": "http://erddap.b.oceanobservatories.org:8080/erddap/tabledap/data3aa046eef7cd4cd694454e79b1b10098.html", "processing_level_code": "N/A", "ts_updated": "1391557594167", "type_": "DataProduct", "quality_control_level": "N/A", "_id": "3aa046eef7cd4cd694454e79b1b10098", "availability": "AVAILABLE", "lcstate": "DEPLOYED"}, {"product_download_size_estimated": 0.0, "ion_url": "http://sg.b.oceanobservatories.org:5000/ion-service/data_product_management/get_data_product_extension?data_product_id=55497d936b064509bc9c845c8b0d9d46", "description": "Instrument CP05MOAS-GL006-03-CTDGVM999 core OOI data product", "name": "TEMPWAT Water Temperature", "ion_name": "Temperature L1 CTDGV Glider 006 - Coastal Pioneer Mobile Assets", "erddap_url": "http://erddap.b.oceanobservatories.org:8080/erddap/tabledap/data55497d936b064509bc9c845c8b0d9d46.html", "processing_level_code": "L1", "ts_updated": "1391559028534", "type_": "DataProduct", "quality_control_level": "a", "_id": "55497d936b064509bc9c845c8b0d9d46", "availability": "AVAILABLE", "lcstate": "DEPLOYED"}, {"product_download_size_estimated": 0.0, "ion_url": "http://sg.b.oceanobservatories.org:5000/ion-service/data_product_management/get_data_product_extension?data_product_id=12abe1c2dc0549e58b40b0cc3ca508ff", "description": "Instrument CP05MOAS-GL006-03-CTDGVM999 core OOI data product", "name": "PRESWAT Pressure (Depth)", "ion_name": "Pressure (Depth) L1 CTDGV Glider 006 - Coastal Pioneer Mobile Assets", "erddap_url": "http://erddap.b.oceanobservatories.org:8080/erddap/tabledap/data12abe1c2dc0549e58b40b0cc3ca508ff.html", "processing_level_code": "L1", "ts_updated": "1391559021428", "type_": "DataProduct", "quality_control_level": "a", "_id": "12abe1c2dc0549e58b40b0cc3ca508ff", "availability": "AVAILABLE", "lcstate": "DEPLOYED"}, {"product_download_size_estimated": 0.0, "ion_url": "http://sg.b.oceanobservatories.org:5000/ion-service/data_product_management/get_data_product_extension?data_product_id=66739e4f9ef946e589f5a66edec01bac", "description": "Instrument CP05MOAS-GL006-03-CTDGVM999 core OOI data product", "name": "PRACSAL Salinity", "ion_name": "Practical Salinity L2 CTDGV Glider 006 - Coastal Pioneer Mobile Assets", "erddap_url": "http://erddap.b.oceanobservatories.org:8080/erddap/tabledap/data66739e4f9ef946e589f5a66edec01bac.html", "processing_level_code": "L2", "ts_updated": "1391559014695", "type_": "DataProduct", "quality_control_level": "b", "_id": "66739e4f9ef946e589f5a66edec01bac", "availability": "AVAILABLE", "lcstate": "DEPLOYED"}, {"product_download_size_estimated": 0.0, "ion_url": "http://sg.b.oceanobservatories.org:5000/ion-service/data_product_management/get_data_product_extension?data_product_id=35e6e4fca5804b1ba74f00522aaba2e6", "description": "Instrument CP05MOAS-GL006-04-DOSTAM999 core OOI data product", "name": "DOCONCS Dissolved Oxygen", "ion_name": "Oxygen Concentration from Stable DO Instrument L1 DOSTA Glider 006 - Coastal Pioneer Mobile Assets", "erddap_url": "http://erddap.b.oceanobservatories.org:8080/erddap/tabledap/data35e6e4fca5804b1ba74f00522aaba2e6.html", "processing_level_code": "L1", "ts_updated": "1391557877678", "type_": "DataProduct", "quality_control_level": "a", "_id": "35e6e4fca5804b1ba74f00522aaba2e6", "availability": "AVAILABLE", "lcstate": "DEPLOYED"}, {"product_download_size_estimated": 0.0, "ion_url": "http://sg.b.oceanobservatories.org:5000/ion-service/data_product_management/get_data_product_extension?data_product_id=112cd67a3d4d47c395b36227be8f7396", "description": "Instrument CP05MOAS-GL006-03-CTDGVM999 data product: parsed samples", "name": "ggldr_ctdgv_delayed", "ion_name": "Instrument CP05MOAS-GL006-03-CTDGVM999 stream 'ggldr_ctdgv_delayed' data product", "erddap_url": "http://erddap.b.oceanobservatories.org:8080/erddap/tabledap/data112cd67a3d4d47c395b36227be8f7396.html", "processing_level_code": "Parsed", "ts_updated": "1391559000907", "type_": "DataProduct", "quality_control_level": "a", "_id": "112cd67a3d4d47c395b36227be8f7396", "availability": "AVAILABLE", "lcstate": "DEPLOYED"}, {"product_download_size_estimated": 0.0, "ion_url": "http://sg.b.oceanobservatories.org:5000/ion-service/data_product_management/get_data_product_extension?data_product_id=70ce23f746ec4554b7b0e0e1762015a9", "description": "Instrument CP05MOAS-GL006-03-CTDGVM999 core OOI data product", "name": "CONDWAT Conductivity", "ion_name": "Conductivity L1 CTDGV Glider 006 - Coastal Pioneer Mobile Assets", "erddap_url": "http://erddap.b.oceanobservatories.org:8080/erddap/tabledap/data70ce23f746ec4554b7b0e0e1762015a9.html", "processing_level_code": "L1", "ts_updated": "1391559008250", "type_": "DataProduct", "quality_control_level": "a", "_id": "70ce23f746ec4554b7b0e0e1762015a9", "availability": "AVAILABLE", "lcstate": "DEPLOYED"}, {"product_download_size_estimated": 0.0, "ion_url": "http://sg.b.oceanobservatories.org:5000/ion-service/data_product_management/get_data_product_extension?data_product_id=0589a652be7649c1a2231949a7970eb9", "description": "Instrument CP05MOAS-GL006-04-DOSTAM999 data product: parsed samples", "name": "ggldr_dosta_delayed", "ion_name": "Instrument CP05MOAS-GL006-04-DOSTAM999 stream 'ggldr_dosta_delayed' data product", "erddap_url": "http://erddap.b.oceanobservatories.org:8080/erddap/tabledap/data0589a652be7649c1a2231949a7970eb9.html", "processing_level_code": "Parsed", "ts_updated": "1391557873684", "type_": "DataProduct", "quality_control_level": "a", "_id": "0589a652be7649c1a2231949a7970eb9", "availability": "AVAILABLE", "lcstate": "DEPLOYED"}]}, {"ion_url": "http://sg.b.oceanobservatories.org:5000/ion-service/observatory_management/get_platform_station_site_extension?site_id=450e699deaa740e09324e1dcbcb3f952", "name": "Glider 004", "deployments": [{"lcstate": "DEPLOYED", "name": "Deployment of platform CP05MOAS-GL004", "ts_updated": "1391557267382", "type_": "Deployment", "_id": "4367fa1d47cf483fa4593c56655cb9cc", "availability": "AVAILABLE", "description": ""}], "reference_designator": "CP05MOAS-GL004", "type_": "PlatformSite", "_id": "450e699deaa740e09324e1dcbcb3f952", "children": [{"product_download_size_estimated": 0.0, "ion_url": "http://sg.b.oceanobservatories.org:5000/ion-service/data_product_management/get_data_product_extension?data_product_id=77329c85f2ad4b688a255e4ff235cb0c", "description": "Platform CP05MOAS-GL004 data product", "name": "ggldr_eng_delayed", "ion_name": "Platform CP05MOAS-GL004 stream 'ggldr_eng_delayed' data product", "erddap_url": "http://erddap.b.oceanobservatories.org:8080/erddap/tabledap/data77329c85f2ad4b688a255e4ff235cb0c.html", "processing_level_code": "N/A", "ts_updated": "1391557599120", "type_": "DataProduct", "quality_control_level": "N/A", "_id": "77329c85f2ad4b688a255e4ff235cb0c", "availability": "AVAILABLE", "lcstate": "DEPLOYED"}, {"product_download_size_estimated": 0.0, "ion_url": "http://sg.b.oceanobservatories.org:5000/ion-service/data_product_management/get_data_product_extension?data_product_id=c59fcff2d5004dceb5e30f9cc7ad50eb", "description": "Instrument CP05MOAS-GL004-03-CTDGVM999 core OOI data product", "name": "CONDWAT Conductivity", "ion_name": "Conductivity L1 CTDGV Glider 004 - Coastal Pioneer Mobile Assets", "erddap_url": "http://erddap.b.oceanobservatories.org:8080/erddap/tabledap/datac59fcff2d5004dceb5e30f9cc7ad50eb.html", "processing_level_code": "L1", "ts_updated": "1391560039293", "type_": "DataProduct", "quality_control_level": "a", "_id": "c59fcff2d5004dceb5e30f9cc7ad50eb", "availability": "AVAILABLE", "lcstate": "DEPLOYED"}, {"product_download_size_estimated": 0.0, "ion_url": "http://sg.b.oceanobservatories.org:5000/ion-service/data_product_management/get_data_product_extension?data_product_id=502698b8f9d941c69e44c61cb0c2a699", "description": "Instrument CP05MOAS-GL004-03-CTDGVM999 core OOI data product", "name": "PRESWAT Pressure (Depth)", "ion_name": "Pressure (Depth) L1 CTDGV Glider 004 - Coastal Pioneer Mobile Assets", "erddap_url": "http://erddap.b.oceanobservatories.org:8080/erddap/tabledap/data502698b8f9d941c69e44c61cb0c2a699.html", "processing_level_code": "L1", "ts_updated": "1391560056883", "type_": "DataProduct", "quality_control_level": "a", "_id": "502698b8f9d941c69e44c61cb0c2a699", "availability": "AVAILABLE", "lcstate": "DEPLOYED"}, {"product_download_size_estimated": 0.0, "ion_url": "http://sg.b.oceanobservatories.org:5000/ion-service/data_product_management/get_data_product_extension?data_product_id=5dc02d83c39e4926b5b1fdf51e1a6f00", "description": "Instrument CP05MOAS-GL004-03-CTDGVM999 data product: parsed samples", "name": "ggldr_ctdgv_delayed", "ion_name": "Instrument CP05MOAS-GL004-03-CTDGVM999 stream 'ggldr_ctdgv_delayed' data product", "erddap_url": "http://erddap.b.oceanobservatories.org:8080/erddap/tabledap/data5dc02d83c39e4926b5b1fdf51e1a6f00.html", "processing_level_code": "Parsed", "ts_updated": "1391560030087", "type_": "DataProduct", "quality_control_level": "a", "_id": "5dc02d83c39e4926b5b1fdf51e1a6f00", "availability": "AVAILABLE", "lcstate": "DEPLOYED"}, {"product_download_size_estimated": 0.0, "ion_url": "http://sg.b.oceanobservatories.org:5000/ion-service/data_product_management/get_data_product_extension?data_product_id=f81aab1ccda94c76be80e1a01997bdd5", "description": "Instrument CP05MOAS-GL004-03-CTDGVM999 core OOI data product", "name": "TEMPWAT Water Temperature", "ion_name": "Temperature L1 CTDGV Glider 004 - Coastal Pioneer Mobile Assets", "erddap_url": "http://erddap.b.oceanobservatories.org:8080/erddap/tabledap/dataf81aab1ccda94c76be80e1a01997bdd5.html", "processing_level_code": "L1", "ts_updated": "1391560065443", "type_": "DataProduct", "quality_control_level": "a", "_id": "f81aab1ccda94c76be80e1a01997bdd5", "availability": "AVAILABLE", "lcstate": "DEPLOYED"}, {"product_download_size_estimated": 0.0, "ion_url": "http://sg.b.oceanobservatories.org:5000/ion-service/data_product_management/get_data_product_extension?data_product_id=8b92858dda4846e5b5e48f48d0666855", "description": "Instrument CP05MOAS-GL004-04-DOSTAM999 data product: parsed samples", "name": "ggldr_dosta_delayed", "ion_name": "Instrument CP05MOAS-GL004-04-DOSTAM999 stream 'ggldr_dosta_delayed' data product", "erddap_url": "http://erddap.b.oceanobservatories.org:8080/erddap/tabledap/data8b92858dda4846e5b5e48f48d0666855.html", "processing_level_code": "Parsed", "ts_updated": "1391559877577", "type_": "DataProduct", "quality_control_level": "a", "_id": "8b92858dda4846e5b5e48f48d0666855", "availability": "AVAILABLE", "lcstate": "DEPLOYED"}, {"product_download_size_estimated": 0.0, "ion_url": "http://sg.b.oceanobservatories.org:5000/ion-service/data_product_management/get_data_product_extension?data_product_id=8b6c8f69a355473a91108069b6662dec", "description": "Instrument CP05MOAS-GL004-04-DOSTAM999 core OOI data product", "name": "DOCONCS Dissolved Oxygen", "ion_name": "Oxygen Concentration from Stable DO Instrument L1 DOSTA Glider 004 - Coastal Pioneer Mobile Assets", "erddap_url": "http://erddap.b.oceanobservatories.org:8080/erddap/tabledap/data8b6c8f69a355473a91108069b6662dec.html", "processing_level_code": "L1", "ts_updated": "1391559885385", "type_": "DataProduct", "quality_control_level": "a", "_id": "8b6c8f69a355473a91108069b6662dec", "availability": "AVAILABLE", "lcstate": "DEPLOYED"}, {"product_download_size_estimated": 0.0, "ion_url": "http://sg.b.oceanobservatories.org:5000/ion-service/data_product_management/get_data_product_extension?data_product_id=185408fbeb1b4bbd85e3e7ef220248dc", "description": "Instrument CP05MOAS-GL004-03-CTDGVM999 core OOI data product", "name": "PRACSAL Salinity", "ion_name": "Practical Salinity L2 CTDGV Glider 004 - Coastal Pioneer Mobile Assets", "erddap_url": "http://erddap.b.oceanobservatories.org:8080/erddap/tabledap/data185408fbeb1b4bbd85e3e7ef220248dc.html", "processing_level_code": "L2", "ts_updated": "1391560048483", "type_": "DataProduct", "quality_control_level": "b", "_id": "185408fbeb1b4bbd85e3e7ef220248dc", "availability": "AVAILABLE", "lcstate": "DEPLOYED"}]}, {"ion_url": "http://sg.b.oceanobservatories.org:5000/ion-service/observatory_management/get_platform_station_site_extension?site_id=5656fbf3fc52418bb2d1535bb8bcc5cc", "name": "Glider 003", "deployments": [{"lcstate": "DEPLOYED", "name": "Deployment of platform CP05MOAS-GL003", "ts_updated": "1391557273271", "type_": "Deployment", "_id": "0d51d86ad7054173bab9aa41b5666a62", "availability": "AVAILABLE", "description": ""}], "reference_designator": "CP05MOAS-GL003", "type_": "PlatformSite", "_id": "5656fbf3fc52418bb2d1535bb8bcc5cc", "children": [{"product_download_size_estimated": 0.0, "ion_url": "http://sg.b.oceanobservatories.org:5000/ion-service/data_product_management/get_data_product_extension?data_product_id=7acd06e575c04a1da2e1046e21a7fcc5", "description": "Instrument CP05MOAS-GL003-03-CTDGVM999 core OOI data product", "name": "PRACSAL Salinity", "ion_name": "Practical Salinity L2 CTDGV Glider 003 - Coastal Pioneer Mobile Assets", "erddap_url": "http://erddap.b.oceanobservatories.org:8080/erddap/tabledap/data7acd06e575c04a1da2e1046e21a7fcc5.html", "processing_level_code": "L2", "ts_updated": "1391559073985", "type_": "DataProduct", "quality_control_level": "b", "_id": "7acd06e575c04a1da2e1046e21a7fcc5", "availability": "AVAILABLE", "lcstate": "DEPLOYED"}, {"product_download_size_estimated": 0.0, "ion_url": "http://sg.b.oceanobservatories.org:5000/ion-service/data_product_management/get_data_product_extension?data_product_id=d683fa2ce97445c4833d173377f0c497", "description": "Platform CP05MOAS-GL003 data product", "name": "ggldr_eng_delayed", "ion_name": "Platform CP05MOAS-GL003 stream 'ggldr_eng_delayed' data product", "erddap_url": "http://erddap.b.oceanobservatories.org:8080/erddap/tabledap/datad683fa2ce97445c4833d173377f0c497.html", "processing_level_code": "N/A", "ts_updated": "1391557613938", "type_": "DataProduct", "quality_control_level": "N/A", "_id": "d683fa2ce97445c4833d173377f0c497", "availability": "AVAILABLE", "lcstate": "DEPLOYED"}, {"product_download_size_estimated": 0.0, "ion_url": "http://sg.b.oceanobservatories.org:5000/ion-service/data_product_management/get_data_product_extension?data_product_id=e46e9bb5165a42ff9aa2e69a524227e5", "description": "Instrument CP05MOAS-GL003-04-DOSTAM999 data product: parsed samples", "name": "ggldr_dosta_delayed", "ion_name": "Instrument CP05MOAS-GL003-04-DOSTAM999 stream 'ggldr_dosta_delayed' data product", "erddap_url": "http://erddap.b.oceanobservatories.org:8080/erddap/tabledap/datae46e9bb5165a42ff9aa2e69a524227e5.html", "processing_level_code": "Parsed", "ts_updated": "1391557949425", "type_": "DataProduct", "quality_control_level": "a", "_id": "e46e9bb5165a42ff9aa2e69a524227e5", "availability": "AVAILABLE", "lcstate": "DEPLOYED"}, {"product_download_size_estimated": 0.0, "ion_url": "http://sg.b.oceanobservatories.org:5000/ion-service/data_product_management/get_data_product_extension?data_product_id=5c2726146f644d6ba3c9e9a8bb758bfd", "description": "Instrument CP05MOAS-GL003-04-DOSTAM999 core OOI data product", "name": "DOCONCS Dissolved Oxygen", "ion_name": "Oxygen Concentration from Stable DO Instrument L1 DOSTA Glider 003 - Coastal Pioneer Mobile Assets", "erddap_url": "http://erddap.b.oceanobservatories.org:8080/erddap/tabledap/data5c2726146f644d6ba3c9e9a8bb758bfd.html", "processing_level_code": "L1", "ts_updated": "1391557953593", "type_": "DataProduct", "quality_control_level": "a", "_id": "5c2726146f644d6ba3c9e9a8bb758bfd", "availability": "AVAILABLE", "lcstate": "DEPLOYED"}, {"product_download_size_estimated": 0.0, "ion_url": "http://sg.b.oceanobservatories.org:5000/ion-service/data_product_management/get_data_product_extension?data_product_id=b1a94dd5d6f84151b1e230fa719f5b1a", "description": "Instrument CP05MOAS-GL003-03-CTDGVM999 core OOI data product", "name": "CONDWAT Conductivity", "ion_name": "Conductivity L1 CTDGV Glider 003 - Coastal Pioneer Mobile Assets", "erddap_url": "http://erddap.b.oceanobservatories.org:8080/erddap/tabledap/datab1a94dd5d6f84151b1e230fa719f5b1a.html", "processing_level_code": "L1", "ts_updated": "1391559066721", "type_": "DataProduct", "quality_control_level": "a", "_id": "b1a94dd5d6f84151b1e230fa719f5b1a", "availability": "AVAILABLE", "lcstate": "DEPLOYED"}, {"product_download_size_estimated": 0.0, "ion_url": "http://sg.b.oceanobservatories.org:5000/ion-service/data_product_management/get_data_product_extension?data_product_id=ec92d544f4134625a70a74e3db45578c", "description": "Instrument CP05MOAS-GL003-03-CTDGVM999 data product: parsed samples", "name": "ggldr_ctdgv_delayed", "ion_name": "Instrument CP05MOAS-GL003-03-CTDGVM999 stream 'ggldr_ctdgv_delayed' data product", "erddap_url": "http://erddap.b.oceanobservatories.org:8080/erddap/tabledap/dataec92d544f4134625a70a74e3db45578c.html", "processing_level_code": "Parsed", "ts_updated": "1391559060050", "type_": "DataProduct", "quality_control_level": "a", "_id": "ec92d544f4134625a70a74e3db45578c", "availability": "AVAILABLE", "lcstate": "DEPLOYED"}, {"product_download_size_estimated": 0.0, "ion_url": "http://sg.b.oceanobservatories.org:5000/ion-service/data_product_management/get_data_product_extension?data_product_id=10f6654ee686471c88b8a5ca3c198e45", "description": "Instrument CP05MOAS-GL003-03-CTDGVM999 core OOI data product", "name": "PRESWAT Pressure (Depth)", "ion_name": "Pressure (Depth) L1 CTDGV Glider 003 - Coastal Pioneer Mobile Assets", "erddap_url": "http://erddap.b.oceanobservatories.org:8080/erddap/tabledap/data10f6654ee686471c88b8a5ca3c198e45.html", "processing_level_code": "L1", "ts_updated": "1391559080659", "type_": "DataProduct", "quality_control_level": "a", "_id": "10f6654ee686471c88b8a5ca3c198e45", "availability": "AVAILABLE", "lcstate": "DEPLOYED"}, {"product_download_size_estimated": 0.0, "ion_url": "http://sg.b.oceanobservatories.org:5000/ion-service/data_product_management/get_data_product_extension?data_product_id=a0c51dd24b0143d5b7ce7717120286c1", "description": "Instrument CP05MOAS-GL003-03-CTDGVM999 core OOI data product", "name": "TEMPWAT Water Temperature", "ion_name": "Temperature L1 CTDGV Glider 003 - Coastal Pioneer Mobile Assets", "erddap_url": "http://erddap.b.oceanobservatories.org:8080/erddap/tabledap/dataa0c51dd24b0143d5b7ce7717120286c1.html", "processing_level_code": "L1", "ts_updated": "1391559087837", "type_": "DataProduct", "quality_control_level": "a", "_id": "a0c51dd24b0143d5b7ce7717120286c1", "availability": "AVAILABLE", "lcstate": "DEPLOYED"}]}, {"ion_url": "http://sg.b.oceanobservatories.org:5000/ion-service/observatory_management/get_platform_station_site_extension?site_id=da91cb5162eb402e8ba1be136d1acb79", "name": "Glider 001", "deployments": [{"lcstate": "DEPLOYED", "name": "Deployment of platform CP05MOAS-GL001", "ts_updated": "1391557275236", "type_": "Deployment", "_id": "eac178949fd24201ae0b6da7c88fd232", "availability": "AVAILABLE", "description": ""}], "reference_designator": "CP05MOAS-GL001", "type_": "PlatformSite", "_id": "da91cb5162eb402e8ba1be136d1acb79", "children": [{"product_download_size_estimated": 0.0, "ion_url": "http://sg.b.oceanobservatories.org:5000/ion-service/data_product_management/get_data_product_extension?data_product_id=5fcb2b9b9a2d45a2a0fecc54a62cdd13", "description": "Instrument CP05MOAS-GL001-03-CTDGVM999 core OOI data product", "name": "PRACSAL Salinity", "ion_name": "Practical Salinity L2 CTDGV Glider 001 - Coastal Pioneer Mobile Assets", "erddap_url": "http://erddap.b.oceanobservatories.org:8080/erddap/tabledap/data5fcb2b9b9a2d45a2a0fecc54a62cdd13.html", "processing_level_code": "L2", "ts_updated": "1391557788103", "type_": "DataProduct", "quality_control_level": "b", "_id": "5fcb2b9b9a2d45a2a0fecc54a62cdd13", "availability": "AVAILABLE", "lcstate": "DEPLOYED"}, {"product_download_size_estimated": 0.0, "ion_url": "http://sg.b.oceanobservatories.org:5000/ion-service/data_product_management/get_data_product_extension?data_product_id=f434b293cfd449d5970aa99ac92230d3", "description": "Instrument CP05MOAS-GL001-04-DOSTAM999 data product: parsed samples", "name": "ggldr_dosta_delayed", "ion_name": "Instrument CP05MOAS-GL001-04-DOSTAM999 stream 'ggldr_dosta_delayed' data product", "erddap_url": "http://erddap.b.oceanobservatories.org:8080/erddap/tabledap/dataf434b293cfd449d5970aa99ac92230d3.html", "processing_level_code": "Parsed", "ts_updated": "1391557652477", "type_": "DataProduct", "quality_control_level": "a", "_id": "f434b293cfd449d5970aa99ac92230d3", "availability": "AVAILABLE", "lcstate": "DEPLOYED"}, {"product_download_size_estimated": 0.0, "ion_url": "http://sg.b.oceanobservatories.org:5000/ion-service/data_product_management/get_data_product_extension?data_product_id=be52a440af854876a3a8615d6d7affcf", "description": "Instrument CP05MOAS-GL001-03-CTDGVM999 core OOI data product", "name": "CONDWAT Conductivity", "ion_name": "Conductivity L1 CTDGV Glider 001 - Coastal Pioneer Mobile Assets", "erddap_url": "http://erddap.b.oceanobservatories.org:8080/erddap/tabledap/databe52a440af854876a3a8615d6d7affcf.html", "processing_level_code": "L1", "ts_updated": "1391557784280", "type_": "DataProduct", "quality_control_level": "a", "_id": "be52a440af854876a3a8615d6d7affcf", "availability": "AVAILABLE", "lcstate": "DEPLOYED"}, {"product_download_size_estimated": 0.0, "ion_url": "http://sg.b.oceanobservatories.org:5000/ion-service/data_product_management/get_data_product_extension?data_product_id=18bb2d4b77d743ad9c0428e6f32e8f9c", "description": "Instrument CP05MOAS-GL001-03-CTDGVM999 core OOI data product", "name": "PRESWAT Pressure (Depth)", "ion_name": "Pressure (Depth) L1 CTDGV Glider 001 - Coastal Pioneer Mobile Assets", "erddap_url": "http://erddap.b.oceanobservatories.org:8080/erddap/tabledap/data18bb2d4b77d743ad9c0428e6f32e8f9c.html", "processing_level_code": "L1", "ts_updated": "1391557792156", "type_": "DataProduct", "quality_control_level": "a", "_id": "18bb2d4b77d743ad9c0428e6f32e8f9c", "availability": "AVAILABLE", "lcstate": "DEPLOYED"}, {"product_download_size_estimated": 0.0, "ion_url": "http://sg.b.oceanobservatories.org:5000/ion-service/data_product_management/get_data_product_extension?data_product_id=105641917c644fa29192278808511e94", "description": "Platform CP05MOAS-GL001 data product", "name": "ggldr_eng_delayed", "ion_name": "Platform CP05MOAS-GL001 stream 'ggldr_eng_delayed' data product", "erddap_url": "http://erddap.b.oceanobservatories.org:8080/erddap/tabledap/data105641917c644fa29192278808511e94.html", "processing_level_code": "N/A", "ts_updated": "1391557618837", "type_": "DataProduct", "quality_control_level": "N/A", "_id": "105641917c644fa29192278808511e94", "availability": "AVAILABLE", "lcstate": "DEPLOYED"}, {"product_download_size_estimated": 0.0, "ion_url": "http://sg.b.oceanobservatories.org:5000/ion-service/data_product_management/get_data_product_extension?data_product_id=b63b90971bab4df1b93cbab0bbd70470", "description": "Instrument CP05MOAS-GL001-03-CTDGVM999 data product: parsed samples", "name": "ggldr_ctdgv_delayed", "ion_name": "Instrument CP05MOAS-GL001-03-CTDGVM999 stream 'ggldr_ctdgv_delayed' data product", "erddap_url": "http://erddap.b.oceanobservatories.org:8080/erddap/tabledap/datab63b90971bab4df1b93cbab0bbd70470.html", "processing_level_code": "Parsed", "ts_updated": "1391557780289", "type_": "DataProduct", "quality_control_level": "a", "_id": "b63b90971bab4df1b93cbab0bbd70470", "availability": "AVAILABLE", "lcstate": "DEPLOYED"}, {"product_download_size_estimated": 0.0, "ion_url": "http://sg.b.oceanobservatories.org:5000/ion-service/data_product_management/get_data_product_extension?data_product_id=7c02a0781e9c4cdeb4844a3081c1ab53", "description": "Instrument CP05MOAS-GL001-04-DOSTAM999 core OOI data product", "name": "DOCONCS Dissolved Oxygen", "ion_name": "Oxygen Concentration from Stable DO Instrument L1 DOSTA Glider 001 - Coastal Pioneer Mobile Assets", "erddap_url": "http://erddap.b.oceanobservatories.org:8080/erddap/tabledap/data7c02a0781e9c4cdeb4844a3081c1ab53.html", "processing_level_code": "L1", "ts_updated": "1391557655580", "type_": "DataProduct", "quality_control_level": "a", "_id": "7c02a0781e9c4cdeb4844a3081c1ab53", "availability": "AVAILABLE", "lcstate": "DEPLOYED"}, {"product_download_size_estimated": 0.0, "ion_url": "http://sg.b.oceanobservatories.org:5000/ion-service/data_product_management/get_data_product_extension?data_product_id=94eee14018e44171932d431a091a4b76", "description": "Instrument CP05MOAS-GL001-03-CTDGVM999 core OOI data product", "name": "TEMPWAT Water Temperature", "ion_name": "Temperature L1 CTDGV Glider 001 - Coastal Pioneer Mobile Assets", "erddap_url": "http://erddap.b.oceanobservatories.org:8080/erddap/tabledap/data94eee14018e44171932d431a091a4b76.html", "processing_level_code": "L1", "ts_updated": "1391557795764", "type_": "DataProduct", "quality_control_level": "a", "_id": "94eee14018e44171932d431a091a4b76", "availability": "AVAILABLE", "lcstate": "DEPLOYED"}]}, {"ion_url": "http://sg.b.oceanobservatories.org:5000/ion-service/observatory_management/get_platform_station_site_extension?site_id=c29c4f71a2c14c9b9f39f374709f3f03", "name": "Glider 002", "deployments": [{"lcstate": "DEPLOYED", "name": "Deployment of platform CP05MOAS-GL002", "ts_updated": "1391557271308", "type_": "Deployment", "_id": "26a68161261b4eb6ab7ce85c4a88b818", "availability": "AVAILABLE", "description": ""}], "reference_designator": "CP05MOAS-GL002", "type_": "PlatformSite", "_id": "c29c4f71a2c14c9b9f39f374709f3f03", "children": [{"product_download_size_estimated": 0.0, "ion_url": "http://sg.b.oceanobservatories.org:5000/ion-service/data_product_management/get_data_product_extension?data_product_id=f5968206c1e94602bc3a5883ef7bee6e", "description": "Instrument CP05MOAS-GL002-03-CTDGVM999 core OOI data product", "name": "PRACSAL Salinity", "ion_name": "Practical Salinity L2 CTDGV Glider 002 - Coastal Pioneer Mobile Assets", "erddap_url": "http://erddap.b.oceanobservatories.org:8080/erddap/tabledap/dataf5968206c1e94602bc3a5883ef7bee6e.html", "processing_level_code": "L2", "ts_updated": "1391558721077", "type_": "DataProduct", "quality_control_level": "b", "_id": "f5968206c1e94602bc3a5883ef7bee6e", "availability": "AVAILABLE", "lcstate": "DEPLOYED"}, {"product_download_size_estimated": 0.0, "ion_url": "http://sg.b.oceanobservatories.org:5000/ion-service/data_product_management/get_data_product_extension?data_product_id=ac301156c8e9435c8fe0d58403a77a10", "description": "Instrument CP05MOAS-GL002-03-CTDGVM999 core OOI data product", "name": "PRESWAT Pressure (Depth)", "ion_name": "Pressure (Depth) L1 CTDGV Glider 002 - Coastal Pioneer Mobile Assets", "erddap_url": "http://erddap.b.oceanobservatories.org:8080/erddap/tabledap/dataac301156c8e9435c8fe0d58403a77a10.html", "processing_level_code": "L1", "ts_updated": "1391558727268", "type_": "DataProduct", "quality_control_level": "a", "_id": "ac301156c8e9435c8fe0d58403a77a10", "availability": "AVAILABLE", "lcstate": "DEPLOYED"}, {"product_download_size_estimated": 0.0, "ion_url": "http://sg.b.oceanobservatories.org:5000/ion-service/data_product_management/get_data_product_extension?data_product_id=41843283946c48ed8c8f548d928c4a4e", "description": "Instrument CP05MOAS-GL002-04-DOSTAM999 data product: parsed samples", "name": "ggldr_dosta_delayed", "ion_name": "Instrument CP05MOAS-GL002-04-DOSTAM999 stream 'ggldr_dosta_delayed' data product", "erddap_url": "http://erddap.b.oceanobservatories.org:8080/erddap/tabledap/data41843283946c48ed8c8f548d928c4a4e.html", "processing_level_code": "Parsed", "ts_updated": "1391557864394", "type_": "DataProduct", "quality_control_level": "a", "_id": "41843283946c48ed8c8f548d928c4a4e", "availability": "AVAILABLE", "lcstate": "DEPLOYED"}, {"product_download_size_estimated": 0.0, "ion_url": "http://sg.b.oceanobservatories.org:5000/ion-service/data_product_management/get_data_product_extension?data_product_id=a23d4cc950ac458cab4cd3c531f5d9b3", "description": "Instrument CP05MOAS-GL002-03-CTDGVM999 core OOI data product", "name": "TEMPWAT Water Temperature", "ion_name": "Temperature L1 CTDGV Glider 002 - Coastal Pioneer Mobile Assets", "erddap_url": "http://erddap.b.oceanobservatories.org:8080/erddap/tabledap/dataa23d4cc950ac458cab4cd3c531f5d9b3.html", "processing_level_code": "L1", "ts_updated": "1391558733368", "type_": "DataProduct", "quality_control_level": "a", "_id": "a23d4cc950ac458cab4cd3c531f5d9b3", "availability": "AVAILABLE", "lcstate": "DEPLOYED"}, {"product_download_size_estimated": 0.0, "ion_url": "http://sg.b.oceanobservatories.org:5000/ion-service/data_product_management/get_data_product_extension?data_product_id=1e1adea301a949c0b20a4d60a171cbd6", "description": "Platform CP05MOAS-GL002 data product", "name": "ggldr_eng_delayed", "ion_name": "Platform CP05MOAS-GL002 stream 'ggldr_eng_delayed' data product", "erddap_url": "http://erddap.b.oceanobservatories.org:8080/erddap/tabledap/data1e1adea301a949c0b20a4d60a171cbd6.html", "processing_level_code": "N/A", "ts_updated": "1391557609020", "type_": "DataProduct", "quality_control_level": "N/A", "_id": "1e1adea301a949c0b20a4d60a171cbd6", "availability": "AVAILABLE", "lcstate": "DEPLOYED"}, {"product_download_size_estimated": 0.0, "ion_url": "http://sg.b.oceanobservatories.org:5000/ion-service/data_product_management/get_data_product_extension?data_product_id=5b712490c51e4e10aaf465a98689a4f8", "description": "Instrument CP05MOAS-GL002-03-CTDGVM999 core OOI data product", "name": "CONDWAT Conductivity", "ion_name": "Conductivity L1 CTDGV Glider 002 - Coastal Pioneer Mobile Assets", "erddap_url": "http://erddap.b.oceanobservatories.org:8080/erddap/tabledap/data5b712490c51e4e10aaf465a98689a4f8.html", "processing_level_code": "L1", "ts_updated": "1391558714501", "type_": "DataProduct", "quality_control_level": "a", "_id": "5b712490c51e4e10aaf465a98689a4f8", "availability": "AVAILABLE", "lcstate": "DEPLOYED"}, {"product_download_size_estimated": 0.0, "ion_url": "http://sg.b.oceanobservatories.org:5000/ion-service/data_product_management/get_data_product_extension?data_product_id=a1733195c6b6456e80efccdcce07d782", "description": "Instrument CP05MOAS-GL002-04-DOSTAM999 core OOI data product", "name": "DOCONCS Dissolved Oxygen", "ion_name": "Oxygen Concentration from Stable DO Instrument L1 DOSTA Glider 002 - Coastal Pioneer Mobile Assets", "erddap_url": "http://erddap.b.oceanobservatories.org:8080/erddap/tabledap/dataa1733195c6b6456e80efccdcce07d782.html", "processing_level_code": "L1", "ts_updated": "1391557868173", "type_": "DataProduct", "quality_control_level": "a", "_id": "a1733195c6b6456e80efccdcce07d782", "availability": "AVAILABLE", "lcstate": "DEPLOYED"}, {"product_download_size_estimated": 0.0, "ion_url": "http://sg.b.oceanobservatories.org:5000/ion-service/data_product_management/get_data_product_extension?data_product_id=62f8c97aba504c95a4a5a5cc4e86409a", "description": "Instrument CP05MOAS-GL002-03-CTDGVM999 data product: parsed samples", "name": "ggldr_ctdgv_delayed", "ion_name": "Instrument CP05MOAS-GL002-03-CTDGVM999 stream 'ggldr_ctdgv_delayed' data product", "erddap_url": "http://erddap.b.oceanobservatories.org:8080/erddap/tabledap/data62f8c97aba504c95a4a5a5cc4e86409a.html", "processing_level_code": "Parsed", "ts_updated": "1391558707938", "type_": "DataProduct", "quality_control_level": "a", "_id": "62f8c97aba504c95a4a5a5cc4e86409a", "availability": "AVAILABLE", "lcstate": "DEPLOYED"}]}]}