{"ion_url": "http://sg.b.oceanobservatories.org:5000/ion-service/observatory_management/get_observatory_site_extension?site_id=2d62a3aaccfa4470b9bead0f2b958333", "name": "Global Station Papa Apex", "spatial_area_name": "Global Station Papa", "reference_designator": "GP02HYPM", "type_": "Observatory", "_id": "2d62a3aaccfa4470b9bead0f2b958333", "children": [{"ion_url": "http://sg.b.oceanobservatories.org:5000/ion-service/observatory_management/get_platform_station_site_extension?site_id=53958326e4ed4e009c9adb7bb37d9df1", "name": "Hybrid Profiler Mooring", "deployments": [{"lcstate": "DEPLOYED", "name": "Deployment of platform GP02HYPM-GP001", "ts_updated": "1396994221449", "type_": "Deployment", "_id": "e1e26435adf24e8b84675add032f78d3", "availability": "AVAILABLE", "description": ""}], "reference_designator": "GP02HYPM-GP001", "type_": "PlatformSite", "_id": "53958326e4ed4e009c9adb7bb37d9df1", "children": [{"product_download_size_estimated": 0.0, "ion_url": "http://sg.b.oceanobservatories.org:5000/ion-service/data_product_management/get_data_product_extension?data_product_id=5f99b2d56b4d487093667b14ab99a1c6", "description": "Platform GP02HYPM-WF004 data product", "name": "wfp_eng__stc_imodem_status", "ion_name": "Platform GP02HYPM-WF004 stream 'wfp_eng__stc_imodem_status' data product", "erddap_url": "http://erddap.b.oceanobservatories.org:8080/erddap/tabledap/data5f99b2d56b4d487093667b14ab99a1c6.html", "processing_level_code": "N/A", "ts_updated": "1396994550721", "type_": "DataProduct", "quality_control_level": "N/A", "_id": "5f99b2d56b4d487093667b14ab99a1c6", "availability": "AVAILABLE", "lcstate": "DEPLOYED"}, {"product_download_size_estimated": 0.0, "ion_url": "http://sg.b.oceanobservatories.org:5000/ion-service/data_product_management/get_data_product_extension?data_product_id=1fb4b2644dfc41e98b5eaec88974cca3", "description": "Instrument GP02HYPM-WF004-04-CTDPFL999 core OOI data product", "name": "PRESWAT Pressure (Depth)", "ion_name": "Pressure (Depth) L1 CTDPF (node WF004) Hybrid Profiler Mooring - Global Station Papa Apex", "erddap_url": "http://erddap.b.oceanobservatories.org:8080/erddap/tabledap/data1fb4b2644dfc41e98b5eaec88974cca3.html", "processing_level_code": "L1", "ts_updated": "1391558990310", "type_": "DataProduct", "quality_control_level": "a", "_id": "1fb4b2644dfc41e98b5eaec88974cca3", "availability": "AVAILABLE", "lcstate": "DEPLOYED"}, {"product_download_size_estimated": 0.0, "ion_url": "http://sg.b.oceanobservatories.org:5000/ion-service/data_product_management/get_data_product_extension?data_product_id=f97c970c31034b7797783903cf86dcec", "description": "Instrument GP02HYPM-WF002-04-CTDPFL999 data product: parsed samples", "name": "ctdpf_parsed", "ion_name": "Instrument GP02HYPM-WF002-04-CTDPFL999 stream 'ctdpf_parsed' data product", "erddap_url": "http://erddap.b.oceanobservatories.org:8080/erddap/tabledap/dataf97c970c31034b7797783903cf86dcec.html", "processing_level_code": "Parsed", "ts_updated": "1391560162978", "type_": "DataProduct", "quality_control_level": "a", "_id": "f97c970c31034b7797783903cf86dcec", "availability": "AVAILABLE", "lcstate": "DEPLOYED"}, {"product_download_size_estimated": 0.0, "ion_url": "http://sg.b.oceanobservatories.org:5000/ion-service/data_product_management/get_data_product_extension?data_product_id=6adf6773804143d1a98feb023de9fa1e", "description": "Instrument GP02HYPM-WF004-04-CTDPFL999 data product: parsed samples", "name": "ctdpf_parsed", "ion_name": "Instrument GP02HYPM-WF004-04-CTDPFL999 stream 'ctdpf_parsed' data product", "erddap_url": "http://erddap.b.oceanobservatories.org:8080/erddap/tabledap/data6adf6773804143d1a98feb023de9fa1e.html", "processing_level_code": "Parsed", "ts_updated": "1391558983337", "type_": "DataProduct", "quality_control_level": "a", "_id": "6adf6773804143d1a98feb023de9fa1e", "availability": "AVAILABLE", "lcstate": "DEPLOYED"}, {"product_download_size_estimated": 0.0, "ion_url": "http://sg.b.oceanobservatories.org:5000/ion-service/data_product_management/get_data_product_extension?data_product_id=b87b643894c842ba99849c88879b6792", "description": "Platform GP02HYPM-WF002 data product", "name": "wfp_eng__stc_imodem_status", "ion_name": "Platform GP02HYPM-WF002 stream 'wfp_eng__stc_imodem_status' data product", "erddap_url": "http://erddap.b.oceanobservatories.org:8080/erddap/tabledap/datab87b643894c842ba99849c88879b6792.html", "processing_level_code": "N/A", "ts_updated": "1396994518368", "type_": "DataProduct", "quality_control_level": "N/A", "_id": "b87b643894c842ba99849c88879b6792", "availability": "AVAILABLE", "lcstate": "DEPLOYED"}, {"product_download_size_estimated": 0.0, "ion_url": "http://sg.b.oceanobservatories.org:5000/ion-service/data_product_management/get_data_product_extension?data_product_id=c6b036aa0c5f417e9f2276b224148fb8", "description": "Platform GP02HYPM-WF002 data product", "name": "wfp_eng__stc_imodem_engineering", "ion_name": "Platform GP02HYPM-WF002 stream 'wfp_eng__stc_imodem_engineering' data product", "erddap_url": "http://erddap.b.oceanobservatories.org:8080/erddap/tabledap/datac6b036aa0c5f417e9f2276b224148fb8.html", "processing_level_code": "N/A", "ts_updated": "1396994528625", "type_": "DataProduct", "quality_control_level": "N/A", "_id": "c6b036aa0c5f417e9f2276b224148fb8", "availability": "AVAILABLE", "lcstate": "DEPLOYED"}, {"product_download_size_estimated": 0.0, "ion_url": "http://sg.b.oceanobservatories.org:5000/ion-service/data_product_management/get_data_product_extension?data_product_id=ec440401f7474ac5a0c7244661e18c85", "description": "Platform GP02HYPM-WF002 data product", "name": "wfp_eng__stc_imodem_start_time", "ion_name": "Platform GP02HYPM-WF002 stream 'wfp_eng__stc_imodem_start_time' data product", "erddap_url": "http://erddap.b.oceanobservatories.org:8080/erddap/tabledap/dataec440401f7474ac5a0c7244661e18c85.html", "processing_level_code": "N/A", "ts_updated": "1396994539689", "type_": "DataProduct", "quality_control_level": "N/A", "_id": "ec440401f7474ac5a0c7244661e18c85", "availability": "AVAILABLE", "lcstate": "DEPLOYED"}, {"product_download_size_estimated": 0.0, "ion_url": "http://sg.b.oceanobservatories.org:5000/ion-service/data_product_management/get_data_product_extension?data_product_id=87c96d17e1f34710bbdc826f1936b39c", "description": "Platform GP02HYPM-WF004 data product", "name": "wfp_eng__stc_imodem_start_time", "ion_name": "Platform GP02HYPM-WF004 stream 'wfp_eng__stc_imodem_start_time' data product", "erddap_url": "http://erddap.b.oceanobservatories.org:8080/erddap/tabledap/data87c96d17e1f34710bbdc826f1936b39c.html", "processing_level_code": "N/A", "ts_updated": "1396994571042", "type_": "DataProduct", "quality_control_level": "N/A", "_id": "87c96d17e1f34710bbdc826f1936b39c", "availability": "AVAILABLE", "lcstate": "DEPLOYED"}, {"product_download_size_estimated": 0.0, "ion_url": "http://sg.b.oceanobservatories.org:5000/ion-service/data_product_management/get_data_product_extension?data_product_id=1428e570d82f4e0aa5f621361b4dc8c5", "description": "Instrument GP02HYPM-WF002-04-CTDPFL999 core OOI data product", "name": "PRESWAT Pressure (Depth)", "ion_name": "Pressure (Depth) L1 CTDPF (node WF002) Hybrid Profiler Mooring - Global Station Papa Apex", "erddap_url": "http://erddap.b.oceanobservatories.org:8080/erddap/tabledap/data1428e570d82f4e0aa5f621361b4dc8c5.html", "processing_level_code": "L1", "ts_updated": "1391560171263", "type_": "DataProduct", "quality_control_level": "a", "_id": "1428e570d82f4e0aa5f621361b4dc8c5", "availability": "AVAILABLE", "lcstate": "DEPLOYED"}, {"product_download_size_estimated": 0.0, "ion_url": "http://sg.b.oceanobservatories.org:5000/ion-service/data_product_management/get_data_product_extension?data_product_id=c2bd159b15944a0aa006a6ebcbcf6d87", "description": "Platform GP02HYPM-WF004 data product", "name": "wfp_eng__stc_imodem_engineering", "ion_name": "Platform GP02HYPM-WF004 stream 'wfp_eng__stc_imodem_engineering' data product", "erddap_url": "http://erddap.b.oceanobservatories.org:8080/erddap/tabledap/datac2bd159b15944a0aa006a6ebcbcf6d87.html", "processing_level_code": "N/A", "ts_updated": "1396994561021", "type_": "DataProduct", "quality_control_level": "N/A", "_id": "c2bd159b15944a0aa006a6ebcbcf6d87", "availability": "AVAILABLE", "lcstate": "DEPLOYED"}]}]}