{"ion_url": "http://sg.b.oceanobservatories.org:5000/ion-service/observatory_management/get_observatory_site_extension?site_id=0f23843ec3ed4dc4abe8f8911361b6b3", "name": "Global Station Papa Mesoscale Flanking B", "spatial_area_name": "Global Station Papa", "reference_designator": "GP03FLMB", "type_": "Observatory", "_id": "0f23843ec3ed4dc4abe8f8911361b6b3", "children": [{"ion_url": "http://sg.b.oceanobservatories.org:5000/ion-service/observatory_management/get_platform_station_site_extension?site_id=ba20ea12a1fc432b95361af832b46e66", "name": "Low Power Sub-surface Mooring B", "deployments": [{"lcstate": "DEPLOYED", "name": "Deployment of platform GP03FLMB-FM001", "ts_updated": "1391557279243", "type_": "Deployment", "_id": "e14c07e84a0f448d9916fd83114b8549", "availability": "AVAILABLE", "description": ""}], "reference_designator": "GP03FLMB-FM001", "type_": "PlatformSite", "_id": "ba20ea12a1fc432b95361af832b46e66", "children": [{"product_download_size_estimated": 0.0, "ion_url": "http://sg.b.oceanobservatories.org:5000/ion-service/data_product_management/get_data_product_extension?data_product_id=f8ce37817cc14e3599b2aa3edeabb255", "description": "Instrument GP03FLMB-RI001-14-CTDMOG999 core OOI data product", "name": "TEMPWAT Water Temperature", "ion_name": "Temperature L1 CTDMO 500m Low Power Sub-surface Mooring B - Global Station Papa Mesoscale Flanking B", "erddap_url": "http://erddap.b.oceanobservatories.org:8080/erddap/tabledap/dataf8ce37817cc14e3599b2aa3edeabb255.html", "processing_level_code": "L1", "ts_updated": "1391558247360", "type_": "DataProduct", "quality_control_level": "a", "_id": "f8ce37817cc14e3599b2aa3edeabb255", "availability": "AVAILABLE", "lcstate": "DEPLOYED"}, {"product_download_size_estimated": 0.0, "ion_url": "http://sg.b.oceanobservatories.org:5000/ion-service/data_product_management/get_data_product_extension?data_product_id=7d01b058e6cb4a27ac53d1d0ad11b299", "description": "Instrument GP03FLMB-RI001-07-CTDMOG999 data product: parsed samples", "name": "ctdmo_parsed", "ion_name": "Instrument GP03FLMB-RI001-07-CTDMOG999 stream 'ctdmo_parsed' data product", "erddap_url": "http://erddap.b.oceanobservatories.org:8080/erddap/tabledap/data7d01b058e6cb4a27ac53d1d0ad11b299.html", "processing_level_code": "Parsed", "ts_updated": "1391558345271", "type_": "DataProduct", "quality_control_level": "a", "_id": "7d01b058e6cb4a27ac53d1d0ad11b299", "availability": "AVAILABLE", "lcstate": "DEPLOYED"}, {"product_download_size_estimated": 0.0, "ion_url": "http://sg.b.oceanobservatories.org:5000/ion-service/data_product_management/get_data_product_extension?data_product_id=a331e8a62a2f49a39fab787d6cc05a00", "description": "Instrument GP03FLMB-RI001-11-CTDMOG999 core OOI data product", "name": "TEMPWAT Water Temperature", "ion_name": "Temperature L1 CTDMO 180m Low Power Sub-surface Mooring B - Global Station Papa Mesoscale Flanking B", "erddap_url": "http://erddap.b.oceanobservatories.org:8080/erddap/tabledap/dataa331e8a62a2f49a39fab787d6cc05a00.html", "processing_level_code": "L1", "ts_updated": "1391560153679", "type_": "DataProduct", "quality_control_level": "a", "_id": "a331e8a62a2f49a39fab787d6cc05a00", "availability": "AVAILABLE", "lcstate": "DEPLOYED"}, {"product_download_size_estimated": 0.0, "ion_url": "http://sg.b.oceanobservatories.org:5000/ion-service/data_product_management/get_data_product_extension?data_product_id=e4514517eaae47fbb8d3f1f11a5b0459", "description": "Instrument GP03FLMB-RI001-15-CTDMOH999 core OOI data product", "name": "TEMPWAT Water Temperature", "ion_name": "Temperature L0 CTDMO 750m Low Power Sub-surface Mooring B - Global Station Papa Mesoscale Flanking B", "erddap_url": "http://erddap.b.oceanobservatories.org:8080/erddap/tabledap/datae4514517eaae47fbb8d3f1f11a5b0459.html", "processing_level_code": "L0", "ts_updated": "1391558017701", "type_": "DataProduct", "quality_control_level": "N/A", "_id": "e4514517eaae47fbb8d3f1f11a5b0459", "availability": "AVAILABLE", "lcstate": "DEPLOYED"}, {"product_download_size_estimated": 0.0, "ion_url": "http://sg.b.oceanobservatories.org:5000/ion-service/data_product_management/get_data_product_extension?data_product_id=9287d99554b54ef9acaf5cbf24ad5004", "description": "Instrument GP03FLMB-RI001-15-CTDMOH999 core OOI data product", "name": "PRESWAT Pressure (Depth)", "ion_name": "Pressure (Depth) L0 CTDMO 750m Low Power Sub-surface Mooring B - Global Station Papa Mesoscale Flanking B", "erddap_url": "http://erddap.b.oceanobservatories.org:8080/erddap/tabledap/data9287d99554b54ef9acaf5cbf24ad5004.html", "processing_level_code": "L0", "ts_updated": "1391558007828", "type_": "DataProduct", "quality_control_level": "N/A", "_id": "9287d99554b54ef9acaf5cbf24ad5004", "availability": "AVAILABLE", "lcstate": "DEPLOYED"}, {"product_download_size_estimated": 0.0, "ion_url": "http://sg.b.oceanobservatories.org:5000/ion-service/data_product_management/get_data_product_extension?data_product_id=84d83fbc331a451488a5a74def1f8926", "description": "Instrument GP03FLMB-RI001-11-CTDMOG999 core OOI data product", "name": "CONDWAT Conductivity", "ion_name": "Conductivity L1 CTDMO 180m Low Power Sub-surface Mooring B - Global Station Papa Mesoscale Flanking B", "erddap_url": "http://erddap.b.oceanobservatories.org:8080/erddap/tabledap/data84d83fbc331a451488a5a74def1f8926.html", "processing_level_code": "L1", "ts_updated": "1391560098844", "type_": "DataProduct", "quality_control_level": "a", "_id": "84d83fbc331a451488a5a74def1f8926", "availability": "AVAILABLE", "lcstate": "DEPLOYED"}, {"product_download_size_estimated": 0.0, "ion_url": "http://sg.b.oceanobservatories.org:5000/ion-service/data_product_management/get_data_product_extension?data_product_id=dd59d4e88559418c8b6115bfc4b46532", "description": "Instrument GP03FLMB-RI001-10-CTDMOG999 data product: parsed samples", "name": "ctdmo_parsed", "ion_name": "Instrument GP03FLMB-RI001-10-CTDMOG999 stream 'ctdmo_parsed' data product", "erddap_url": "http://erddap.b.oceanobservatories.org:8080/erddap/tabledap/datadd59d4e88559418c8b6115bfc4b46532.html", "processing_level_code": "Parsed", "ts_updated": "1391559100769", "type_": "DataProduct", "quality_control_level": "a", "_id": "dd59d4e88559418c8b6115bfc4b46532", "availability": "AVAILABLE", "lcstate": "DEPLOYED"}, {"product_download_size_estimated": 0.0, "ion_url": "http://sg.b.oceanobservatories.org:5000/ion-service/data_product_management/get_data_product_extension?data_product_id=1d63967ff4a949ee8f112bc972202a1c", "description": "Instrument GP03FLMB-RI001-13-CTDMOG999 data product: parsed samples", "name": "ctdmo_parsed", "ion_name": "Instrument GP03FLMB-RI001-13-CTDMOG999 stream 'ctdmo_parsed' data product", "erddap_url": "http://erddap.b.oceanobservatories.org:8080/erddap/tabledap/data1d63967ff4a949ee8f112bc972202a1c.html", "processing_level_code": "Parsed", "ts_updated": "1391558288360", "type_": "DataProduct", "quality_control_level": "a", "_id": "1d63967ff4a949ee8f112bc972202a1c", "availability": "AVAILABLE", "lcstate": "DEPLOYED"}, {"product_download_size_estimated": 0.0, "ion_url": "http://sg.b.oceanobservatories.org:5000/ion-service/data_product_management/get_data_product_extension?data_product_id=eea17c4841df47bd8eb609fb87ba58a0", "description": "Instrument GP03FLMB-RI001-15-CTDMOH999 core OOI data product", "name": "TEMPWAT Water Temperature", "ion_name": "Temperature L1 CTDMO 750m Low Power Sub-surface Mooring B - Global Station Papa Mesoscale Flanking B", "erddap_url": "http://erddap.b.oceanobservatories.org:8080/erddap/tabledap/dataeea17c4841df47bd8eb609fb87ba58a0.html", "processing_level_code": "L1", "ts_updated": "1391558022597", "type_": "DataProduct", "quality_control_level": "a", "_id": "eea17c4841df47bd8eb609fb87ba58a0", "availability": "AVAILABLE", "lcstate": "DEPLOYED"}, {"product_download_size_estimated": 0.0, "ion_url": "http://sg.b.oceanobservatories.org:5000/ion-service/data_product_management/get_data_product_extension?data_product_id=9708c6429e6e4409b7d1787c201fe09c", "description": "Instrument GP03FLMB-RI001-12-CTDMOG999 core OOI data product", "name": "PRESWAT Pressure (Depth)", "ion_name": "Pressure (Depth) L0 CTDMO 250m Low Power Sub-surface Mooring B - Global Station Papa Mesoscale Flanking B", "erddap_url": "http://erddap.b.oceanobservatories.org:8080/erddap/tabledap/data9708c6429e6e4409b7d1787c201fe09c.html", "processing_level_code": "L0", "ts_updated": "1391558059008", "type_": "DataProduct", "quality_control_level": "N/A", "_id": "9708c6429e6e4409b7d1787c201fe09c", "availability": "AVAILABLE", "lcstate": "DEPLOYED"}, {"product_download_size_estimated": 0.0, "ion_url": "http://sg.b.oceanobservatories.org:5000/ion-service/data_product_management/get_data_product_extension?data_product_id=e244b0f9969844909bf0bbb0a2c79627", "description": "Instrument GP03FLMB-RI001-13-CTDMOG999 core OOI data product", "name": "TEMPWAT Water Temperature", "ion_name": "Temperature L0 CTDMO 350m Low Power Sub-surface Mooring B - Global Station Papa Mesoscale Flanking B", "erddap_url": "http://erddap.b.oceanobservatories.org:8080/erddap/tabledap/datae244b0f9969844909bf0bbb0a2c79627.html", "processing_level_code": "L0", "ts_updated": "1391558327610", "type_": "DataProduct", "quality_control_level": "N/A", "_id": "e244b0f9969844909bf0bbb0a2c79627", "availability": "AVAILABLE", "lcstate": "DEPLOYED"}, {"product_download_size_estimated": 0.0, "ion_url": "http://sg.b.oceanobservatories.org:5000/ion-service/data_product_management/get_data_product_extension?data_product_id=476e66a09dba4705ba53711ffa063c30", "description": "Instrument GP03FLMB-RI001-11-CTDMOG999 core OOI data product", "name": "CONDWAT Conductivity", "ion_name": "Conductivity L0 CTDMO 180m Low Power Sub-surface Mooring B - Global Station Papa Mesoscale Flanking B", "erddap_url": "http://erddap.b.oceanobservatories.org:8080/erddap/tabledap/data476e66a09dba4705ba53711ffa063c30.html", "processing_level_code": "L0", "ts_updated": "1391560089228", "type_": "DataProduct", "quality_control_level": "N/A", "_id": "476e66a09dba4705ba53711ffa063c30", "availability": "AVAILABLE", "lcstate": "DEPLOYED"}, {"product_download_size_estimated": 0.0, "ion_url": "http://sg.b.oceanobservatories.org:5000/ion-service/data_product_management/get_data_product_extension?data_product_id=71b55145cf5a49688a9e9ac0ff6f6982", "description": "Instrument GP03FLMB-RI001-15-CTDMOH999 core OOI data product", "name": "CONDWAT Conductivity", "ion_name": "Conductivity L1 CTDMO 750m Low Power Sub-surface Mooring B - Global Station Papa Mesoscale Flanking B", "erddap_url": "http://erddap.b.oceanobservatories.org:8080/erddap/tabledap/data71b55145cf5a49688a9e9ac0ff6f6982.html", "processing_level_code": "L1", "ts_updated": "1391557993564", "type_": "DataProduct", "quality_control_level": "a", "_id": "71b55145cf5a49688a9e9ac0ff6f6982", "availability": "AVAILABLE", "lcstate": "DEPLOYED"}, {"product_download_size_estimated": 0.0, "ion_url": "http://sg.b.oceanobservatories.org:5000/ion-service/data_product_management/get_data_product_extension?data_product_id=a7ac6cbccdc447e891a7ea3281bc3942", "description": "Instrument GP03FLMB-RI001-01-FLORTD999 core OOI data product", "name": "CHLAFLO Chlorophyll-a fluorescence", "ion_name": "Fluorometric Chlorophyll-a Concentration L1 FLORT Low Power Sub-surface Mooring B - Global Station Papa Mesoscale Flanking B", "erddap_url": "http://erddap.b.oceanobservatories.org:8080/erddap/tabledap/dataa7ac6cbccdc447e891a7ea3281bc3942.html", "processing_level_code": "L1", "ts_updated": "1391557694151", "type_": "DataProduct", "quality_control_level": "a", "_id": "a7ac6cbccdc447e891a7ea3281bc3942", "availability": "AVAILABLE", "lcstate": "DEPLOYED"}, {"product_download_size_estimated": 0.0, "ion_url": "http://sg.b.oceanobservatories.org:5000/ion-service/data_product_management/get_data_product_extension?data_product_id=36af155217524d09ab9e9db32703f413", "description": "Instrument GP03FLMB-RI001-12-CTDMOG999 core OOI data product", "name": "TEMPWAT Water Temperature", "ion_name": "Temperature L0 CTDMO 250m Low Power Sub-surface Mooring B - Global Station Papa Mesoscale Flanking B", "erddap_url": "http://erddap.b.oceanobservatories.org:8080/erddap/tabledap/data36af155217524d09ab9e9db32703f413.html", "processing_level_code": "L0", "ts_updated": "1391558069133", "type_": "DataProduct", "quality_control_level": "N/A", "_id": "36af155217524d09ab9e9db32703f413", "availability": "AVAILABLE", "lcstate": "DEPLOYED"}, {"product_download_size_estimated": 0.0, "ion_url": "http://sg.b.oceanobservatories.org:5000/ion-service/data_product_management/get_data_product_extension?data_product_id=ad4769ca008647d6b9606f30145213f5", "description": "Instrument GP03FLMB-RI001-10-CTDMOG999 core OOI data product", "name": "DENSITY Density", "ion_name": "Density L2 CTDMO 130m Low Power Sub-surface Mooring B - Global Station Papa Mesoscale Flanking B", "erddap_url": "http://erddap.b.oceanobservatories.org:8080/erddap/tabledap/dataad4769ca008647d6b9606f30145213f5.html", "processing_level_code": "L2", "ts_updated": "1391559123570", "type_": "DataProduct", "quality_control_level": "b", "_id": "ad4769ca008647d6b9606f30145213f5", "availability": "AVAILABLE", "lcstate": "DEPLOYED"}, {"product_download_size_estimated": 0.0, "ion_url": "http://sg.b.oceanobservatories.org:5000/ion-service/data_product_management/get_data_product_extension?data_product_id=b6ef487c359c4286afe98596e61928ae", "description": "Instrument GP03FLMB-RI001-07-CTDMOG999 core OOI data product", "name": "PRACSAL Salinity", "ion_name": "Practical Salinity L2 CTDMO 40m Low Power Sub-surface Mooring B - Global Station Papa Mesoscale Flanking B", "erddap_url": "http://erddap.b.oceanobservatories.org:8080/erddap/tabledap/datab6ef487c359c4286afe98596e61928ae.html", "processing_level_code": "L2", "ts_updated": "1391558368789", "type_": "DataProduct", "quality_control_level": "b", "_id": "b6ef487c359c4286afe98596e61928ae", "availability": "AVAILABLE", "lcstate": "DEPLOYED"}, {"product_download_size_estimated": 0.0, "ion_url": "http://sg.b.oceanobservatories.org:5000/ion-service/data_product_management/get_data_product_extension?data_product_id=0472b21e8c6d4a9e8e64a27f6e9af281", "description": "Instrument GP03FLMB-RI001-07-CTDMOG999 core OOI data product", "name": "TEMPWAT Water Temperature", "ion_name": "Temperature L0 CTDMO 40m Low Power Sub-surface Mooring B - Global Station Papa Mesoscale Flanking B", "erddap_url": "http://erddap.b.oceanobservatories.org:8080/erddap/tabledap/data0472b21e8c6d4a9e8e64a27f6e9af281.html", "processing_level_code": "L0", "ts_updated": "1391558386442", "type_": "DataProduct", "quality_control_level": "N/A", "_id": "0472b21e8c6d4a9e8e64a27f6e9af281", "availability": "AVAILABLE", "lcstate": "DEPLOYED"}, {"product_download_size_estimated": 0.0, "ion_url": "http://sg.b.oceanobservatories.org:5000/ion-service/data_product_management/get_data_product_extension?data_product_id=98c221322d60405fb4d8ddf246939dfd", "description": "Instrument GP03FLMB-RI001-08-CTDMOG999 core OOI data product", "name": "PRACSAL Salinity", "ion_name": "Practical Salinity L2 CTDMO 60m Low Power Sub-surface Mooring B - Global Station Papa Mesoscale Flanking B", "erddap_url": "http://erddap.b.oceanobservatories.org:8080/erddap/tabledap/data98c221322d60405fb4d8ddf246939dfd.html", "processing_level_code": "L2", "ts_updated": "1391559436708", "type_": "DataProduct", "quality_control_level": "b", "_id": "98c221322d60405fb4d8ddf246939dfd", "availability": "AVAILABLE", "lcstate": "DEPLOYED"}, {"product_download_size_estimated": 0.0, "ion_url": "http://sg.b.oceanobservatories.org:5000/ion-service/data_product_management/get_data_product_extension?data_product_id=a08ecc1ad5194959a0e86df84ade34cb", "description": "Instrument GP03FLMB-RI001-13-CTDMOG999 core OOI data product", "name": "CONDWAT Conductivity", "ion_name": "Conductivity L1 CTDMO 350m Low Power Sub-surface Mooring B - Global Station Papa Mesoscale Flanking B", "erddap_url": "http://erddap.b.oceanobservatories.org:8080/erddap/tabledap/dataa08ecc1ad5194959a0e86df84ade34cb.html", "processing_level_code": "L1", "ts_updated": "1391558299731", "type_": "DataProduct", "quality_control_level": "a", "_id": "a08ecc1ad5194959a0e86df84ade34cb", "availability": "AVAILABLE", "lcstate": "DEPLOYED"}, {"product_download_size_estimated": 0.0, "ion_url": "http://sg.b.oceanobservatories.org:5000/ion-service/data_product_management/get_data_product_extension?data_product_id=e9e63743497a4e83adc1da32c0d4898a", "description": "Instrument GP03FLMB-RI001-15-CTDMOH999 data product: parsed samples", "name": "ctdmo_parsed", "ion_name": "Instrument GP03FLMB-RI001-15-CTDMOH999 stream 'ctdmo_parsed' data product", "erddap_url": "http://erddap.b.oceanobservatories.org:8080/erddap/tabledap/datae9e63743497a4e83adc1da32c0d4898a.html", "processing_level_code": "Parsed", "ts_updated": "1391557983503", "type_": "DataProduct", "quality_control_level": "a", "_id": "e9e63743497a4e83adc1da32c0d4898a", "availability": "AVAILABLE", "lcstate": "DEPLOYED"}, {"product_download_size_estimated": 0.0, "ion_url": "http://sg.b.oceanobservatories.org:5000/ion-service/data_product_management/get_data_product_extension?data_product_id=52198080a66c43faa34e610d7dd6f939", "description": "Instrument GP03FLMB-RI001-16-CTDMOH999 data product: parsed samples", "name": "ctdmo_parsed", "ion_name": "Instrument GP03FLMB-RI001-16-CTDMOH999 stream 'ctdmo_parsed' data product", "erddap_url": "http://erddap.b.oceanobservatories.org:8080/erddap/tabledap/data52198080a66c43faa34e610d7dd6f939.html", "processing_level_code": "Parsed", "ts_updated": "1391558436371", "type_": "DataProduct", "quality_control_level": "a", "_id": "52198080a66c43faa34e610d7dd6f939", "availability": "AVAILABLE", "lcstate": "DEPLOYED"}, {"product_download_size_estimated": 0.0, "ion_url": "http://sg.b.oceanobservatories.org:5000/ion-service/data_product_management/get_data_product_extension?data_product_id=51dbdc75a70641b4996a2980de199ea2", "description": "Instrument GP03FLMB-RI001-11-CTDMOG999 core OOI data product", "name": "PRESWAT Pressure (Depth)", "ion_name": "Pressure (Depth) L1 CTDMO 180m Low Power Sub-surface Mooring B - Global Station Papa Mesoscale Flanking B", "erddap_url": "http://erddap.b.oceanobservatories.org:8080/erddap/tabledap/data51dbdc75a70641b4996a2980de199ea2.html", "processing_level_code": "L1", "ts_updated": "1391560134815", "type_": "DataProduct", "quality_control_level": "a", "_id": "51dbdc75a70641b4996a2980de199ea2", "availability": "AVAILABLE", "lcstate": "DEPLOYED"}, {"product_download_size_estimated": 0.0, "ion_url": "http://sg.b.oceanobservatories.org:5000/ion-service/data_product_management/get_data_product_extension?data_product_id=2f09cb69283141edba9c0175a537c1d2", "description": "Instrument GP03FLMB-RI001-07-CTDMOG999 core OOI data product", "name": "PRESWAT Pressure (Depth)", "ion_name": "Pressure (Depth) L0 CTDMO 40m Low Power Sub-surface Mooring B - Global Station Papa Mesoscale Flanking B", "erddap_url": "http://erddap.b.oceanobservatories.org:8080/erddap/tabledap/data2f09cb69283141edba9c0175a537c1d2.html", "processing_level_code": "L0", "ts_updated": "1391558374848", "type_": "DataProduct", "quality_control_level": "N/A", "_id": "2f09cb69283141edba9c0175a537c1d2", "availability": "AVAILABLE", "lcstate": "DEPLOYED"}, {"product_download_size_estimated": 0.0, "ion_url": "http://sg.b.oceanobservatories.org:5000/ion-service/data_product_management/get_data_product_extension?data_product_id=79195ff9c0b644d0a904de87a997df1f", "description": "Instrument GP03FLMB-RI001-09-CTDMOG999 data product: parsed samples", "name": "ctdmo_parsed", "ion_name": "Instrument GP03FLMB-RI001-09-CTDMOG999 stream 'ctdmo_parsed' data product", "erddap_url": "http://erddap.b.oceanobservatories.org:8080/erddap/tabledap/data79195ff9c0b644d0a904de87a997df1f.html", "processing_level_code": "Parsed", "ts_updated": "1391557710361", "type_": "DataProduct", "quality_control_level": "a", "_id": "79195ff9c0b644d0a904de87a997df1f", "availability": "AVAILABLE", "lcstate": "DEPLOYED"}, {"product_download_size_estimated": 0.0, "ion_url": "http://sg.b.oceanobservatories.org:5000/ion-service/data_product_management/get_data_product_extension?data_product_id=237f515279ea4ff28566603f3ec139eb", "description": "Instrument GP03FLMB-RI001-09-CTDMOG999 core OOI data product", "name": "DENSITY Density", "ion_name": "Density L2 CTDMO 90m Low Power Sub-surface Mooring B - Global Station Papa Mesoscale Flanking B", "erddap_url": "http://erddap.b.oceanobservatories.org:8080/erddap/tabledap/data237f515279ea4ff28566603f3ec139eb.html", "processing_level_code": "L2", "ts_updated": "1391557722154", "type_": "DataProduct", "quality_control_level": "b", "_id": "237f515279ea4ff28566603f3ec139eb", "availability": "AVAILABLE", "lcstate": "DEPLOYED"}, {"product_download_size_estimated": 0.0, "ion_url": "http://sg.b.oceanobservatories.org:5000/ion-service/data_product_management/get_data_product_extension?data_product_id=ebcaebbdaf32438a993c341049ab7343", "description": "Instrument GP03FLMB-RI001-12-CTDMOG999 core OOI data product", "name": "DENSITY Density", "ion_name": "Density L2 CTDMO 250m Low Power Sub-surface Mooring B - Global Station Papa Mesoscale Flanking B", "erddap_url": "http://erddap.b.oceanobservatories.org:8080/erddap/tabledap/dataebcaebbdaf32438a993c341049ab7343.html", "processing_level_code": "L2", "ts_updated": "1391558048540", "type_": "DataProduct", "quality_control_level": "b", "_id": "ebcaebbdaf32438a993c341049ab7343", "availability": "AVAILABLE", "lcstate": "DEPLOYED"}, {"product_download_size_estimated": 0.0, "ion_url": "http://sg.b.oceanobservatories.org:5000/ion-service/data_product_management/get_data_product_extension?data_product_id=93feaa06cc6046369cce9f036ec89828", "description": "Instrument GP03FLMB-RI001-04-ADCPSL999 core OOI data product", "name": "VELPROF Water Velocity Profile", "ion_name": "Velocity Profile L1 ADCPS Low Power Sub-surface Mooring B - Global Station Papa Mesoscale Flanking B", "erddap_url": "http://erddap.b.oceanobservatories.org:8080/erddap/tabledap/data93feaa06cc6046369cce9f036ec89828.html", "processing_level_code": "L1", "ts_updated": "1391557773400", "type_": "DataProduct", "quality_control_level": "a", "_id": "93feaa06cc6046369cce9f036ec89828", "availability": "AVAILABLE", "lcstate": "DEPLOYED"}, {"product_download_size_estimated": 0.0, "ion_url": "http://sg.b.oceanobservatories.org:5000/ion-service/data_product_management/get_data_product_extension?data_product_id=bcdb9bb4ab5144749aa5075ed9f5335a", "description": "Instrument GP03FLMB-RI001-09-CTDMOG999 core OOI data product", "name": "TEMPWAT Water Temperature", "ion_name": "Temperature L1 CTDMO 90m Low Power Sub-surface Mooring B - Global Station Papa Mesoscale Flanking B", "erddap_url": "http://erddap.b.oceanobservatories.org:8080/erddap/tabledap/databcdb9bb4ab5144749aa5075ed9f5335a.html", "processing_level_code": "L1", "ts_updated": "1391557741610", "type_": "DataProduct", "quality_control_level": "a", "_id": "bcdb9bb4ab5144749aa5075ed9f5335a", "availability": "AVAILABLE", "lcstate": "DEPLOYED"}, {"product_download_size_estimated": 0.0, "ion_url": "http://sg.b.oceanobservatories.org:5000/ion-service/data_product_management/get_data_product_extension?data_product_id=8b4a27b012bc49eb881260b24a3c3c22", "description": "Instrument GP03FLMB-RI001-03-DOSTAD999 core OOI data product", "name": "DOCONCS Dissolved Oxygen", "ion_name": "Oxygen Concentration from Stable DO Instrument L0 DOSTA Low Power Sub-surface Mooring B - Global Station Papa Mesoscale Flanking B", "erddap_url": "http://erddap.b.oceanobservatories.org:8080/erddap/tabledap/data8b4a27b012bc49eb881260b24a3c3c22.html", "processing_level_code": "L0", "ts_updated": "1391558499104", "type_": "DataProduct", "quality_control_level": "N/A", "_id": "8b4a27b012bc49eb881260b24a3c3c22", "availability": "AVAILABLE", "lcstate": "DEPLOYED"}, {"product_download_size_estimated": 0.0, "ion_url": "http://sg.b.oceanobservatories.org:5000/ion-service/data_product_management/get_data_product_extension?data_product_id=e087c4016b504b30a23903b1550ae6e8", "description": "Instrument GP03FLMB-RI001-06-CTDMOG999 data product: parsed samples", "name": "ctdmo_parsed", "ion_name": "Instrument GP03FLMB-RI001-06-CTDMOG999 stream 'ctdmo_parsed' data product", "erddap_url": "http://erddap.b.oceanobservatories.org:8080/erddap/tabledap/datae087c4016b504b30a23903b1550ae6e8.html", "processing_level_code": "Parsed", "ts_updated": "1391558537022", "type_": "DataProduct", "quality_control_level": "a", "_id": "e087c4016b504b30a23903b1550ae6e8", "availability": "AVAILABLE", "lcstate": "DEPLOYED"}, {"product_download_size_estimated": 0.0, "ion_url": "http://sg.b.oceanobservatories.org:5000/ion-service/data_product_management/get_data_product_extension?data_product_id=746a755f90a4451395ef33e56e8944ad", "description": "Instrument GP03FLMB-RI001-13-CTDMOG999 core OOI data product", "name": "PRACSAL Salinity", "ion_name": "Practical Salinity L2 CTDMO 350m Low Power Sub-surface Mooring B - Global Station Papa Mesoscale Flanking B", "erddap_url": "http://erddap.b.oceanobservatories.org:8080/erddap/tabledap/data746a755f90a4451395ef33e56e8944ad.html", "processing_level_code": "L2", "ts_updated": "1391558311169", "type_": "DataProduct", "quality_control_level": "b", "_id": "746a755f90a4451395ef33e56e8944ad", "availability": "AVAILABLE", "lcstate": "DEPLOYED"}, {"product_download_size_estimated": 0.0, "ion_url": "http://sg.b.oceanobservatories.org:5000/ion-service/data_product_management/get_data_product_extension?data_product_id=4115d9c6cc694485ac386f507abca6e1", "description": "Instrument GP03FLMB-RI001-16-CTDMOH999 core OOI data product", "name": "CONDWAT Conductivity", "ion_name": "Conductivity L0 CTDMO 1000m Low Power Sub-surface Mooring B - Global Station Papa Mesoscale Flanking B", "erddap_url": "http://erddap.b.oceanobservatories.org:8080/erddap/tabledap/data4115d9c6cc694485ac386f507abca6e1.html", "processing_level_code": "L0", "ts_updated": "1391558442534", "type_": "DataProduct", "quality_control_level": "N/A", "_id": "4115d9c6cc694485ac386f507abca6e1", "availability": "AVAILABLE", "lcstate": "DEPLOYED"}, {"product_download_size_estimated": 0.0, "ion_url": "http://sg.b.oceanobservatories.org:5000/ion-service/data_product_management/get_data_product_extension?data_product_id=1bbc1ba72ddf4f4fb9272054ef4a0395", "description": "Instrument GP03FLMB-RI001-06-CTDMOG999 core OOI data product", "name": "TEMPWAT Water Temperature", "ion_name": "Temperature L0 CTDMO 30m Low Power Sub-surface Mooring B - Global Station Papa Mesoscale Flanking B", "erddap_url": "http://erddap.b.oceanobservatories.org:8080/erddap/tabledap/data1bbc1ba72ddf4f4fb9272054ef4a0395.html", "processing_level_code": "L0", "ts_updated": "1391558581400", "type_": "DataProduct", "quality_control_level": "N/A", "_id": "1bbc1ba72ddf4f4fb9272054ef4a0395", "availability": "AVAILABLE", "lcstate": "DEPLOYED"}, {"product_download_size_estimated": 0.0, "ion_url": "http://sg.b.oceanobservatories.org:5000/ion-service/data_product_management/get_data_product_extension?data_product_id=35f9f9c2c5244fe3869c5a210c54574f", "description": "Instrument GP03FLMB-RI001-02-PHSENF999 core OOI data product", "name": "PH578SI none", "ion_name": "Optical Absorbance Signal Intensity at 578nm L0 PHSEN Low Power Sub-surface Mooring B - Global Station Papa Mesoscale Flanking B", "erddap_url": "http://erddap.b.oceanobservatories.org:8080/erddap/tabledap/data35f9f9c2c5244fe3869c5a210c54574f.html", "processing_level_code": "L0", "ts_updated": "1391559731126", "type_": "DataProduct", "quality_control_level": "N/A", "_id": "35f9f9c2c5244fe3869c5a210c54574f", "availability": "AVAILABLE", "lcstate": "DEPLOYED"}, {"product_download_size_estimated": 0.0, "ion_url": "http://sg.b.oceanobservatories.org:5000/ion-service/data_product_management/get_data_product_extension?data_product_id=daa3a7423f4e4552a58e2f8138de5152", "description": "Instrument GP03FLMB-RI001-13-CTDMOG999 core OOI data product", "name": "PRESWAT Pressure (Depth)", "ion_name": "Pressure (Depth) L1 CTDMO 350m Low Power Sub-surface Mooring B - Global Station Papa Mesoscale Flanking B", "erddap_url": "http://erddap.b.oceanobservatories.org:8080/erddap/tabledap/datadaa3a7423f4e4552a58e2f8138de5152.html", "processing_level_code": "L1", "ts_updated": "1391558321850", "type_": "DataProduct", "quality_control_level": "a", "_id": "daa3a7423f4e4552a58e2f8138de5152", "availability": "AVAILABLE", "lcstate": "DEPLOYED"}, {"product_download_size_estimated": 0.0, "ion_url": "http://sg.b.oceanobservatories.org:5000/ion-service/data_product_management/get_data_product_extension?data_product_id=51b2ab9e15f34fcf8bf012acb9462bec", "description": "Instrument GP03FLMB-RI001-06-CTDMOG999 core OOI data product", "name": "PRACSAL Salinity", "ion_name": "Practical Salinity L2 CTDMO 30m Low Power Sub-surface Mooring B - Global Station Papa Mesoscale Flanking B", "erddap_url": "http://erddap.b.oceanobservatories.org:8080/erddap/tabledap/data51b2ab9e15f34fcf8bf012acb9462bec.html", "processing_level_code": "L2", "ts_updated": "1391558562464", "type_": "DataProduct", "quality_control_level": "b", "_id": "51b2ab9e15f34fcf8bf012acb9462bec", "availability": "AVAILABLE", "lcstate": "DEPLOYED"}, {"product_download_size_estimated": 0.0, "ion_url": "http://sg.b.oceanobservatories.org:5000/ion-service/data_product_management/get_data_product_extension?data_product_id=947202e909c24b16a5eb0c85ce881e0a", "description": "Instrument GP03FLMB-RI001-06-CTDMOG999 core OOI data product", "name": "TEMPWAT Water Temperature", "ion_name": "Temperature L1 CTDMO 30m Low Power Sub-surface Mooring B - Global Station Papa Mesoscale Flanking B", "erddap_url": "http://erddap.b.oceanobservatories.org:8080/erddap/tabledap/data947202e909c24b16a5eb0c85ce881e0a.html", "processing_level_code": "L1", "ts_updated": "1391558587916", "type_": "DataProduct", "quality_control_level": "a", "_id": "947202e909c24b16a5eb0c85ce881e0a", "availability": "AVAILABLE", "lcstate": "DEPLOYED"}, {"product_download_size_estimated": 0.0, "ion_url": "http://sg.b.oceanobservatories.org:5000/ion-service/data_product_management/get_data_product_extension?data_product_id=47e8d9614126447aa79edd5ccd589431", "description": "Instrument GP03FLMB-RI001-07-CTDMOG999 core OOI data product", "name": "PRESWAT Pressure (Depth)", "ion_name": "Pressure (Depth) L1 CTDMO 40m Low Power Sub-surface Mooring B - Global Station Papa Mesoscale Flanking B", "erddap_url": "http://erddap.b.oceanobservatories.org:8080/erddap/tabledap/data47e8d9614126447aa79edd5ccd589431.html", "processing_level_code": "L1", "ts_updated": "1391558380533", "type_": "DataProduct", "quality_control_level": "a", "_id": "47e8d9614126447aa79edd5ccd589431", "availability": "AVAILABLE", "lcstate": "DEPLOYED"}, {"product_download_size_estimated": 0.0, "ion_url": "http://sg.b.oceanobservatories.org:5000/ion-service/data_product_management/get_data_product_extension?data_product_id=26ae48d28bf04c76b630731961a8bb88", "description": "Instrument GP03FLMB-RI001-09-CTDMOG999 core OOI data product", "name": "CONDWAT Conductivity", "ion_name": "Conductivity L0 CTDMO 90m Low Power Sub-surface Mooring B - Global Station Papa Mesoscale Flanking B", "erddap_url": "http://erddap.b.oceanobservatories.org:8080/erddap/tabledap/data26ae48d28bf04c76b630731961a8bb88.html", "processing_level_code": "L0", "ts_updated": "1391557714500", "type_": "DataProduct", "quality_control_level": "N/A", "_id": "26ae48d28bf04c76b630731961a8bb88", "availability": "AVAILABLE", "lcstate": "DEPLOYED"}, {"product_download_size_estimated": 0.0, "ion_url": "http://sg.b.oceanobservatories.org:5000/ion-service/data_product_management/get_data_product_extension?data_product_id=4a0ad5bf105e4fb088f98e0f837210e2", "description": "Instrument GP03FLMB-RI001-17-CTDMOH999 core OOI data product", "name": "TEMPWAT Water Temperature", "ion_name": "Temperature L0 CTDMO 1500m Low Power Sub-surface Mooring B - Global Station Papa Mesoscale Flanking B", "erddap_url": "http://erddap.b.oceanobservatories.org:8080/erddap/tabledap/data4a0ad5bf105e4fb088f98e0f837210e2.html", "processing_level_code": "L0", "ts_updated": "1391558968539", "type_": "DataProduct", "quality_control_level": "N/A", "_id": "4a0ad5bf105e4fb088f98e0f837210e2", "availability": "AVAILABLE", "lcstate": "DEPLOYED"}, {"product_download_size_estimated": 0.0, "ion_url": "http://sg.b.oceanobservatories.org:5000/ion-service/data_product_management/get_data_product_extension?data_product_id=20bdaaa10b124aeea1a067b04793687e", "description": "Instrument GP03FLMB-RI001-16-CTDMOH999 core OOI data product", "name": "TEMPWAT Water Temperature", "ion_name": "Temperature L0 CTDMO 1000m Low Power Sub-surface Mooring B - Global Station Papa Mesoscale Flanking B", "erddap_url": "http://erddap.b.oceanobservatories.org:8080/erddap/tabledap/data20bdaaa10b124aeea1a067b04793687e.html", "processing_level_code": "L0", "ts_updated": "1391558479563", "type_": "DataProduct", "quality_control_level": "N/A", "_id": "20bdaaa10b124aeea1a067b04793687e", "availability": "AVAILABLE", "lcstate": "DEPLOYED"}, {"product_download_size_estimated": 0.0, "ion_url": "http://sg.b.oceanobservatories.org:5000/ion-service/data_product_management/get_data_product_extension?data_product_id=8974c924fc834e7588bfc5286b3e1c52", "description": "Instrument GP03FLMB-RI001-03-DOSTAD999 data product: parsed samples", "name": "dostad_parsed", "ion_name": "Instrument GP03FLMB-RI001-03-DOSTAD999 stream 'dostad_parsed' data product", "erddap_url": "http://erddap.b.oceanobservatories.org:8080/erddap/tabledap/data8974c924fc834e7588bfc5286b3e1c52.html", "processing_level_code": "Parsed", "ts_updated": "1391558493105", "type_": "DataProduct", "quality_control_level": "a", "_id": "8974c924fc834e7588bfc5286b3e1c52", "availability": "AVAILABLE", "lcstate": "DEPLOYED"}, {"product_download_size_estimated": 0.0, "ion_url": "http://sg.b.oceanobservatories.org:5000/ion-service/data_product_management/get_data_product_extension?data_product_id=6dc0a90131c846b8af80728c06c07c4f", "description": "Instrument GP03FLMB-RI001-06-CTDMOG999 core OOI data product", "name": "CONDWAT Conductivity", "ion_name": "Conductivity L0 CTDMO 30m Low Power Sub-surface Mooring B - Global Station Papa Mesoscale Flanking B", "erddap_url": "http://erddap.b.oceanobservatories.org:8080/erddap/tabledap/data6dc0a90131c846b8af80728c06c07c4f.html", "processing_level_code": "L0", "ts_updated": "1391558543440", "type_": "DataProduct", "quality_control_level": "N/A", "_id": "6dc0a90131c846b8af80728c06c07c4f", "availability": "AVAILABLE", "lcstate": "DEPLOYED"}, {"product_download_size_estimated": 0.0, "ion_url": "http://sg.b.oceanobservatories.org:5000/ion-service/data_product_management/get_data_product_extension?data_product_id=3db2c45494ed4b0f9d72d032aaba4786", "description": "Instrument GP03FLMB-RI001-11-CTDMOG999 core OOI data product", "name": "DENSITY Density", "ion_name": "Density L2 CTDMO 180m Low Power Sub-surface Mooring B - Global Station Papa Mesoscale Flanking B", "erddap_url": "http://erddap.b.oceanobservatories.org:8080/erddap/tabledap/data3db2c45494ed4b0f9d72d032aaba4786.html", "processing_level_code": "L2", "ts_updated": "1391560108066", "type_": "DataProduct", "quality_control_level": "b", "_id": "3db2c45494ed4b0f9d72d032aaba4786", "availability": "AVAILABLE", "lcstate": "DEPLOYED"}, {"product_download_size_estimated": 0.0, "ion_url": "http://sg.b.oceanobservatories.org:5000/ion-service/data_product_management/get_data_product_extension?data_product_id=d7dd86518221490194dc5060c11ce57e", "description": "Instrument GP03FLMB-RI001-15-CTDMOH999 core OOI data product", "name": "CONDWAT Conductivity", "ion_name": "Conductivity L0 CTDMO 750m Low Power Sub-surface Mooring B - Global Station Papa Mesoscale Flanking B", "erddap_url": "http://erddap.b.oceanobservatories.org:8080/erddap/tabledap/datad7dd86518221490194dc5060c11ce57e.html", "processing_level_code": "L0", "ts_updated": "1391557988652", "type_": "DataProduct", "quality_control_level": "N/A", "_id": "d7dd86518221490194dc5060c11ce57e", "availability": "AVAILABLE", "lcstate": "DEPLOYED"}, {"product_download_size_estimated": 0.0, "ion_url": "http://sg.b.oceanobservatories.org:5000/ion-service/data_product_management/get_data_product_extension?data_product_id=dbbe0e75d7724d5a949efb631c387472", "description": "Instrument GP03FLMB-RI001-12-CTDMOG999 core OOI data product", "name": "PRACSAL Salinity", "ion_name": "Practical Salinity L2 CTDMO 250m Low Power Sub-surface Mooring B - Global Station Papa Mesoscale Flanking B", "erddap_url": "http://erddap.b.oceanobservatories.org:8080/erddap/tabledap/datadbbe0e75d7724d5a949efb631c387472.html", "processing_level_code": "L2", "ts_updated": "1391558053817", "type_": "DataProduct", "quality_control_level": "b", "_id": "dbbe0e75d7724d5a949efb631c387472", "availability": "AVAILABLE", "lcstate": "DEPLOYED"}, {"product_download_size_estimated": 0.0, "ion_url": "http://sg.b.oceanobservatories.org:5000/ion-service/data_product_management/get_data_product_extension?data_product_id=ea6d1f7725484787bc63d54c33421f39", "description": "Instrument GP03FLMB-RI001-16-CTDMOH999 core OOI data product", "name": "PRESWAT Pressure (Depth)", "ion_name": "Pressure (Depth) L0 CTDMO 1000m Low Power Sub-surface Mooring B - Global Station Papa Mesoscale Flanking B", "erddap_url": "http://erddap.b.oceanobservatories.org:8080/erddap/tabledap/dataea6d1f7725484787bc63d54c33421f39.html", "processing_level_code": "L0", "ts_updated": "1391558466834", "type_": "DataProduct", "quality_control_level": "N/A", "_id": "ea6d1f7725484787bc63d54c33421f39", "availability": "AVAILABLE", "lcstate": "DEPLOYED"}, {"product_download_size_estimated": 0.0, "ion_url": "http://sg.b.oceanobservatories.org:5000/ion-service/data_product_management/get_data_product_extension?data_product_id=35a1e6d2ba8d40329fb32cb53f9ad745", "description": "Instrument GP03FLMB-RI001-07-CTDMOG999 core OOI data product", "name": "TEMPWAT Water Temperature", "ion_name": "Temperature L1 CTDMO 40m Low Power Sub-surface Mooring B - Global Station Papa Mesoscale Flanking B", "erddap_url": "http://erddap.b.oceanobservatories.org:8080/erddap/tabledap/data35a1e6d2ba8d40329fb32cb53f9ad745.html", "processing_level_code": "L1", "ts_updated": "1391558392520", "type_": "DataProduct", "quality_control_level": "a", "_id": "35a1e6d2ba8d40329fb32cb53f9ad745", "availability": "AVAILABLE", "lcstate": "DEPLOYED"}, {"product_download_size_estimated": 0.0, "ion_url": "http://sg.b.oceanobservatories.org:5000/ion-service/data_product_management/get_data_product_extension?data_product_id=32065fb4572145149aa0b58049dec325", "description": "Instrument GP03FLMB-RI001-04-ADCPSL999 core OOI data product", "name": "VELPROF Water Velocity Profile", "ion_name": "Velocity Profile L0 ADCPS Low Power Sub-surface Mooring B - Global Station Papa Mesoscale Flanking B", "erddap_url": "http://erddap.b.oceanobservatories.org:8080/erddap/tabledap/data32065fb4572145149aa0b58049dec325.html", "processing_level_code": "L0", "ts_updated": "1391557769120", "type_": "DataProduct", "quality_control_level": "N/A", "_id": "32065fb4572145149aa0b58049dec325", "availability": "AVAILABLE", "lcstate": "DEPLOYED"}, {"product_download_size_estimated": 0.0, "ion_url": "http://sg.b.oceanobservatories.org:5000/ion-service/data_product_management/get_data_product_extension?data_product_id=9be12465c67548cc97a5df86ff39d154", "description": "Instrument GP03FLMB-RI001-06-CTDMOG999 core OOI data product", "name": "PRESWAT Pressure (Depth)", "ion_name": "Pressure (Depth) L0 CTDMO 30m Low Power Sub-surface Mooring B - Global Station Papa Mesoscale Flanking B", "erddap_url": "http://erddap.b.oceanobservatories.org:8080/erddap/tabledap/data9be12465c67548cc97a5df86ff39d154.html", "processing_level_code": "L0", "ts_updated": "1391558568861", "type_": "DataProduct", "quality_control_level": "N/A", "_id": "9be12465c67548cc97a5df86ff39d154", "availability": "AVAILABLE", "lcstate": "DEPLOYED"}, {"product_download_size_estimated": 0.0, "ion_url": "http://sg.b.oceanobservatories.org:5000/ion-service/data_product_management/get_data_product_extension?data_product_id=7414c714036d4333a059b6d0eac11d3b", "description": "Instrument GP03FLMB-RI001-13-CTDMOG999 core OOI data product", "name": "PRESWAT Pressure (Depth)", "ion_name": "Pressure (Depth) L0 CTDMO 350m Low Power Sub-surface Mooring B - Global Station Papa Mesoscale Flanking B", "erddap_url": "http://erddap.b.oceanobservatories.org:8080/erddap/tabledap/data7414c714036d4333a059b6d0eac11d3b.html", "processing_level_code": "L0", "ts_updated": "1391558316569", "type_": "DataProduct", "quality_control_level": "N/A", "_id": "7414c714036d4333a059b6d0eac11d3b", "availability": "AVAILABLE", "lcstate": "DEPLOYED"}, {"product_download_size_estimated": 0.0, "ion_url": "http://sg.b.oceanobservatories.org:5000/ion-service/data_product_management/get_data_product_extension?data_product_id=4520fbdc666c4287a6eb9a592ab81059", "description": "Instrument GP03FLMB-RI001-12-CTDMOG999 core OOI data product", "name": "CONDWAT Conductivity", "ion_name": "Conductivity L1 CTDMO 250m Low Power Sub-surface Mooring B - Global Station Papa Mesoscale Flanking B", "erddap_url": "http://erddap.b.oceanobservatories.org:8080/erddap/tabledap/data4520fbdc666c4287a6eb9a592ab81059.html", "processing_level_code": "L1", "ts_updated": "1391558043873", "type_": "DataProduct", "quality_control_level": "a", "_id": "4520fbdc666c4287a6eb9a592ab81059", "availability": "AVAILABLE", "lcstate": "DEPLOYED"}, {"product_download_size_estimated": 0.0, "ion_url": "http://sg.b.oceanobservatories.org:5000/ion-service/data_product_management/get_data_product_extension?data_product_id=31972b854e4b413a9b329bebcc720505", "description": "Instrument GP03FLMB-RI001-16-CTDMOH999 core OOI data product", "name": "DENSITY Density", "ion_name": "Density L2 CTDMO 1000m Low Power Sub-surface Mooring B - Global Station Papa Mesoscale Flanking B", "erddap_url": "http://erddap.b.oceanobservatories.org:8080/erddap/tabledap/data31972b854e4b413a9b329bebcc720505.html", "processing_level_code": "L2", "ts_updated": "1391558454587", "type_": "DataProduct", "quality_control_level": "b", "_id": "31972b854e4b413a9b329bebcc720505", "availability": "AVAILABLE", "lcstate": "DEPLOYED"}, {"product_download_size_estimated": 0.0, "ion_url": "http://sg.b.oceanobservatories.org:5000/ion-service/data_product_management/get_data_product_extension?data_product_id=4d27b911caef492d94fca2ce4c8d5549", "description": "Instrument GP03FLMB-RI001-10-CTDMOG999 core OOI data product", "name": "TEMPWAT Water Temperature", "ion_name": "Temperature L1 CTDMO 130m Low Power Sub-surface Mooring B - Global Station Papa Mesoscale Flanking B", "erddap_url": "http://erddap.b.oceanobservatories.org:8080/erddap/tabledap/data4d27b911caef492d94fca2ce4c8d5549.html", "processing_level_code": "L1", "ts_updated": "1391559161688", "type_": "DataProduct", "quality_control_level": "a", "_id": "4d27b911caef492d94fca2ce4c8d5549", "availability": "AVAILABLE", "lcstate": "DEPLOYED"}, {"product_download_size_estimated": 0.0, "ion_url": "http://sg.b.oceanobservatories.org:5000/ion-service/data_product_management/get_data_product_extension?data_product_id=353c1b4f63124e5ab8bb7b5e694d7f43", "description": "Instrument GP03FLMB-RI001-17-CTDMOH999 core OOI data product", "name": "CONDWAT Conductivity", "ion_name": "Conductivity L1 CTDMO 1500m Low Power Sub-surface Mooring B - Global Station Papa Mesoscale Flanking B", "erddap_url": "http://erddap.b.oceanobservatories.org:8080/erddap/tabledap/data353c1b4f63124e5ab8bb7b5e694d7f43.html", "processing_level_code": "L1", "ts_updated": "1391558932619", "type_": "DataProduct", "quality_control_level": "a", "_id": "353c1b4f63124e5ab8bb7b5e694d7f43", "availability": "AVAILABLE", "lcstate": "DEPLOYED"}, {"product_download_size_estimated": 0.0, "ion_url": "http://sg.b.oceanobservatories.org:5000/ion-service/data_product_management/get_data_product_extension?data_product_id=a74612fa4bcb402cb5e4c6c6de7248f3", "description": "Instrument GP03FLMB-RI001-14-CTDMOG999 core OOI data product", "name": "TEMPWAT Water Temperature", "ion_name": "Temperature L0 CTDMO 500m Low Power Sub-surface Mooring B - Global Station Papa Mesoscale Flanking B", "erddap_url": "http://erddap.b.oceanobservatories.org:8080/erddap/tabledap/dataa74612fa4bcb402cb5e4c6c6de7248f3.html", "processing_level_code": "L0", "ts_updated": "1391558241557", "type_": "DataProduct", "quality_control_level": "N/A", "_id": "a74612fa4bcb402cb5e4c6c6de7248f3", "availability": "AVAILABLE", "lcstate": "DEPLOYED"}, {"product_download_size_estimated": 0.0, "ion_url": "http://sg.b.oceanobservatories.org:5000/ion-service/data_product_management/get_data_product_extension?data_product_id=1b1a8f68ff1b474787eb7d57ac87476a", "description": "Instrument GP03FLMB-RI001-15-CTDMOH999 core OOI data product", "name": "PRESWAT Pressure (Depth)", "ion_name": "Pressure (Depth) L1 CTDMO 750m Low Power Sub-surface Mooring B - Global Station Papa Mesoscale Flanking B", "erddap_url": "http://erddap.b.oceanobservatories.org:8080/erddap/tabledap/data1b1a8f68ff1b474787eb7d57ac87476a.html", "processing_level_code": "L1", "ts_updated": "1391558012983", "type_": "DataProduct", "quality_control_level": "a", "_id": "1b1a8f68ff1b474787eb7d57ac87476a", "availability": "AVAILABLE", "lcstate": "DEPLOYED"}, {"product_download_size_estimated": 0.0, "ion_url": "http://sg.b.oceanobservatories.org:5000/ion-service/data_product_management/get_data_product_extension?data_product_id=165114e0ae3546bbae7cb17b289f77c3", "description": "Instrument GP03FLMB-RI001-17-CTDMOH999 core OOI data product", "name": "PRESWAT Pressure (Depth)", "ion_name": "Pressure (Depth) L1 CTDMO 1500m Low Power Sub-surface Mooring B - Global Station Papa Mesoscale Flanking B", "erddap_url": "http://erddap.b.oceanobservatories.org:8080/erddap/tabledap/data165114e0ae3546bbae7cb17b289f77c3.html", "processing_level_code": "L1", "ts_updated": "1391558961621", "type_": "DataProduct", "quality_control_level": "a", "_id": "165114e0ae3546bbae7cb17b289f77c3", "availability": "AVAILABLE", "lcstate": "DEPLOYED"}, {"product_download_size_estimated": 0.0, "ion_url": "http://sg.b.oceanobservatories.org:5000/ion-service/data_product_management/get_data_product_extension?data_product_id=09ccb6bee84c42548d9de03cf038f0e9", "description": "Instrument GP03FLMB-RI001-12-CTDMOG999 core OOI data product", "name": "TEMPWAT Water Temperature", "ion_name": "Temperature L1 CTDMO 250m Low Power Sub-surface Mooring B - Global Station Papa Mesoscale Flanking B", "erddap_url": "http://erddap.b.oceanobservatories.org:8080/erddap/tabledap/data09ccb6bee84c42548d9de03cf038f0e9.html", "processing_level_code": "L1", "ts_updated": "1391558074188", "type_": "DataProduct", "quality_control_level": "a", "_id": "09ccb6bee84c42548d9de03cf038f0e9", "availability": "AVAILABLE", "lcstate": "DEPLOYED"}, {"product_download_size_estimated": 0.0, "ion_url": "http://sg.b.oceanobservatories.org:5000/ion-service/data_product_management/get_data_product_extension?data_product_id=1471b83f1bab4951bedc292cbe205ded", "description": "Instrument GP03FLMB-RI001-11-CTDMOG999 core OOI data product", "name": "PRACSAL Salinity", "ion_name": "Practical Salinity L2 CTDMO 180m Low Power Sub-surface Mooring B - Global Station Papa Mesoscale Flanking B", "erddap_url": "http://erddap.b.oceanobservatories.org:8080/erddap/tabledap/data1471b83f1bab4951bedc292cbe205ded.html", "processing_level_code": "L2", "ts_updated": "1391560116927", "type_": "DataProduct", "quality_control_level": "b", "_id": "1471b83f1bab4951bedc292cbe205ded", "availability": "AVAILABLE", "lcstate": "DEPLOYED"}, {"product_download_size_estimated": 0.0, "ion_url": "http://sg.b.oceanobservatories.org:5000/ion-service/data_product_management/get_data_product_extension?data_product_id=090257423ab4410f86b8c1b6c0b0c54b", "description": "Instrument GP03FLMB-RI001-06-CTDMOG999 core OOI data product", "name": "DENSITY Density", "ion_name": "Density L2 CTDMO 30m Low Power Sub-surface Mooring B - Global Station Papa Mesoscale Flanking B", "erddap_url": "http://erddap.b.oceanobservatories.org:8080/erddap/tabledap/data090257423ab4410f86b8c1b6c0b0c54b.html", "processing_level_code": "L2", "ts_updated": "1391558556121", "type_": "DataProduct", "quality_control_level": "b", "_id": "090257423ab4410f86b8c1b6c0b0c54b", "availability": "AVAILABLE", "lcstate": "DEPLOYED"}, {"product_download_size_estimated": 0.0, "ion_url": "http://sg.b.oceanobservatories.org:5000/ion-service/data_product_management/get_data_product_extension?data_product_id=a170260746b9457e8f609e7d694bd23c", "description": "Instrument GP03FLMB-RI001-13-CTDMOG999 core OOI data product", "name": "CONDWAT Conductivity", "ion_name": "Conductivity L0 CTDMO 350m Low Power Sub-surface Mooring B - Global Station Papa Mesoscale Flanking B", "erddap_url": "http://erddap.b.oceanobservatories.org:8080/erddap/tabledap/dataa170260746b9457e8f609e7d694bd23c.html", "processing_level_code": "L0", "ts_updated": "1391558293901", "type_": "DataProduct", "quality_control_level": "N/A", "_id": "a170260746b9457e8f609e7d694bd23c", "availability": "AVAILABLE", "lcstate": "DEPLOYED"}, {"product_download_size_estimated": 0.0, "ion_url": "http://sg.b.oceanobservatories.org:5000/ion-service/data_product_management/get_data_product_extension?data_product_id=c83a8b316c574aed9f3cdf36fd489d57", "description": "Instrument GP03FLMB-RI001-14-CTDMOG999 core OOI data product", "name": "PRACSAL Salinity", "ion_name": "Practical Salinity L2 CTDMO 500m Low Power Sub-surface Mooring B - Global Station Papa Mesoscale Flanking B", "erddap_url": "http://erddap.b.oceanobservatories.org:8080/erddap/tabledap/datac83a8b316c574aed9f3cdf36fd489d57.html", "processing_level_code": "L2", "ts_updated": "1391558224626", "type_": "DataProduct", "quality_control_level": "b", "_id": "c83a8b316c574aed9f3cdf36fd489d57", "availability": "AVAILABLE", "lcstate": "DEPLOYED"}, {"product_download_size_estimated": 0.0, "ion_url": "http://sg.b.oceanobservatories.org:5000/ion-service/data_product_management/get_data_product_extension?data_product_id=38e7810858ad40fbbb962e827207f82c", "description": "Instrument GP03FLMB-RI001-17-CTDMOH999 core OOI data product", "name": "PRESWAT Pressure (Depth)", "ion_name": "Pressure (Depth) L0 CTDMO 1500m Low Power Sub-surface Mooring B - Global Station Papa Mesoscale Flanking B", "erddap_url": "http://erddap.b.oceanobservatories.org:8080/erddap/tabledap/data38e7810858ad40fbbb962e827207f82c.html", "processing_level_code": "L0", "ts_updated": "1391558954673", "type_": "DataProduct", "quality_control_level": "N/A", "_id": "38e7810858ad40fbbb962e827207f82c", "availability": "AVAILABLE", "lcstate": "DEPLOYED"}, {"product_download_size_estimated": 0.0, "ion_url": "http://sg.b.oceanobservatories.org:5000/ion-service/data_product_management/get_data_product_extension?data_product_id=2aedba4a6e3041cd98962b7bc90aefb4", "description": "Instrument GP03FLMB-RI001-08-CTDMOG999 core OOI data product", "name": "CONDWAT Conductivity", "ion_name": "Conductivity L0 CTDMO 60m Low Power Sub-surface Mooring B - Global Station Papa Mesoscale Flanking B", "erddap_url": "http://erddap.b.oceanobservatories.org:8080/erddap/tabledap/data2aedba4a6e3041cd98962b7bc90aefb4.html", "processing_level_code": "L0", "ts_updated": "1391559413218", "type_": "DataProduct", "quality_control_level": "N/A", "_id": "2aedba4a6e3041cd98962b7bc90aefb4", "availability": "AVAILABLE", "lcstate": "DEPLOYED"}, {"product_download_size_estimated": 0.0, "ion_url": "http://sg.b.oceanobservatories.org:5000/ion-service/data_product_management/get_data_product_extension?data_product_id=df4d00b8c9414b0d96e3a08a018a4241", "description": "Instrument GP03FLMB-RI001-11-CTDMOG999 core OOI data product", "name": "TEMPWAT Water Temperature", "ion_name": "Temperature L0 CTDMO 180m Low Power Sub-surface Mooring B - Global Station Papa Mesoscale Flanking B", "erddap_url": "http://erddap.b.oceanobservatories.org:8080/erddap/tabledap/datadf4d00b8c9414b0d96e3a08a018a4241.html", "processing_level_code": "L0", "ts_updated": "1391560143808", "type_": "DataProduct", "quality_control_level": "N/A", "_id": "df4d00b8c9414b0d96e3a08a018a4241", "availability": "AVAILABLE", "lcstate": "DEPLOYED"}, {"product_download_size_estimated": 0.0, "ion_url": "http://sg.b.oceanobservatories.org:5000/ion-service/data_product_management/get_data_product_extension?data_product_id=3b0acd8f8f9e4fd490f042924b9d0ac2", "description": "Instrument GP03FLMB-RI001-17-CTDMOH999 core OOI data product", "name": "TEMPWAT Water Temperature", "ion_name": "Temperature L1 CTDMO 1500m Low Power Sub-surface Mooring B - Global Station Papa Mesoscale Flanking B", "erddap_url": "http://erddap.b.oceanobservatories.org:8080/erddap/tabledap/data3b0acd8f8f9e4fd490f042924b9d0ac2.html", "processing_level_code": "L1", "ts_updated": "1391558975702", "type_": "DataProduct", "quality_control_level": "a", "_id": "3b0acd8f8f9e4fd490f042924b9d0ac2", "availability": "AVAILABLE", "lcstate": "DEPLOYED"}, {"product_download_size_estimated": 0.0, "ion_url": "http://sg.b.oceanobservatories.org:5000/ion-service/data_product_management/get_data_product_extension?data_product_id=0589c05a6d1a4b89b7ffb540b994a080", "description": "Instrument GP03FLMB-RI001-02-PHSENF999 core OOI data product", "name": "ABSTHRM none", "ion_name": "PHSEN Thermistor Temperature L0 PHSEN Low Power Sub-surface Mooring B - Global Station Papa Mesoscale Flanking B", "erddap_url": "http://erddap.b.oceanobservatories.org:8080/erddap/tabledap/data0589c05a6d1a4b89b7ffb540b994a080.html", "processing_level_code": "L0", "ts_updated": "1391559723331", "type_": "DataProduct", "quality_control_level": "N/A", "_id": "0589c05a6d1a4b89b7ffb540b994a080", "availability": "AVAILABLE", "lcstate": "DEPLOYED"}, {"product_download_size_estimated": 0.0, "ion_url": "http://sg.b.oceanobservatories.org:5000/ion-service/data_product_management/get_data_product_extension?data_product_id=583d0bf7fb3e4c4a92a6703a12eb854c", "description": "Instrument GP03FLMB-RI001-10-CTDMOG999 core OOI data product", "name": "TEMPWAT Water Temperature", "ion_name": "Temperature L0 CTDMO 130m Low Power Sub-surface Mooring B - Global Station Papa Mesoscale Flanking B", "erddap_url": "http://erddap.b.oceanobservatories.org:8080/erddap/tabledap/data583d0bf7fb3e4c4a92a6703a12eb854c.html", "processing_level_code": "L0", "ts_updated": "1391559153776", "type_": "DataProduct", "quality_control_level": "N/A", "_id": "583d0bf7fb3e4c4a92a6703a12eb854c", "availability": "AVAILABLE", "lcstate": "DEPLOYED"}, {"product_download_size_estimated": 0.0, "ion_url": "http://sg.b.oceanobservatories.org:5000/ion-service/data_product_management/get_data_product_extension?data_product_id=aedb8f227f68417bb2f05c2ee21158f7", "description": "Instrument GP03FLMB-RI001-16-CTDMOH999 core OOI data product", "name": "TEMPWAT Water Temperature", "ion_name": "Temperature L1 CTDMO 1000m Low Power Sub-surface Mooring B - Global Station Papa Mesoscale Flanking B", "erddap_url": "http://erddap.b.oceanobservatories.org:8080/erddap/tabledap/dataaedb8f227f68417bb2f05c2ee21158f7.html", "processing_level_code": "L1", "ts_updated": "1391558485954", "type_": "DataProduct", "quality_control_level": "a", "_id": "aedb8f227f68417bb2f05c2ee21158f7", "availability": "AVAILABLE", "lcstate": "DEPLOYED"}, {"product_download_size_estimated": 0.0, "ion_url": "http://sg.b.oceanobservatories.org:5000/ion-service/data_product_management/get_data_product_extension?data_product_id=9ebe61a321074acfbe72c5ff9b6e5062", "description": "Instrument GP03FLMB-RI001-14-CTDMOG999 core OOI data product", "name": "DENSITY Density", "ion_name": "Density L2 CTDMO 500m Low Power Sub-surface Mooring B - Global Station Papa Mesoscale Flanking B", "erddap_url": "http://erddap.b.oceanobservatories.org:8080/erddap/tabledap/data9ebe61a321074acfbe72c5ff9b6e5062.html", "processing_level_code": "L2", "ts_updated": "1391558218956", "type_": "DataProduct", "quality_control_level": "b", "_id": "9ebe61a321074acfbe72c5ff9b6e5062", "availability": "AVAILABLE", "lcstate": "DEPLOYED"}, {"product_download_size_estimated": 0.0, "ion_url": "http://sg.b.oceanobservatories.org:5000/ion-service/data_product_management/get_data_product_extension?data_product_id=57e2333bdec84990906b65171a09f55c", "description": "Instrument GP03FLMB-RI001-09-CTDMOG999 core OOI data product", "name": "TEMPWAT Water Temperature", "ion_name": "Temperature L0 CTDMO 90m Low Power Sub-surface Mooring B - Global Station Papa Mesoscale Flanking B", "erddap_url": "http://erddap.b.oceanobservatories.org:8080/erddap/tabledap/data57e2333bdec84990906b65171a09f55c.html", "processing_level_code": "L0", "ts_updated": "1391557737831", "type_": "DataProduct", "quality_control_level": "N/A", "_id": "57e2333bdec84990906b65171a09f55c", "availability": "AVAILABLE", "lcstate": "DEPLOYED"}, {"product_download_size_estimated": 0.0, "ion_url": "http://sg.b.oceanobservatories.org:5000/ion-service/data_product_management/get_data_product_extension?data_product_id=dfc98cfda2e14848b6281c2ef46746c6", "description": "Instrument GP03FLMB-RI001-15-CTDMOH999 core OOI data product", "name": "DENSITY Density", "ion_name": "Density L2 CTDMO 750m Low Power Sub-surface Mooring B - Global Station Papa Mesoscale Flanking B", "erddap_url": "http://erddap.b.oceanobservatories.org:8080/erddap/tabledap/datadfc98cfda2e14848b6281c2ef46746c6.html", "processing_level_code": "L2", "ts_updated": "1391557998055", "type_": "DataProduct", "quality_control_level": "b", "_id": "dfc98cfda2e14848b6281c2ef46746c6", "availability": "AVAILABLE", "lcstate": "DEPLOYED"}, {"product_download_size_estimated": 0.0, "ion_url": "http://sg.b.oceanobservatories.org:5000/ion-service/data_product_management/get_data_product_extension?data_product_id=938d8a079e1741ff93808aa98a5fad76", "description": "Instrument GP03FLMB-RI001-09-CTDMOG999 core OOI data product", "name": "PRESWAT Pressure (Depth)", "ion_name": "Pressure (Depth) L0 CTDMO 90m Low Power Sub-surface Mooring B - Global Station Papa Mesoscale Flanking B", "erddap_url": "http://erddap.b.oceanobservatories.org:8080/erddap/tabledap/data938d8a079e1741ff93808aa98a5fad76.html", "processing_level_code": "L0", "ts_updated": "1391557729887", "type_": "DataProduct", "quality_control_level": "N/A", "_id": "938d8a079e1741ff93808aa98a5fad76", "availability": "AVAILABLE", "lcstate": "DEPLOYED"}, {"product_download_size_estimated": 0.0, "ion_url": "http://sg.b.oceanobservatories.org:5000/ion-service/data_product_management/get_data_product_extension?data_product_id=283c2c7fbb4e48f58fdb590c043656d7", "description": "Instrument GP03FLMB-RI001-01-FLORTD999 core OOI data product", "name": "CDOMFLO Colored Dissolved Organic Matter (CDOM) fluorescence", "ion_name": "Fluorometric CDOM Concentration L1 FLORT Low Power Sub-surface Mooring B - Global Station Papa Mesoscale Flanking B", "erddap_url": "http://erddap.b.oceanobservatories.org:8080/erddap/tabledap/data283c2c7fbb4e48f58fdb590c043656d7.html", "processing_level_code": "L1", "ts_updated": "1391557687721", "type_": "DataProduct", "quality_control_level": "a", "_id": "283c2c7fbb4e48f58fdb590c043656d7", "availability": "AVAILABLE", "lcstate": "DEPLOYED"}, {"product_download_size_estimated": 0.0, "ion_url": "http://sg.b.oceanobservatories.org:5000/ion-service/data_product_management/get_data_product_extension?data_product_id=7586499d3ac74f57a7aaeafe5ca6fa6b", "description": "Instrument GP03FLMB-RI001-08-CTDMOG999 core OOI data product", "name": "CONDWAT Conductivity", "ion_name": "Conductivity L1 CTDMO 60m Low Power Sub-surface Mooring B - Global Station Papa Mesoscale Flanking B", "erddap_url": "http://erddap.b.oceanobservatories.org:8080/erddap/tabledap/data7586499d3ac74f57a7aaeafe5ca6fa6b.html", "processing_level_code": "L1", "ts_updated": "1391559420997", "type_": "DataProduct", "quality_control_level": "a", "_id": "7586499d3ac74f57a7aaeafe5ca6fa6b", "availability": "AVAILABLE", "lcstate": "DEPLOYED"}, {"product_download_size_estimated": 0.0, "ion_url": "http://sg.b.oceanobservatories.org:5000/ion-service/data_product_management/get_data_product_extension?data_product_id=44d4fdb426a6478ea7d5907f7a2386d1", "description": "Instrument GP03FLMB-RI001-06-CTDMOG999 core OOI data product", "name": "CONDWAT Conductivity", "ion_name": "Conductivity L1 CTDMO 30m Low Power Sub-surface Mooring B - Global Station Papa Mesoscale Flanking B", "erddap_url": "http://erddap.b.oceanobservatories.org:8080/erddap/tabledap/data44d4fdb426a6478ea7d5907f7a2386d1.html", "processing_level_code": "L1", "ts_updated": "1391558549840", "type_": "DataProduct", "quality_control_level": "a", "_id": "44d4fdb426a6478ea7d5907f7a2386d1", "availability": "AVAILABLE", "lcstate": "DEPLOYED"}, {"product_download_size_estimated": 0.0, "ion_url": "http://sg.b.oceanobservatories.org:5000/ion-service/data_product_management/get_data_product_extension?data_product_id=b25a658e66594f6abd2fc47ab511edd0", "description": "Instrument GP03FLMB-RI001-16-CTDMOH999 core OOI data product", "name": "PRACSAL Salinity", "ion_name": "Practical Salinity L2 CTDMO 1000m Low Power Sub-surface Mooring B - Global Station Papa Mesoscale Flanking B", "erddap_url": "http://erddap.b.oceanobservatories.org:8080/erddap/tabledap/datab25a658e66594f6abd2fc47ab511edd0.html", "processing_level_code": "L2", "ts_updated": "1391558460804", "type_": "DataProduct", "quality_control_level": "b", "_id": "b25a658e66594f6abd2fc47ab511edd0", "availability": "AVAILABLE", "lcstate": "DEPLOYED"}, {"product_download_size_estimated": 0.0, "ion_url": "http://sg.b.oceanobservatories.org:5000/ion-service/data_product_management/get_data_product_extension?data_product_id=625ddddc41104709a4267f3c73596ae8", "description": "Instrument GP03FLMB-RI001-07-CTDMOG999 core OOI data product", "name": "CONDWAT Conductivity", "ion_name": "Conductivity L0 CTDMO 40m Low Power Sub-surface Mooring B - Global Station Papa Mesoscale Flanking B", "erddap_url": "http://erddap.b.oceanobservatories.org:8080/erddap/tabledap/data625ddddc41104709a4267f3c73596ae8.html", "processing_level_code": "L0", "ts_updated": "1391558351582", "type_": "DataProduct", "quality_control_level": "N/A", "_id": "625ddddc41104709a4267f3c73596ae8", "availability": "AVAILABLE", "lcstate": "DEPLOYED"}, {"product_download_size_estimated": 0.0, "ion_url": "http://sg.b.oceanobservatories.org:5000/ion-service/data_product_management/get_data_product_extension?data_product_id=110bb8b5333148beaf1342b80ced76c6", "description": "Instrument GP03FLMB-RI001-09-CTDMOG999 core OOI data product", "name": "PRESWAT Pressure (Depth)", "ion_name": "Pressure (Depth) L1 CTDMO 90m Low Power Sub-surface Mooring B - Global Station Papa Mesoscale Flanking B", "erddap_url": "http://erddap.b.oceanobservatories.org:8080/erddap/tabledap/data110bb8b5333148beaf1342b80ced76c6.html", "processing_level_code": "L1", "ts_updated": "1391557733736", "type_": "DataProduct", "quality_control_level": "a", "_id": "110bb8b5333148beaf1342b80ced76c6", "availability": "AVAILABLE", "lcstate": "DEPLOYED"}, {"product_download_size_estimated": 0.0, "ion_url": "http://sg.b.oceanobservatories.org:5000/ion-service/data_product_management/get_data_product_extension?data_product_id=12b4465751694f12b0d818441e6f9cf8", "description": "Instrument GP03FLMB-RI001-12-CTDMOG999 core OOI data product", "name": "CONDWAT Conductivity", "ion_name": "Conductivity L0 CTDMO 250m Low Power Sub-surface Mooring B - Global Station Papa Mesoscale Flanking B", "erddap_url": "http://erddap.b.oceanobservatories.org:8080/erddap/tabledap/data12b4465751694f12b0d818441e6f9cf8.html", "processing_level_code": "L0", "ts_updated": "1391558038662", "type_": "DataProduct", "quality_control_level": "N/A", "_id": "12b4465751694f12b0d818441e6f9cf8", "availability": "AVAILABLE", "lcstate": "DEPLOYED"}, {"product_download_size_estimated": 0.0, "ion_url": "http://sg.b.oceanobservatories.org:5000/ion-service/data_product_management/get_data_product_extension?data_product_id=6d87a777a31b413782478d3e4e716303", "description": "Instrument GP03FLMB-RI001-02-PHSENF999 core OOI data product", "name": "PHWATER pH", "ion_name": "pH L1 PHSEN Low Power Sub-surface Mooring B - Global Station Papa Mesoscale Flanking B", "erddap_url": "http://erddap.b.oceanobservatories.org:8080/erddap/tabledap/data6d87a777a31b413782478d3e4e716303.html", "processing_level_code": "L1", "ts_updated": "1391559739307", "type_": "DataProduct", "quality_control_level": "a", "_id": "6d87a777a31b413782478d3e4e716303", "availability": "AVAILABLE", "lcstate": "DEPLOYED"}, {"product_download_size_estimated": 0.0, "ion_url": "http://sg.b.oceanobservatories.org:5000/ion-service/data_product_management/get_data_product_extension?data_product_id=eca8c814fc4140f68b759cfa8b4595d4", "description": "Instrument GP03FLMB-RI001-14-CTDMOG999 data product: parsed samples", "name": "ctdmo_parsed", "ion_name": "Instrument GP03FLMB-RI001-14-CTDMOG999 stream 'ctdmo_parsed' data product", "erddap_url": "http://erddap.b.oceanobservatories.org:8080/erddap/tabledap/dataeca8c814fc4140f68b759cfa8b4595d4.html", "processing_level_code": "Parsed", "ts_updated": "1391558202696", "type_": "DataProduct", "quality_control_level": "a", "_id": "eca8c814fc4140f68b759cfa8b4595d4", "availability": "AVAILABLE", "lcstate": "DEPLOYED"}, {"product_download_size_estimated": 0.0, "ion_url": "http://sg.b.oceanobservatories.org:5000/ion-service/data_product_management/get_data_product_extension?data_product_id=c1f53acad439408dadd522c4b201e6bd", "description": "Instrument GP03FLMB-RI001-01-FLORTD999 core OOI data product", "name": "FLUBSCT Optical Backscatter", "ion_name": "Optical Backscatter (Red Wavelengths) L0 FLORT Low Power Sub-surface Mooring B - Global Station Papa Mesoscale Flanking B", "erddap_url": "http://erddap.b.oceanobservatories.org:8080/erddap/tabledap/datac1f53acad439408dadd522c4b201e6bd.html", "processing_level_code": "L0", "ts_updated": "1391557697737", "type_": "DataProduct", "quality_control_level": "N/A", "_id": "c1f53acad439408dadd522c4b201e6bd", "availability": "AVAILABLE", "lcstate": "DEPLOYED"}, {"product_download_size_estimated": 0.0, "ion_url": "http://sg.b.oceanobservatories.org:5000/ion-service/data_product_management/get_data_product_extension?data_product_id=56d76482a06c4147af82ca5475de5c21", "description": "Instrument GP03FLMB-RI001-16-CTDMOH999 core OOI data product", "name": "CONDWAT Conductivity", "ion_name": "Conductivity L1 CTDMO 1000m Low Power Sub-surface Mooring B - Global Station Papa Mesoscale Flanking B", "erddap_url": "http://erddap.b.oceanobservatories.org:8080/erddap/tabledap/data56d76482a06c4147af82ca5475de5c21.html", "processing_level_code": "L1", "ts_updated": "1391558448763", "type_": "DataProduct", "quality_control_level": "a", "_id": "56d76482a06c4147af82ca5475de5c21", "availability": "AVAILABLE", "lcstate": "DEPLOYED"}, {"product_download_size_estimated": 0.0, "ion_url": "http://sg.b.oceanobservatories.org:5000/ion-service/data_product_management/get_data_product_extension?data_product_id=f95e0427270e484da7136460dd672e52", "description": "Instrument GP03FLMB-RI001-12-CTDMOG999 core OOI data product", "name": "PRESWAT Pressure (Depth)", "ion_name": "Pressure (Depth) L1 CTDMO 250m Low Power Sub-surface Mooring B - Global Station Papa Mesoscale Flanking B", "erddap_url": "http://erddap.b.oceanobservatories.org:8080/erddap/tabledap/dataf95e0427270e484da7136460dd672e52.html", "processing_level_code": "L1", "ts_updated": "1391558064169", "type_": "DataProduct", "quality_control_level": "a", "_id": "f95e0427270e484da7136460dd672e52", "availability": "AVAILABLE", "lcstate": "DEPLOYED"}, {"product_download_size_estimated": 0.0, "ion_url": "http://sg.b.oceanobservatories.org:5000/ion-service/data_product_management/get_data_product_extension?data_product_id=5090992204674d8787de89806e6dc8f9", "description": "Instrument GP03FLMB-RI001-04-ADCPSL999 data product: parsed samples", "name": "adcps_parsed", "ion_name": "Instrument GP03FLMB-RI001-04-ADCPSL999 stream 'adcps_parsed' data product", "erddap_url": "http://erddap.b.oceanobservatories.org:8080/erddap/tabledap/data5090992204674d8787de89806e6dc8f9.html", "processing_level_code": "Parsed", "ts_updated": "1391557764974", "type_": "DataProduct", "quality_control_level": "a", "_id": "5090992204674d8787de89806e6dc8f9", "availability": "AVAILABLE", "lcstate": "DEPLOYED"}, {"product_download_size_estimated": 0.0, "ion_url": "http://sg.b.oceanobservatories.org:5000/ion-service/data_product_management/get_data_product_extension?data_product_id=b74cb3697b394a7ea37b54b0454cc8e3", "description": "Instrument GP03FLMB-RI001-14-CTDMOG999 core OOI data product", "name": "PRESWAT Pressure (Depth)", "ion_name": "Pressure (Depth) L1 CTDMO 500m Low Power Sub-surface Mooring B - Global Station Papa Mesoscale Flanking B", "erddap_url": "http://erddap.b.oceanobservatories.org:8080/erddap/tabledap/datab74cb3697b394a7ea37b54b0454cc8e3.html", "processing_level_code": "L1", "ts_updated": "1391558235983", "type_": "DataProduct", "quality_control_level": "a", "_id": "b74cb3697b394a7ea37b54b0454cc8e3", "availability": "AVAILABLE", "lcstate": "DEPLOYED"}, {"product_download_size_estimated": 0.0, "ion_url": "http://sg.b.oceanobservatories.org:5000/ion-service/data_product_management/get_data_product_extension?data_product_id=f34a4a6ca5364962ad03f229dc5269de", "description": "Instrument GP03FLMB-RI001-17-CTDMOH999 core OOI data product", "name": "PRACSAL Salinity", "ion_name": "Practical Salinity L2 CTDMO 1500m Low Power Sub-surface Mooring B - Global Station Papa Mesoscale Flanking B", "erddap_url": "http://erddap.b.oceanobservatories.org:8080/erddap/tabledap/dataf34a4a6ca5364962ad03f229dc5269de.html", "processing_level_code": "L2", "ts_updated": "1391558947312", "type_": "DataProduct", "quality_control_level": "b", "_id": "f34a4a6ca5364962ad03f229dc5269de", "availability": "AVAILABLE", "lcstate": "DEPLOYED"}, {"product_download_size_estimated": 0.0, "ion_url": "http://sg.b.oceanobservatories.org:5000/ion-service/data_product_management/get_data_product_extension?data_product_id=ed1d3dbaa89d44a0813510a5306f3957", "description": "Instrument GP03FLMB-RI001-11-CTDMOG999 data product: parsed samples", "name": "ctdmo_parsed", "ion_name": "Instrument GP03FLMB-RI001-11-CTDMOG999 stream 'ctdmo_parsed' data product", "erddap_url": "http://erddap.b.oceanobservatories.org:8080/erddap/tabledap/dataed1d3dbaa89d44a0813510a5306f3957.html", "processing_level_code": "Parsed", "ts_updated": "1391560080169", "type_": "DataProduct", "quality_control_level": "a", "_id": "ed1d3dbaa89d44a0813510a5306f3957", "availability": "AVAILABLE", "lcstate": "DEPLOYED"}, {"product_download_size_estimated": 0.0, "ion_url": "http://sg.b.oceanobservatories.org:5000/ion-service/data_product_management/get_data_product_extension?data_product_id=fdd185cb5884496880da2d6a959bc0a3", "description": "Instrument GP03FLMB-RI001-01-FLORTD999 core OOI data product", "name": "CDOMFLO Colored Dissolved Organic Matter (CDOM) fluorescence", "ion_name": "Fluorometric CDOM Concentration L0 FLORT Low Power Sub-surface Mooring B - Global Station Papa Mesoscale Flanking B", "erddap_url": "http://erddap.b.oceanobservatories.org:8080/erddap/tabledap/datafdd185cb5884496880da2d6a959bc0a3.html", "processing_level_code": "L0", "ts_updated": "1391557684144", "type_": "DataProduct", "quality_control_level": "N/A", "_id": "fdd185cb5884496880da2d6a959bc0a3", "availability": "AVAILABLE", "lcstate": "DEPLOYED"}, {"product_download_size_estimated": 0.0, "ion_url": "http://sg.b.oceanobservatories.org:5000/ion-service/data_product_management/get_data_product_extension?data_product_id=fa8974a10bae456eb8395ce9997927bc", "description": "Instrument GP03FLMB-RI001-16-CTDMOH999 core OOI data product", "name": "PRESWAT Pressure (Depth)", "ion_name": "Pressure (Depth) L1 CTDMO 1000m Low Power Sub-surface Mooring B - Global Station Papa Mesoscale Flanking B", "erddap_url": "http://erddap.b.oceanobservatories.org:8080/erddap/tabledap/datafa8974a10bae456eb8395ce9997927bc.html", "processing_level_code": "L1", "ts_updated": "1391558472914", "type_": "DataProduct", "quality_control_level": "a", "_id": "fa8974a10bae456eb8395ce9997927bc", "availability": "AVAILABLE", "lcstate": "DEPLOYED"}, {"product_download_size_estimated": 0.0, "ion_url": "http://sg.b.oceanobservatories.org:5000/ion-service/data_product_management/get_data_product_extension?data_product_id=00d806c86d1f4796a3c489e689678e44", "description": "Instrument GP03FLMB-RI001-08-CTDMOG999 core OOI data product", "name": "DENSITY Density", "ion_name": "Density L2 CTDMO 60m Low Power Sub-surface Mooring B - Global Station Papa Mesoscale Flanking B", "erddap_url": "http://erddap.b.oceanobservatories.org:8080/erddap/tabledap/data00d806c86d1f4796a3c489e689678e44.html", "processing_level_code": "L2", "ts_updated": "1391559428659", "type_": "DataProduct", "quality_control_level": "b", "_id": "00d806c86d1f4796a3c489e689678e44", "availability": "AVAILABLE", "lcstate": "DEPLOYED"}, {"product_download_size_estimated": 0.0, "ion_url": "http://sg.b.oceanobservatories.org:5000/ion-service/data_product_management/get_data_product_extension?data_product_id=9d08b0df8eab45018dbc4b592f8a6806", "description": "Instrument GP03FLMB-RI001-02-PHSENF999 data product: parsed samples", "name": "phsen_parsed", "ion_name": "Instrument GP03FLMB-RI001-02-PHSENF999 stream 'phsen_parsed' data product", "erddap_url": "http://erddap.b.oceanobservatories.org:8080/erddap/tabledap/data9d08b0df8eab45018dbc4b592f8a6806.html", "processing_level_code": "Parsed", "ts_updated": "1391559715626", "type_": "DataProduct", "quality_control_level": "a", "_id": "9d08b0df8eab45018dbc4b592f8a6806", "availability": "AVAILABLE", "lcstate": "DEPLOYED"}, {"product_download_size_estimated": 0.0, "ion_url": "http://sg.b.oceanobservatories.org:5000/ion-service/data_product_management/get_data_product_extension?data_product_id=73cd8bbedb114eb3b31f3a1f8b657de4", "description": "Instrument GP03FLMB-RI001-07-CTDMOG999 core OOI data product", "name": "DENSITY Density", "ion_name": "Density L2 CTDMO 40m Low Power Sub-surface Mooring B - Global Station Papa Mesoscale Flanking B", "erddap_url": "http://erddap.b.oceanobservatories.org:8080/erddap/tabledap/data73cd8bbedb114eb3b31f3a1f8b657de4.html", "processing_level_code": "L2", "ts_updated": "1391558362890", "type_": "DataProduct", "quality_control_level": "b", "_id": "73cd8bbedb114eb3b31f3a1f8b657de4", "availability": "AVAILABLE", "lcstate": "DEPLOYED"}, {"product_download_size_estimated": 0.0, "ion_url": "http://sg.b.oceanobservatories.org:5000/ion-service/data_product_management/get_data_product_extension?data_product_id=2dce2dc559294e67876956a7fa9aaa3c", "description": "Instrument GP03FLMB-RI001-14-CTDMOG999 core OOI data product", "name": "PRESWAT Pressure (Depth)", "ion_name": "Pressure (Depth) L0 CTDMO 500m Low Power Sub-surface Mooring B - Global Station Papa Mesoscale Flanking B", "erddap_url": "http://erddap.b.oceanobservatories.org:8080/erddap/tabledap/data2dce2dc559294e67876956a7fa9aaa3c.html", "processing_level_code": "L0", "ts_updated": "1391558230439", "type_": "DataProduct", "quality_control_level": "N/A", "_id": "2dce2dc559294e67876956a7fa9aaa3c", "availability": "AVAILABLE", "lcstate": "DEPLOYED"}, {"product_download_size_estimated": 0.0, "ion_url": "http://sg.b.oceanobservatories.org:5000/ion-service/data_product_management/get_data_product_extension?data_product_id=e3638cbceab64c63a8a1622fd51f692e", "description": "Instrument GP03FLMB-RI001-11-CTDMOG999 core OOI data product", "name": "PRESWAT Pressure (Depth)", "ion_name": "Pressure (Depth) L0 CTDMO 180m Low Power Sub-surface Mooring B - Global Station Papa Mesoscale Flanking B", "erddap_url": "http://erddap.b.oceanobservatories.org:8080/erddap/tabledap/datae3638cbceab64c63a8a1622fd51f692e.html", "processing_level_code": "L0", "ts_updated": "1391560125799", "type_": "DataProduct", "quality_control_level": "N/A", "_id": "e3638cbceab64c63a8a1622fd51f692e", "availability": "AVAILABLE", "lcstate": "DEPLOYED"}, {"product_download_size_estimated": 0.0, "ion_url": "http://sg.b.oceanobservatories.org:5000/ion-service/data_product_management/get_data_product_extension?data_product_id=efcb4c70ca5340f095a5240d6d11e260", "description": "Instrument GP03FLMB-RI001-13-CTDMOG999 core OOI data product", "name": "TEMPWAT Water Temperature", "ion_name": "Temperature L1 CTDMO 350m Low Power Sub-surface Mooring B - Global Station Papa Mesoscale Flanking B", "erddap_url": "http://erddap.b.oceanobservatories.org:8080/erddap/tabledap/dataefcb4c70ca5340f095a5240d6d11e260.html", "processing_level_code": "L1", "ts_updated": "1391558333803", "type_": "DataProduct", "quality_control_level": "a", "_id": "efcb4c70ca5340f095a5240d6d11e260", "availability": "AVAILABLE", "lcstate": "DEPLOYED"}, {"product_download_size_estimated": 0.0, "ion_url": "http://sg.b.oceanobservatories.org:5000/ion-service/data_product_management/get_data_product_extension?data_product_id=99255bb5a7104867a9a356704f82a22f", "description": "Instrument GP03FLMB-RI001-09-CTDMOG999 core OOI data product", "name": "PRACSAL Salinity", "ion_name": "Practical Salinity L2 CTDMO 90m Low Power Sub-surface Mooring B - Global Station Papa Mesoscale Flanking B", "erddap_url": "http://erddap.b.oceanobservatories.org:8080/erddap/tabledap/data99255bb5a7104867a9a356704f82a22f.html", "processing_level_code": "L2", "ts_updated": "1391557725842", "type_": "DataProduct", "quality_control_level": "b", "_id": "99255bb5a7104867a9a356704f82a22f", "availability": "AVAILABLE", "lcstate": "DEPLOYED"}, {"product_download_size_estimated": 0.0, "ion_url": "http://sg.b.oceanobservatories.org:5000/ion-service/data_product_management/get_data_product_extension?data_product_id=f1fc94d281064711901bef5ae713e00a", "description": "Instrument GP03FLMB-RI001-09-CTDMOG999 core OOI data product", "name": "CONDWAT Conductivity", "ion_name": "Conductivity L1 CTDMO 90m Low Power Sub-surface Mooring B - Global Station Papa Mesoscale Flanking B", "erddap_url": "http://erddap.b.oceanobservatories.org:8080/erddap/tabledap/dataf1fc94d281064711901bef5ae713e00a.html", "processing_level_code": "L1", "ts_updated": "1391557718424", "type_": "DataProduct", "quality_control_level": "a", "_id": "f1fc94d281064711901bef5ae713e00a", "availability": "AVAILABLE", "lcstate": "DEPLOYED"}, {"product_download_size_estimated": 0.0, "ion_url": "http://sg.b.oceanobservatories.org:5000/ion-service/data_product_management/get_data_product_extension?data_product_id=979098e561fc446f93f288858ca5a806", "description": "Instrument GP03FLMB-RI001-10-CTDMOG999 core OOI data product", "name": "PRESWAT Pressure (Depth)", "ion_name": "Pressure (Depth) L1 CTDMO 130m Low Power Sub-surface Mooring B - Global Station Papa Mesoscale Flanking B", "erddap_url": "http://erddap.b.oceanobservatories.org:8080/erddap/tabledap/data979098e561fc446f93f288858ca5a806.html", "processing_level_code": "L1", "ts_updated": "1391559146529", "type_": "DataProduct", "quality_control_level": "a", "_id": "979098e561fc446f93f288858ca5a806", "availability": "AVAILABLE", "lcstate": "DEPLOYED"}, {"product_download_size_estimated": 0.0, "ion_url": "http://sg.b.oceanobservatories.org:5000/ion-service/data_product_management/get_data_product_extension?data_product_id=10b45e7a635d475abf23e04d3e797d12", "description": "Instrument GP03FLMB-RI001-17-CTDMOH999 core OOI data product", "name": "CONDWAT Conductivity", "ion_name": "Conductivity L0 CTDMO 1500m Low Power Sub-surface Mooring B - Global Station Papa Mesoscale Flanking B", "erddap_url": "http://erddap.b.oceanobservatories.org:8080/erddap/tabledap/data10b45e7a635d475abf23e04d3e797d12.html", "processing_level_code": "L0", "ts_updated": "1391558925843", "type_": "DataProduct", "quality_control_level": "N/A", "_id": "10b45e7a635d475abf23e04d3e797d12", "availability": "AVAILABLE", "lcstate": "DEPLOYED"}, {"product_download_size_estimated": 0.0, "ion_url": "http://sg.b.oceanobservatories.org:5000/ion-service/data_product_management/get_data_product_extension?data_product_id=85203b0b263a4f779a115a353bf57ae4", "description": "Instrument GP03FLMB-RI001-08-CTDMOG999 data product: parsed samples", "name": "ctdmo_parsed", "ion_name": "Instrument GP03FLMB-RI001-08-CTDMOG999 stream 'ctdmo_parsed' data product", "erddap_url": "http://erddap.b.oceanobservatories.org:8080/erddap/tabledap/data85203b0b263a4f779a115a353bf57ae4.html", "processing_level_code": "Parsed", "ts_updated": "1391559405423", "type_": "DataProduct", "quality_control_level": "a", "_id": "85203b0b263a4f779a115a353bf57ae4", "availability": "AVAILABLE", "lcstate": "DEPLOYED"}, {"product_download_size_estimated": 0.0, "ion_url": "http://sg.b.oceanobservatories.org:5000/ion-service/data_product_management/get_data_product_extension?data_product_id=866d63f3405c4543b979f04eb1d7c45f", "description": "Instrument GP03FLMB-RI001-14-CTDMOG999 core OOI data product", "name": "CONDWAT Conductivity", "ion_name": "Conductivity L0 CTDMO 500m Low Power Sub-surface Mooring B - Global Station Papa Mesoscale Flanking B", "erddap_url": "http://erddap.b.oceanobservatories.org:8080/erddap/tabledap/data866d63f3405c4543b979f04eb1d7c45f.html", "processing_level_code": "L0", "ts_updated": "1391558208210", "type_": "DataProduct", "quality_control_level": "N/A", "_id": "866d63f3405c4543b979f04eb1d7c45f", "availability": "AVAILABLE", "lcstate": "DEPLOYED"}, {"product_download_size_estimated": 0.0, "ion_url": "http://sg.b.oceanobservatories.org:5000/ion-service/data_product_management/get_data_product_extension?data_product_id=e2d21f0ce5c84f84b2e34a84b94e94d3", "description": "Instrument GP03FLMB-RI001-06-CTDMOG999 core OOI data product", "name": "PRESWAT Pressure (Depth)", "ion_name": "Pressure (Depth) L1 CTDMO 30m Low Power Sub-surface Mooring B - Global Station Papa Mesoscale Flanking B", "erddap_url": "http://erddap.b.oceanobservatories.org:8080/erddap/tabledap/datae2d21f0ce5c84f84b2e34a84b94e94d3.html", "processing_level_code": "L1", "ts_updated": "1391558575049", "type_": "DataProduct", "quality_control_level": "a", "_id": "e2d21f0ce5c84f84b2e34a84b94e94d3", "availability": "AVAILABLE", "lcstate": "DEPLOYED"}, {"product_download_size_estimated": 0.0, "ion_url": "http://sg.b.oceanobservatories.org:5000/ion-service/data_product_management/get_data_product_extension?data_product_id=49a5390e7c1147b0b31f0baa3ba9f126", "description": "Instrument GP03FLMB-RI001-17-CTDMOH999 data product: parsed samples", "name": "ctdmo_parsed", "ion_name": "Instrument GP03FLMB-RI001-17-CTDMOH999 stream 'ctdmo_parsed' data product", "erddap_url": "http://erddap.b.oceanobservatories.org:8080/erddap/tabledap/data49a5390e7c1147b0b31f0baa3ba9f126.html", "processing_level_code": "Parsed", "ts_updated": "1391558918285", "type_": "DataProduct", "quality_control_level": "a", "_id": "49a5390e7c1147b0b31f0baa3ba9f126", "availability": "AVAILABLE", "lcstate": "DEPLOYED"}, {"product_download_size_estimated": 0.0, "ion_url": "http://sg.b.oceanobservatories.org:5000/ion-service/data_product_management/get_data_product_extension?data_product_id=288519b1c9954aa1b4300da4ac321b91", "description": "Instrument GP03FLMB-RI001-08-CTDMOG999 core OOI data product", "name": "PRESWAT Pressure (Depth)", "ion_name": "Pressure (Depth) L1 CTDMO 60m Low Power Sub-surface Mooring B - Global Station Papa Mesoscale Flanking B", "erddap_url": "http://erddap.b.oceanobservatories.org:8080/erddap/tabledap/data288519b1c9954aa1b4300da4ac321b91.html", "processing_level_code": "L1", "ts_updated": "1391559453345", "type_": "DataProduct", "quality_control_level": "a", "_id": "288519b1c9954aa1b4300da4ac321b91", "availability": "AVAILABLE", "lcstate": "DEPLOYED"}, {"product_download_size_estimated": 0.0, "ion_url": "http://sg.b.oceanobservatories.org:5000/ion-service/data_product_management/get_data_product_extension?data_product_id=4ff891516a5a47de893d9f5b19f8cbd0", "description": "Instrument GP03FLMB-RI001-08-CTDMOG999 core OOI data product", "name": "TEMPWAT Water Temperature", "ion_name": "Temperature L0 CTDMO 60m Low Power Sub-surface Mooring B - Global Station Papa Mesoscale Flanking B", "erddap_url": "http://erddap.b.oceanobservatories.org:8080/erddap/tabledap/data4ff891516a5a47de893d9f5b19f8cbd0.html", "processing_level_code": "L0", "ts_updated": "1391559460527", "type_": "DataProduct", "quality_control_level": "N/A", "_id": "4ff891516a5a47de893d9f5b19f8cbd0", "availability": "AVAILABLE", "lcstate": "DEPLOYED"}, {"product_download_size_estimated": 0.0, "ion_url": "http://sg.b.oceanobservatories.org:5000/ion-service/data_product_management/get_data_product_extension?data_product_id=90d25544453c492483596558fa8ab219", "description": "Instrument GP03FLMB-RI001-08-CTDMOG999 core OOI data product", "name": "PRESWAT Pressure (Depth)", "ion_name": "Pressure (Depth) L0 CTDMO 60m Low Power Sub-surface Mooring B - Global Station Papa Mesoscale Flanking B", "erddap_url": "http://erddap.b.oceanobservatories.org:8080/erddap/tabledap/data90d25544453c492483596558fa8ab219.html", "processing_level_code": "L0", "ts_updated": "1391559444815", "type_": "DataProduct", "quality_control_level": "N/A", "_id": "90d25544453c492483596558fa8ab219", "availability": "AVAILABLE", "lcstate": "DEPLOYED"}, {"product_download_size_estimated": 0.0, "ion_url": "http://sg.b.oceanobservatories.org:5000/ion-service/data_product_management/get_data_product_extension?data_product_id=070a0db4548f4fa681dc77f91ada253d", "description": "Instrument GP03FLMB-RI001-07-CTDMOG999 core OOI data product", "name": "CONDWAT Conductivity", "ion_name": "Conductivity L1 CTDMO 40m Low Power Sub-surface Mooring B - Global Station Papa Mesoscale Flanking B", "erddap_url": "http://erddap.b.oceanobservatories.org:8080/erddap/tabledap/data070a0db4548f4fa681dc77f91ada253d.html", "processing_level_code": "L1", "ts_updated": "1391558357212", "type_": "DataProduct", "quality_control_level": "a", "_id": "070a0db4548f4fa681dc77f91ada253d", "availability": "AVAILABLE", "lcstate": "DEPLOYED"}, {"product_download_size_estimated": 0.0, "ion_url": "http://sg.b.oceanobservatories.org:5000/ion-service/data_product_management/get_data_product_extension?data_product_id=f5cb9f293f9a4dae84504fa983c5764c", "description": "Instrument GP03FLMB-RI001-01-FLORTD999 core OOI data product", "name": "FLUBSCT Optical Backscatter", "ion_name": "Optical Backscatter (Red Wavelengths) L1 FLORT Low Power Sub-surface Mooring B - Global Station Papa Mesoscale Flanking B", "erddap_url": "http://erddap.b.oceanobservatories.org:8080/erddap/tabledap/dataf5cb9f293f9a4dae84504fa983c5764c.html", "processing_level_code": "L1", "ts_updated": "1391557700977", "type_": "DataProduct", "quality_control_level": "a", "_id": "f5cb9f293f9a4dae84504fa983c5764c", "availability": "AVAILABLE", "lcstate": "DEPLOYED"}, {"product_download_size_estimated": 0.0, "ion_url": "http://sg.b.oceanobservatories.org:5000/ion-service/data_product_management/get_data_product_extension?data_product_id=ff33ab19c39742afa62179e7de3e6b26", "description": "Instrument GP03FLMB-RI001-10-CTDMOG999 core OOI data product", "name": "CONDWAT Conductivity", "ion_name": "Conductivity L0 CTDMO 130m Low Power Sub-surface Mooring B - Global Station Papa Mesoscale Flanking B", "erddap_url": "http://erddap.b.oceanobservatories.org:8080/erddap/tabledap/dataff33ab19c39742afa62179e7de3e6b26.html", "processing_level_code": "L0", "ts_updated": "1391559108573", "type_": "DataProduct", "quality_control_level": "N/A", "_id": "ff33ab19c39742afa62179e7de3e6b26", "availability": "AVAILABLE", "lcstate": "DEPLOYED"}, {"product_download_size_estimated": 0.0, "ion_url": "http://sg.b.oceanobservatories.org:5000/ion-service/data_product_management/get_data_product_extension?data_product_id=d83c8e69a9ed4933bba003f6e5ad5dc5", "description": "Instrument GP03FLMB-RI001-10-CTDMOG999 core OOI data product", "name": "PRESWAT Pressure (Depth)", "ion_name": "Pressure (Depth) L0 CTDMO 130m Low Power Sub-surface Mooring B - Global Station Papa Mesoscale Flanking B", "erddap_url": "http://erddap.b.oceanobservatories.org:8080/erddap/tabledap/datad83c8e69a9ed4933bba003f6e5ad5dc5.html", "processing_level_code": "L0", "ts_updated": "1391559138496", "type_": "DataProduct", "quality_control_level": "N/A", "_id": "d83c8e69a9ed4933bba003f6e5ad5dc5", "availability": "AVAILABLE", "lcstate": "DEPLOYED"}, {"product_download_size_estimated": 0.0, "ion_url": "http://sg.b.oceanobservatories.org:5000/ion-service/data_product_management/get_data_product_extension?data_product_id=b4669dc7c23043dc88ff504a5104c635", "description": "Instrument GP03FLMB-RI001-14-CTDMOG999 core OOI data product", "name": "CONDWAT Conductivity", "ion_name": "Conductivity L1 CTDMO 500m Low Power Sub-surface Mooring B - Global Station Papa Mesoscale Flanking B", "erddap_url": "http://erddap.b.oceanobservatories.org:8080/erddap/tabledap/datab4669dc7c23043dc88ff504a5104c635.html", "processing_level_code": "L1", "ts_updated": "1391558213539", "type_": "DataProduct", "quality_control_level": "a", "_id": "b4669dc7c23043dc88ff504a5104c635", "availability": "AVAILABLE", "lcstate": "DEPLOYED"}, {"product_download_size_estimated": 0.0, "ion_url": "http://sg.b.oceanobservatories.org:5000/ion-service/data_product_management/get_data_product_extension?data_product_id=60baeeb32892422e96f166de3b27ab65", "description": "Instrument GP03FLMB-RI001-12-CTDMOG999 data product: parsed samples", "name": "ctdmo_parsed", "ion_name": "Instrument GP03FLMB-RI001-12-CTDMOG999 stream 'ctdmo_parsed' data product", "erddap_url": "http://erddap.b.oceanobservatories.org:8080/erddap/tabledap/data60baeeb32892422e96f166de3b27ab65.html", "processing_level_code": "Parsed", "ts_updated": "1391558033299", "type_": "DataProduct", "quality_control_level": "a", "_id": "60baeeb32892422e96f166de3b27ab65", "availability": "AVAILABLE", "lcstate": "DEPLOYED"}, {"product_download_size_estimated": 0.0, "ion_url": "http://sg.b.oceanobservatories.org:5000/ion-service/data_product_management/get_data_product_extension?data_product_id=587d18baf0b94221bcbcff8c520addb4", "description": "Instrument GP03FLMB-RI001-13-CTDMOG999 core OOI data product", "name": "DENSITY Density", "ion_name": "Density L2 CTDMO 350m Low Power Sub-surface Mooring B - Global Station Papa Mesoscale Flanking B", "erddap_url": "http://erddap.b.oceanobservatories.org:8080/erddap/tabledap/data587d18baf0b94221bcbcff8c520addb4.html", "processing_level_code": "L2", "ts_updated": "1391558305541", "type_": "DataProduct", "quality_control_level": "b", "_id": "587d18baf0b94221bcbcff8c520addb4", "availability": "AVAILABLE", "lcstate": "DEPLOYED"}, {"product_download_size_estimated": 0.0, "ion_url": "http://sg.b.oceanobservatories.org:5000/ion-service/data_product_management/get_data_product_extension?data_product_id=ff212a30806945bc9ecfc9ab40776325", "description": "Instrument GP03FLMB-RI001-15-CTDMOH999 core OOI data product", "name": "PRACSAL Salinity", "ion_name": "Practical Salinity L2 CTDMO 750m Low Power Sub-surface Mooring B - Global Station Papa Mesoscale Flanking B", "erddap_url": "http://erddap.b.oceanobservatories.org:8080/erddap/tabledap/dataff212a30806945bc9ecfc9ab40776325.html", "processing_level_code": "L2", "ts_updated": "1391558002777", "type_": "DataProduct", "quality_control_level": "b", "_id": "ff212a30806945bc9ecfc9ab40776325", "availability": "AVAILABLE", "lcstate": "DEPLOYED"}, {"product_download_size_estimated": 0.0, "ion_url": "http://sg.b.oceanobservatories.org:5000/ion-service/data_product_management/get_data_product_extension?data_product_id=3527af0f727d424dad75f1375bc7df10", "description": "Instrument GP03FLMB-RI001-08-CTDMOG999 core OOI data product", "name": "TEMPWAT Water Temperature", "ion_name": "Temperature L1 CTDMO 60m Low Power Sub-surface Mooring B - Global Station Papa Mesoscale Flanking B", "erddap_url": "http://erddap.b.oceanobservatories.org:8080/erddap/tabledap/data3527af0f727d424dad75f1375bc7df10.html", "processing_level_code": "L1", "ts_updated": "1391559468420", "type_": "DataProduct", "quality_control_level": "a", "_id": "3527af0f727d424dad75f1375bc7df10", "availability": "AVAILABLE", "lcstate": "DEPLOYED"}, {"product_download_size_estimated": 0.0, "ion_url": "http://sg.b.oceanobservatories.org:5000/ion-service/data_product_management/get_data_product_extension?data_product_id=6a5d68a4b4dc42eea60259d9dabf3213", "description": "Instrument GP03FLMB-RI001-01-FLORTD999 data product: parsed samples", "name": "flortd_parsed", "ion_name": "Instrument GP03FLMB-RI001-01-FLORTD999 stream 'flortd_parsed' data product", "erddap_url": "http://erddap.b.oceanobservatories.org:8080/erddap/tabledap/data6a5d68a4b4dc42eea60259d9dabf3213.html", "processing_level_code": "Parsed", "ts_updated": "1391557680962", "type_": "DataProduct", "quality_control_level": "a", "_id": "6a5d68a4b4dc42eea60259d9dabf3213", "availability": "AVAILABLE", "lcstate": "DEPLOYED"}, {"product_download_size_estimated": 0.0, "ion_url": "http://sg.b.oceanobservatories.org:5000/ion-service/data_product_management/get_data_product_extension?data_product_id=b2ad7e55cfd24317b14721d71296f49a", "description": "Instrument GP03FLMB-RI001-01-FLORTD999 core OOI data product", "name": "CHLAFLO Chlorophyll-a fluorescence", "ion_name": "Fluorometric Chlorophyll-a Concentration L0 FLORT Low Power Sub-surface Mooring B - Global Station Papa Mesoscale Flanking B", "erddap_url": "http://erddap.b.oceanobservatories.org:8080/erddap/tabledap/datab2ad7e55cfd24317b14721d71296f49a.html", "processing_level_code": "L0", "ts_updated": "1391557691003", "type_": "DataProduct", "quality_control_level": "N/A", "_id": "b2ad7e55cfd24317b14721d71296f49a", "availability": "AVAILABLE", "lcstate": "DEPLOYED"}, {"product_download_size_estimated": 0.0, "ion_url": "http://sg.b.oceanobservatories.org:5000/ion-service/data_product_management/get_data_product_extension?data_product_id=0ad3a84465954d4dac11403455ea041b", "description": "Instrument GP03FLMB-RI001-10-CTDMOG999 core OOI data product", "name": "CONDWAT Conductivity", "ion_name": "Conductivity L1 CTDMO 130m Low Power Sub-surface Mooring B - Global Station Papa Mesoscale Flanking B", "erddap_url": "http://erddap.b.oceanobservatories.org:8080/erddap/tabledap/data0ad3a84465954d4dac11403455ea041b.html", "processing_level_code": "L1", "ts_updated": "1391559116460", "type_": "DataProduct", "quality_control_level": "a", "_id": "0ad3a84465954d4dac11403455ea041b", "availability": "AVAILABLE", "lcstate": "DEPLOYED"}, {"product_download_size_estimated": 0.0, "ion_url": "http://sg.b.oceanobservatories.org:5000/ion-service/data_product_management/get_data_product_extension?data_product_id=2a84fe18abbb4bb4a40d3059675062f4", "description": "Instrument GP03FLMB-RI001-17-CTDMOH999 core OOI data product", "name": "DENSITY Density", "ion_name": "Density L2 CTDMO 1500m Low Power Sub-surface Mooring B - Global Station Papa Mesoscale Flanking B", "erddap_url": "http://erddap.b.oceanobservatories.org:8080/erddap/tabledap/data2a84fe18abbb4bb4a40d3059675062f4.html", "processing_level_code": "L2", "ts_updated": "1391558939946", "type_": "DataProduct", "quality_control_level": "b", "_id": "2a84fe18abbb4bb4a40d3059675062f4", "availability": "AVAILABLE", "lcstate": "DEPLOYED"}, {"product_download_size_estimated": 0.0, "ion_url": "http://sg.b.oceanobservatories.org:5000/ion-service/data_product_management/get_data_product_extension?data_product_id=ff09df15d26d4483a7c6a772d43bc9b8", "description": "Instrument GP03FLMB-RI001-10-CTDMOG999 core OOI data product", "name": "PRACSAL Salinity", "ion_name": "Practical Salinity L2 CTDMO 130m Low Power Sub-surface Mooring B - Global Station Papa Mesoscale Flanking B", "erddap_url": "http://erddap.b.oceanobservatories.org:8080/erddap/tabledap/dataff09df15d26d4483a7c6a772d43bc9b8.html", "processing_level_code": "L2", "ts_updated": "1391559131366", "type_": "DataProduct", "quality_control_level": "b", "_id": "ff09df15d26d4483a7c6a772d43bc9b8", "availability": "AVAILABLE", "lcstate": "DEPLOYED"}]}]}