{"ion_url": "http://sg.b.oceanobservatories.org:5000/ion-service/observatory_management/get_observatory_site_extension?site_id=1d5f42e9547148c39a836e55319b8322", "name": "Global Station Papa Mesoscale Flanking A", "spatial_area_name": "Global Station Papa", "reference_designator": "GP03FLMA", "type_": "Observatory", "_id": "1d5f42e9547148c39a836e55319b8322", "children": [{"ion_url": "http://sg.b.oceanobservatories.org:5000/ion-service/observatory_management/get_platform_station_site_extension?site_id=1901c70116894359aba98407ee85ea0f", "name": "Low Power Sub-surface Mooring A", "deployments": [{"lcstate": "DEPLOYED", "name": "Deployment of platform GP03FLMA-FM001", "ts_updated": "1391557279476", "type_": "Deployment", "_id": "07d5052290eb4424b084b001ff82c2c9", "availability": "AVAILABLE", "description": ""}], "reference_designator": "GP03FLMA-FM001", "type_": "PlatformSite", "_id": "1901c70116894359aba98407ee85ea0f", "children": [{"product_download_size_estimated": 0.0, "ion_url": "http://sg.b.oceanobservatories.org:5000/ion-service/data_product_management/get_data_product_extension?data_product_id=8fd54c4d38b34ec5acffb9c5aae5837a", "description": "Instrument GP03FLMA-RI001-15-CTDMOH999 core OOI data product", "name": "TEMPWAT Water Temperature", "ion_name": "Temperature L1 CTDMO 750m Low Power Sub-surface Mooring A - Global Station Papa Mesoscale Flanking A", "erddap_url": "http://erddap.b.oceanobservatories.org:8080/erddap/tabledap/data8fd54c4d38b34ec5acffb9c5aae5837a.html", "processing_level_code": "L1", "ts_updated": "1391559590388", "type_": "DataProduct", "quality_control_level": "a", "_id": "8fd54c4d38b34ec5acffb9c5aae5837a", "availability": "AVAILABLE", "lcstate": "DEPLOYED"}, {"product_download_size_estimated": 0.0, "ion_url": "http://sg.b.oceanobservatories.org:5000/ion-service/data_product_management/get_data_product_extension?data_product_id=a26a858f8a234714aa68b331c95c76f9", "description": "Instrument GP03FLMA-RI001-13-CTDMOG999 core OOI data product", "name": "DENSITY Density", "ion_name": "Density L2 CTDMO 350m Low Power Sub-surface Mooring A - Global Station Papa Mesoscale Flanking A", "erddap_url": "http://erddap.b.oceanobservatories.org:8080/erddap/tabledap/dataa26a858f8a234714aa68b331c95c76f9.html", "processing_level_code": "L2", "ts_updated": "1391558164522", "type_": "DataProduct", "quality_control_level": "b", "_id": "a26a858f8a234714aa68b331c95c76f9", "availability": "AVAILABLE", "lcstate": "DEPLOYED"}, {"product_download_size_estimated": 0.0, "ion_url": "http://sg.b.oceanobservatories.org:5000/ion-service/data_product_management/get_data_product_extension?data_product_id=69ed03d22ab04feeb23d2d70186f15cc", "description": "Instrument GP03FLMA-RI001-12-CTDMOG999 core OOI data product", "name": "DENSITY Density", "ion_name": "Density L2 CTDMO 250m Low Power Sub-surface Mooring A - Global Station Papa Mesoscale Flanking A", "erddap_url": "http://erddap.b.oceanobservatories.org:8080/erddap/tabledap/data69ed03d22ab04feeb23d2d70186f15cc.html", "processing_level_code": "L2", "ts_updated": "1391559237675", "type_": "DataProduct", "quality_control_level": "b", "_id": "69ed03d22ab04feeb23d2d70186f15cc", "availability": "AVAILABLE", "lcstate": "DEPLOYED"}, {"product_download_size_estimated": 0.0, "ion_url": "http://sg.b.oceanobservatories.org:5000/ion-service/data_product_management/get_data_product_extension?data_product_id=a9c47f51b4574d7ca3a394934c7ec54f", "description": "Instrument GP03FLMA-RI001-17-CTDMOH999 core OOI data product", "name": "PRESWAT Pressure (Depth)", "ion_name": "Pressure (Depth) L0 CTDMO 1500m Low Power Sub-surface Mooring A - Global Station Papa Mesoscale Flanking A", "erddap_url": "http://erddap.b.oceanobservatories.org:8080/erddap/tabledap/dataa9c47f51b4574d7ca3a394934c7ec54f.html", "processing_level_code": "L0", "ts_updated": "1391557910876", "type_": "DataProduct", "quality_control_level": "N/A", "_id": "a9c47f51b4574d7ca3a394934c7ec54f", "availability": "AVAILABLE", "lcstate": "DEPLOYED"}, {"product_download_size_estimated": 0.0, "ion_url": "http://sg.b.oceanobservatories.org:5000/ion-service/data_product_management/get_data_product_extension?data_product_id=80f0c702c4ec4d44909f6ca2890e993a", "description": "Instrument GP03FLMA-RI001-09-CTDMOG999 core OOI data product", "name": "TEMPWAT Water Temperature", "ion_name": "Temperature L0 CTDMO 90m Low Power Sub-surface Mooring A - Global Station Papa Mesoscale Flanking A", "erddap_url": "http://erddap.b.oceanobservatories.org:8080/erddap/tabledap/data80f0c702c4ec4d44909f6ca2890e993a.html", "processing_level_code": "L0", "ts_updated": "1391557854512", "type_": "DataProduct", "quality_control_level": "N/A", "_id": "80f0c702c4ec4d44909f6ca2890e993a", "availability": "AVAILABLE", "lcstate": "DEPLOYED"}, {"product_download_size_estimated": 0.0, "ion_url": "http://sg.b.oceanobservatories.org:5000/ion-service/data_product_management/get_data_product_extension?data_product_id=24ce7d7cc4dc4977a16062b80cc6094c", "description": "Instrument GP03FLMA-RI001-16-CTDMOH999 core OOI data product", "name": "PRESWAT Pressure (Depth)", "ion_name": "Pressure (Depth) L1 CTDMO 1000m Low Power Sub-surface Mooring A - Global Station Papa Mesoscale Flanking A", "erddap_url": "http://erddap.b.oceanobservatories.org:8080/erddap/tabledap/data24ce7d7cc4dc4977a16062b80cc6094c.html", "processing_level_code": "L1", "ts_updated": "1391559376161", "type_": "DataProduct", "quality_control_level": "a", "_id": "24ce7d7cc4dc4977a16062b80cc6094c", "availability": "AVAILABLE", "lcstate": "DEPLOYED"}, {"product_download_size_estimated": 0.0, "ion_url": "http://sg.b.oceanobservatories.org:5000/ion-service/data_product_management/get_data_product_extension?data_product_id=5fba85c2b36f40b7950c3882c5df0a72", "description": "Instrument GP03FLMA-RI001-14-CTDMOG999 core OOI data product", "name": "PRACSAL Salinity", "ion_name": "Practical Salinity L2 CTDMO 500m Low Power Sub-surface Mooring A - Global Station Papa Mesoscale Flanking A", "erddap_url": "http://erddap.b.oceanobservatories.org:8080/erddap/tabledap/data5fba85c2b36f40b7950c3882c5df0a72.html", "processing_level_code": "L2", "ts_updated": "1391558671018", "type_": "DataProduct", "quality_control_level": "b", "_id": "5fba85c2b36f40b7950c3882c5df0a72", "availability": "AVAILABLE", "lcstate": "DEPLOYED"}, {"product_download_size_estimated": 0.0, "ion_url": "http://sg.b.oceanobservatories.org:5000/ion-service/data_product_management/get_data_product_extension?data_product_id=425bbd750804473193c448a3ea7443ec", "description": "Instrument GP03FLMA-RI001-11-CTDMOG999 core OOI data product", "name": "PRESWAT Pressure (Depth)", "ion_name": "Pressure (Depth) L1 CTDMO 180m Low Power Sub-surface Mooring A - Global Station Papa Mesoscale Flanking A", "erddap_url": "http://erddap.b.oceanobservatories.org:8080/erddap/tabledap/data425bbd750804473193c448a3ea7443ec.html", "processing_level_code": "L1", "ts_updated": "1391560000487", "type_": "DataProduct", "quality_control_level": "a", "_id": "425bbd750804473193c448a3ea7443ec", "availability": "AVAILABLE", "lcstate": "DEPLOYED"}, {"product_download_size_estimated": 0.0, "ion_url": "http://sg.b.oceanobservatories.org:5000/ion-service/data_product_management/get_data_product_extension?data_product_id=59690fcced2c491b8747c70968a41caf", "description": "Instrument GP03FLMA-RI001-07-CTDMOG999 core OOI data product", "name": "TEMPWAT Water Temperature", "ion_name": "Temperature L0 CTDMO 40m Low Power Sub-surface Mooring A - Global Station Papa Mesoscale Flanking A", "erddap_url": "http://erddap.b.oceanobservatories.org:8080/erddap/tabledap/data59690fcced2c491b8747c70968a41caf.html", "processing_level_code": "L0", "ts_updated": "1391560283033", "type_": "DataProduct", "quality_control_level": "N/A", "_id": "59690fcced2c491b8747c70968a41caf", "availability": "AVAILABLE", "lcstate": "DEPLOYED"}, {"product_download_size_estimated": 0.0, "ion_url": "http://sg.b.oceanobservatories.org:5000/ion-service/data_product_management/get_data_product_extension?data_product_id=b5e11ef13dc94b7e8c0cef543ccc8ecd", "description": "Instrument GP03FLMA-RI001-11-CTDMOG999 core OOI data product", "name": "DENSITY Density", "ion_name": "Density L2 CTDMO 180m Low Power Sub-surface Mooring A - Global Station Papa Mesoscale Flanking A", "erddap_url": "http://erddap.b.oceanobservatories.org:8080/erddap/tabledap/datab5e11ef13dc94b7e8c0cef543ccc8ecd.html", "processing_level_code": "L2", "ts_updated": "1391559972576", "type_": "DataProduct", "quality_control_level": "b", "_id": "b5e11ef13dc94b7e8c0cef543ccc8ecd", "availability": "AVAILABLE", "lcstate": "DEPLOYED"}, {"product_download_size_estimated": 0.0, "ion_url": "http://sg.b.oceanobservatories.org:5000/ion-service/data_product_management/get_data_product_extension?data_product_id=ac371390d68a46589122ab864fdcf72b", "description": "Instrument GP03FLMA-RI001-06-CTDMOG999 core OOI data product", "name": "DENSITY Density", "ion_name": "Density L2 CTDMO 30m Low Power Sub-surface Mooring A - Global Station Papa Mesoscale Flanking A", "erddap_url": "http://erddap.b.oceanobservatories.org:8080/erddap/tabledap/dataac371390d68a46589122ab864fdcf72b.html", "processing_level_code": "L2", "ts_updated": "1391559779563", "type_": "DataProduct", "quality_control_level": "b", "_id": "ac371390d68a46589122ab864fdcf72b", "availability": "AVAILABLE", "lcstate": "DEPLOYED"}, {"product_download_size_estimated": 0.0, "ion_url": "http://sg.b.oceanobservatories.org:5000/ion-service/data_product_management/get_data_product_extension?data_product_id=7c8932a13c624f4cb7b23ec3d8df32c6", "description": "Instrument GP03FLMA-RI001-10-CTDMOG999 core OOI data product", "name": "DENSITY Density", "ion_name": "Density L2 CTDMO 130m Low Power Sub-surface Mooring A - Global Station Papa Mesoscale Flanking A", "erddap_url": "http://erddap.b.oceanobservatories.org:8080/erddap/tabledap/data7c8932a13c624f4cb7b23ec3d8df32c6.html", "processing_level_code": "L2", "ts_updated": "1391559663466", "type_": "DataProduct", "quality_control_level": "b", "_id": "7c8932a13c624f4cb7b23ec3d8df32c6", "availability": "AVAILABLE", "lcstate": "DEPLOYED"}, {"product_download_size_estimated": 0.0, "ion_url": "http://sg.b.oceanobservatories.org:5000/ion-service/data_product_management/get_data_product_extension?data_product_id=0b43e8b7723c4af38678485be5150087", "description": "Instrument GP03FLMA-RI001-13-CTDMOG999 core OOI data product", "name": "TEMPWAT Water Temperature", "ion_name": "Temperature L1 CTDMO 350m Low Power Sub-surface Mooring A - Global Station Papa Mesoscale Flanking A", "erddap_url": "http://erddap.b.oceanobservatories.org:8080/erddap/tabledap/data0b43e8b7723c4af38678485be5150087.html", "processing_level_code": "L1", "ts_updated": "1391558191210", "type_": "DataProduct", "quality_control_level": "a", "_id": "0b43e8b7723c4af38678485be5150087", "availability": "AVAILABLE", "lcstate": "DEPLOYED"}, {"product_download_size_estimated": 0.0, "ion_url": "http://sg.b.oceanobservatories.org:5000/ion-service/data_product_management/get_data_product_extension?data_product_id=4c097bc92a2548bdaa6c388bf62485ef", "description": "Instrument GP03FLMA-RI001-14-CTDMOG999 core OOI data product", "name": "PRESWAT Pressure (Depth)", "ion_name": "Pressure (Depth) L1 CTDMO 500m Low Power Sub-surface Mooring A - Global Station Papa Mesoscale Flanking A", "erddap_url": "http://erddap.b.oceanobservatories.org:8080/erddap/tabledap/data4c097bc92a2548bdaa6c388bf62485ef.html", "processing_level_code": "L1", "ts_updated": "1391558685161", "type_": "DataProduct", "quality_control_level": "a", "_id": "4c097bc92a2548bdaa6c388bf62485ef", "availability": "AVAILABLE", "lcstate": "DEPLOYED"}, {"product_download_size_estimated": 0.0, "ion_url": "http://sg.b.oceanobservatories.org:5000/ion-service/data_product_management/get_data_product_extension?data_product_id=dbad84a614fa42909f156aee41c8033e", "description": "Instrument GP03FLMA-RI001-07-CTDMOG999 data product: parsed samples", "name": "ctdmo_parsed", "ion_name": "Instrument GP03FLMA-RI001-07-CTDMOG999 stream 'ctdmo_parsed' data product", "erddap_url": "http://erddap.b.oceanobservatories.org:8080/erddap/tabledap/datadbad84a614fa42909f156aee41c8033e.html", "processing_level_code": "Parsed", "ts_updated": "1391560216052", "type_": "DataProduct", "quality_control_level": "a", "_id": "dbad84a614fa42909f156aee41c8033e", "availability": "AVAILABLE", "lcstate": "DEPLOYED"}, {"product_download_size_estimated": 0.0, "ion_url": "http://sg.b.oceanobservatories.org:5000/ion-service/data_product_management/get_data_product_extension?data_product_id=059666ce5eb642f3856858e93c07560f", "description": "Instrument GP03FLMA-RI001-14-CTDMOG999 core OOI data product", "name": "DENSITY Density", "ion_name": "Density L2 CTDMO 500m Low Power Sub-surface Mooring A - Global Station Papa Mesoscale Flanking A", "erddap_url": "http://erddap.b.oceanobservatories.org:8080/erddap/tabledap/data059666ce5eb642f3856858e93c07560f.html", "processing_level_code": "L2", "ts_updated": "1391558664437", "type_": "DataProduct", "quality_control_level": "b", "_id": "059666ce5eb642f3856858e93c07560f", "availability": "AVAILABLE", "lcstate": "DEPLOYED"}, {"product_download_size_estimated": 0.0, "ion_url": "http://sg.b.oceanobservatories.org:5000/ion-service/data_product_management/get_data_product_extension?data_product_id=1962ecc67b554834a2d018660d6ad6ab", "description": "Instrument GP03FLMA-RI001-14-CTDMOG999 core OOI data product", "name": "PRESWAT Pressure (Depth)", "ion_name": "Pressure (Depth) L0 CTDMO 500m Low Power Sub-surface Mooring A - Global Station Papa Mesoscale Flanking A", "erddap_url": "http://erddap.b.oceanobservatories.org:8080/erddap/tabledap/data1962ecc67b554834a2d018660d6ad6ab.html", "processing_level_code": "L0", "ts_updated": "1391558677871", "type_": "DataProduct", "quality_control_level": "N/A", "_id": "1962ecc67b554834a2d018660d6ad6ab", "availability": "AVAILABLE", "lcstate": "DEPLOYED"}, {"product_download_size_estimated": 0.0, "ion_url": "http://sg.b.oceanobservatories.org:5000/ion-service/data_product_management/get_data_product_extension?data_product_id=b21e7849bf774bc881f1ffe2d639e8ef", "description": "Instrument GP03FLMA-RI001-15-CTDMOH999 data product: parsed samples", "name": "ctdmo_parsed", "ion_name": "Instrument GP03FLMA-RI001-15-CTDMOH999 stream 'ctdmo_parsed' data product", "erddap_url": "http://erddap.b.oceanobservatories.org:8080/erddap/tabledap/datab21e7849bf774bc881f1ffe2d639e8ef.html", "processing_level_code": "Parsed", "ts_updated": "1391559523806", "type_": "DataProduct", "quality_control_level": "a", "_id": "b21e7849bf774bc881f1ffe2d639e8ef", "availability": "AVAILABLE", "lcstate": "DEPLOYED"}, {"product_download_size_estimated": 0.0, "ion_url": "http://sg.b.oceanobservatories.org:5000/ion-service/data_product_management/get_data_product_extension?data_product_id=27a64a917d6444ca8a4486480bee99e5", "description": "Instrument GP03FLMA-RI001-13-CTDMOG999 core OOI data product", "name": "PRESWAT Pressure (Depth)", "ion_name": "Pressure (Depth) L1 CTDMO 350m Low Power Sub-surface Mooring A - Global Station Papa Mesoscale Flanking A", "erddap_url": "http://erddap.b.oceanobservatories.org:8080/erddap/tabledap/data27a64a917d6444ca8a4486480bee99e5.html", "processing_level_code": "L1", "ts_updated": "1391558180417", "type_": "DataProduct", "quality_control_level": "a", "_id": "27a64a917d6444ca8a4486480bee99e5", "availability": "AVAILABLE", "lcstate": "DEPLOYED"}, {"product_download_size_estimated": 0.0, "ion_url": "http://sg.b.oceanobservatories.org:5000/ion-service/data_product_management/get_data_product_extension?data_product_id=a79c530323e64119bb4ffe08be5ac6de", "description": "Instrument GP03FLMA-RI001-01-FLORTD999 core OOI data product", "name": "FLUBSCT Optical Backscatter", "ion_name": "Optical Backscatter (Red Wavelengths) L0 FLORT Low Power Sub-surface Mooring A - Global Station Papa Mesoscale Flanking A", "erddap_url": "http://erddap.b.oceanobservatories.org:8080/erddap/tabledap/dataa79c530323e64119bb4ffe08be5ac6de.html", "processing_level_code": "L0", "ts_updated": "1391558104416", "type_": "DataProduct", "quality_control_level": "N/A", "_id": "a79c530323e64119bb4ffe08be5ac6de", "availability": "AVAILABLE", "lcstate": "DEPLOYED"}, {"product_download_size_estimated": 0.0, "ion_url": "http://sg.b.oceanobservatories.org:5000/ion-service/data_product_management/get_data_product_extension?data_product_id=620eec222d7341caa41815a3c04b2f1f", "description": "Instrument GP03FLMA-RI001-06-CTDMOG999 core OOI data product", "name": "CONDWAT Conductivity", "ion_name": "Conductivity L0 CTDMO 30m Low Power Sub-surface Mooring A - Global Station Papa Mesoscale Flanking A", "erddap_url": "http://erddap.b.oceanobservatories.org:8080/erddap/tabledap/data620eec222d7341caa41815a3c04b2f1f.html", "processing_level_code": "L0", "ts_updated": "1391559762941", "type_": "DataProduct", "quality_control_level": "N/A", "_id": "620eec222d7341caa41815a3c04b2f1f", "availability": "AVAILABLE", "lcstate": "DEPLOYED"}, {"product_download_size_estimated": 0.0, "ion_url": "http://sg.b.oceanobservatories.org:5000/ion-service/data_product_management/get_data_product_extension?data_product_id=38ed094ad5cc432f8d8b6447266b9e04", "description": "Instrument GP03FLMA-RI001-11-CTDMOG999 core OOI data product", "name": "TEMPWAT Water Temperature", "ion_name": "Temperature L0 CTDMO 180m Low Power Sub-surface Mooring A - Global Station Papa Mesoscale Flanking A", "erddap_url": "http://erddap.b.oceanobservatories.org:8080/erddap/tabledap/data38ed094ad5cc432f8d8b6447266b9e04.html", "processing_level_code": "L0", "ts_updated": "1391560008792", "type_": "DataProduct", "quality_control_level": "N/A", "_id": "38ed094ad5cc432f8d8b6447266b9e04", "availability": "AVAILABLE", "lcstate": "DEPLOYED"}, {"product_download_size_estimated": 0.0, "ion_url": "http://sg.b.oceanobservatories.org:5000/ion-service/data_product_management/get_data_product_extension?data_product_id=4d7ebe7d74bf450c8c12f13677594721", "description": "Instrument GP03FLMA-RI001-12-CTDMOG999 core OOI data product", "name": "TEMPWAT Water Temperature", "ion_name": "Temperature L1 CTDMO 250m Low Power Sub-surface Mooring A - Global Station Papa Mesoscale Flanking A", "erddap_url": "http://erddap.b.oceanobservatories.org:8080/erddap/tabledap/data4d7ebe7d74bf450c8c12f13677594721.html", "processing_level_code": "L1", "ts_updated": "1391559276248", "type_": "DataProduct", "quality_control_level": "a", "_id": "4d7ebe7d74bf450c8c12f13677594721", "availability": "AVAILABLE", "lcstate": "DEPLOYED"}, {"product_download_size_estimated": 0.0, "ion_url": "http://sg.b.oceanobservatories.org:5000/ion-service/data_product_management/get_data_product_extension?data_product_id=245245206b6f47819c8e854e8ebbfc29", "description": "Instrument GP03FLMA-RI001-14-CTDMOG999 core OOI data product", "name": "CONDWAT Conductivity", "ion_name": "Conductivity L1 CTDMO 500m Low Power Sub-surface Mooring A - Global Station Papa Mesoscale Flanking A", "erddap_url": "http://erddap.b.oceanobservatories.org:8080/erddap/tabledap/data245245206b6f47819c8e854e8ebbfc29.html", "processing_level_code": "L1", "ts_updated": "1391558657867", "type_": "DataProduct", "quality_control_level": "a", "_id": "245245206b6f47819c8e854e8ebbfc29", "availability": "AVAILABLE", "lcstate": "DEPLOYED"}, {"product_download_size_estimated": 0.0, "ion_url": "http://sg.b.oceanobservatories.org:5000/ion-service/data_product_management/get_data_product_extension?data_product_id=f46336783fb441598e824f807d49dcfa", "description": "Instrument GP03FLMA-RI001-09-CTDMOG999 core OOI data product", "name": "TEMPWAT Water Temperature", "ion_name": "Temperature L1 CTDMO 90m Low Power Sub-surface Mooring A - Global Station Papa Mesoscale Flanking A", "erddap_url": "http://erddap.b.oceanobservatories.org:8080/erddap/tabledap/dataf46336783fb441598e824f807d49dcfa.html", "processing_level_code": "L1", "ts_updated": "1391557859001", "type_": "DataProduct", "quality_control_level": "a", "_id": "f46336783fb441598e824f807d49dcfa", "availability": "AVAILABLE", "lcstate": "DEPLOYED"}, {"product_download_size_estimated": 0.0, "ion_url": "http://sg.b.oceanobservatories.org:5000/ion-service/data_product_management/get_data_product_extension?data_product_id=50e92f0a5c884007901695fc97ac3389", "description": "Instrument GP03FLMA-RI001-11-CTDMOG999 core OOI data product", "name": "CONDWAT Conductivity", "ion_name": "Conductivity L1 CTDMO 180m Low Power Sub-surface Mooring A - Global Station Papa Mesoscale Flanking A", "erddap_url": "http://erddap.b.oceanobservatories.org:8080/erddap/tabledap/data50e92f0a5c884007901695fc97ac3389.html", "processing_level_code": "L1", "ts_updated": "1391559963681", "type_": "DataProduct", "quality_control_level": "a", "_id": "50e92f0a5c884007901695fc97ac3389", "availability": "AVAILABLE", "lcstate": "DEPLOYED"}, {"product_download_size_estimated": 0.0, "ion_url": "http://sg.b.oceanobservatories.org:5000/ion-service/data_product_management/get_data_product_extension?data_product_id=4952972c714d458e8558d07e1000185d", "description": "Instrument GP03FLMA-RI001-16-CTDMOH999 core OOI data product", "name": "CONDWAT Conductivity", "ion_name": "Conductivity L1 CTDMO 1000m Low Power Sub-surface Mooring A - Global Station Papa Mesoscale Flanking A", "erddap_url": "http://erddap.b.oceanobservatories.org:8080/erddap/tabledap/data4952972c714d458e8558d07e1000185d.html", "processing_level_code": "L1", "ts_updated": "1391559344816", "type_": "DataProduct", "quality_control_level": "a", "_id": "4952972c714d458e8558d07e1000185d", "availability": "AVAILABLE", "lcstate": "DEPLOYED"}, {"product_download_size_estimated": 0.0, "ion_url": "http://sg.b.oceanobservatories.org:5000/ion-service/data_product_management/get_data_product_extension?data_product_id=d2210924e30a48df8df7cc09917c4734", "description": "Instrument GP03FLMA-RI001-07-CTDMOG999 core OOI data product", "name": "CONDWAT Conductivity", "ion_name": "Conductivity L1 CTDMO 40m Low Power Sub-surface Mooring A - Global Station Papa Mesoscale Flanking A", "erddap_url": "http://erddap.b.oceanobservatories.org:8080/erddap/tabledap/datad2210924e30a48df8df7cc09917c4734.html", "processing_level_code": "L1", "ts_updated": "1391560235153", "type_": "DataProduct", "quality_control_level": "a", "_id": "d2210924e30a48df8df7cc09917c4734", "availability": "AVAILABLE", "lcstate": "DEPLOYED"}, {"product_download_size_estimated": 0.0, "ion_url": "http://sg.b.oceanobservatories.org:5000/ion-service/data_product_management/get_data_product_extension?data_product_id=b615af085b5b4c4c98378596e5056ab3", "description": "Instrument GP03FLMA-RI001-11-CTDMOG999 core OOI data product", "name": "PRESWAT Pressure (Depth)", "ion_name": "Pressure (Depth) L0 CTDMO 180m Low Power Sub-surface Mooring A - Global Station Papa Mesoscale Flanking A", "erddap_url": "http://erddap.b.oceanobservatories.org:8080/erddap/tabledap/datab615af085b5b4c4c98378596e5056ab3.html", "processing_level_code": "L0", "ts_updated": "1391559990103", "type_": "DataProduct", "quality_control_level": "N/A", "_id": "b615af085b5b4c4c98378596e5056ab3", "availability": "AVAILABLE", "lcstate": "DEPLOYED"}, {"product_download_size_estimated": 0.0, "ion_url": "http://sg.b.oceanobservatories.org:5000/ion-service/data_product_management/get_data_product_extension?data_product_id=63288f25e38c492cb6049e1874777ecf", "description": "Instrument GP03FLMA-RI001-12-CTDMOG999 core OOI data product", "name": "PRACSAL Salinity", "ion_name": "Practical Salinity L2 CTDMO 250m Low Power Sub-surface Mooring A - Global Station Papa Mesoscale Flanking A", "erddap_url": "http://erddap.b.oceanobservatories.org:8080/erddap/tabledap/data63288f25e38c492cb6049e1874777ecf.html", "processing_level_code": "L2", "ts_updated": "1391559245277", "type_": "DataProduct", "quality_control_level": "b", "_id": "63288f25e38c492cb6049e1874777ecf", "availability": "AVAILABLE", "lcstate": "DEPLOYED"}, {"product_download_size_estimated": 0.0, "ion_url": "http://sg.b.oceanobservatories.org:5000/ion-service/data_product_management/get_data_product_extension?data_product_id=0b35cfe906594c1999de4e78222a17f6", "description": "Instrument GP03FLMA-RI001-09-CTDMOG999 core OOI data product", "name": "PRESWAT Pressure (Depth)", "ion_name": "Pressure (Depth) L0 CTDMO 90m Low Power Sub-surface Mooring A - Global Station Papa Mesoscale Flanking A", "erddap_url": "http://erddap.b.oceanobservatories.org:8080/erddap/tabledap/data0b35cfe906594c1999de4e78222a17f6.html", "processing_level_code": "L0", "ts_updated": "1391557845529", "type_": "DataProduct", "quality_control_level": "N/A", "_id": "0b35cfe906594c1999de4e78222a17f6", "availability": "AVAILABLE", "lcstate": "DEPLOYED"}, {"product_download_size_estimated": 0.0, "ion_url": "http://sg.b.oceanobservatories.org:5000/ion-service/data_product_management/get_data_product_extension?data_product_id=905202befa734c6bb72f7815cef0f9fe", "description": "Instrument GP03FLMA-RI001-06-CTDMOG999 core OOI data product", "name": "CONDWAT Conductivity", "ion_name": "Conductivity L1 CTDMO 30m Low Power Sub-surface Mooring A - Global Station Papa Mesoscale Flanking A", "erddap_url": "http://erddap.b.oceanobservatories.org:8080/erddap/tabledap/data905202befa734c6bb72f7815cef0f9fe.html", "processing_level_code": "L1", "ts_updated": "1391559771069", "type_": "DataProduct", "quality_control_level": "a", "_id": "905202befa734c6bb72f7815cef0f9fe", "availability": "AVAILABLE", "lcstate": "DEPLOYED"}, {"product_download_size_estimated": 0.0, "ion_url": "http://sg.b.oceanobservatories.org:5000/ion-service/data_product_management/get_data_product_extension?data_product_id=fc9a3f0e2413449caf643be569d2c8dd", "description": "Instrument GP03FLMA-RI001-10-CTDMOG999 data product: parsed samples", "name": "ctdmo_parsed", "ion_name": "Instrument GP03FLMA-RI001-10-CTDMOG999 stream 'ctdmo_parsed' data product", "erddap_url": "http://erddap.b.oceanobservatories.org:8080/erddap/tabledap/datafc9a3f0e2413449caf643be569d2c8dd.html", "processing_level_code": "Parsed", "ts_updated": "1391559637757", "type_": "DataProduct", "quality_control_level": "a", "_id": "fc9a3f0e2413449caf643be569d2c8dd", "availability": "AVAILABLE", "lcstate": "DEPLOYED"}, {"product_download_size_estimated": 0.0, "ion_url": "http://sg.b.oceanobservatories.org:5000/ion-service/data_product_management/get_data_product_extension?data_product_id=9a622d0066264025828f17e3251c71ed", "description": "Instrument GP03FLMA-RI001-08-CTDMOG999 core OOI data product", "name": "TEMPWAT Water Temperature", "ion_name": "Temperature L0 CTDMO 60m Low Power Sub-surface Mooring A - Global Station Papa Mesoscale Flanking A", "erddap_url": "http://erddap.b.oceanobservatories.org:8080/erddap/tabledap/data9a622d0066264025828f17e3251c71ed.html", "processing_level_code": "L0", "ts_updated": "1391558827940", "type_": "DataProduct", "quality_control_level": "N/A", "_id": "9a622d0066264025828f17e3251c71ed", "availability": "AVAILABLE", "lcstate": "DEPLOYED"}, {"product_download_size_estimated": 0.0, "ion_url": "http://sg.b.oceanobservatories.org:5000/ion-service/data_product_management/get_data_product_extension?data_product_id=2b26ac700b74439ba4a2b1fc9f08f7a3", "description": "Instrument GP03FLMA-RI001-11-CTDMOG999 core OOI data product", "name": "TEMPWAT Water Temperature", "ion_name": "Temperature L1 CTDMO 180m Low Power Sub-surface Mooring A - Global Station Papa Mesoscale Flanking A", "erddap_url": "http://erddap.b.oceanobservatories.org:8080/erddap/tabledap/data2b26ac700b74439ba4a2b1fc9f08f7a3.html", "processing_level_code": "L1", "ts_updated": "1391560018205", "type_": "DataProduct", "quality_control_level": "a", "_id": "2b26ac700b74439ba4a2b1fc9f08f7a3", "availability": "AVAILABLE", "lcstate": "DEPLOYED"}, {"product_download_size_estimated": 0.0, "ion_url": "http://sg.b.oceanobservatories.org:5000/ion-service/data_product_management/get_data_product_extension?data_product_id=cf482f8b4e4a49cdb1e7c1761a9f44c6", "description": "Instrument GP03FLMA-RI001-02-PHSENF999 core OOI data product", "name": "ABSTHRM none", "ion_name": "PHSEN Thermistor Temperature L0 PHSEN Low Power Sub-surface Mooring A - Global Station Papa Mesoscale Flanking A", "erddap_url": "http://erddap.b.oceanobservatories.org:8080/erddap/tabledap/datacf482f8b4e4a49cdb1e7c1761a9f44c6.html", "processing_level_code": "L0", "ts_updated": "1391557964533", "type_": "DataProduct", "quality_control_level": "N/A", "_id": "cf482f8b4e4a49cdb1e7c1761a9f44c6", "availability": "AVAILABLE", "lcstate": "DEPLOYED"}, {"product_download_size_estimated": 0.0, "ion_url": "http://sg.b.oceanobservatories.org:5000/ion-service/data_product_management/get_data_product_extension?data_product_id=cc12252920054c99a705c641a8f5e5e0", "description": "Instrument GP03FLMA-RI001-13-CTDMOG999 core OOI data product", "name": "CONDWAT Conductivity", "ion_name": "Conductivity L1 CTDMO 350m Low Power Sub-surface Mooring A - Global Station Papa Mesoscale Flanking A", "erddap_url": "http://erddap.b.oceanobservatories.org:8080/erddap/tabledap/datacc12252920054c99a705c641a8f5e5e0.html", "processing_level_code": "L1", "ts_updated": "1391558159064", "type_": "DataProduct", "quality_control_level": "a", "_id": "cc12252920054c99a705c641a8f5e5e0", "availability": "AVAILABLE", "lcstate": "DEPLOYED"}, {"product_download_size_estimated": 0.0, "ion_url": "http://sg.b.oceanobservatories.org:5000/ion-service/data_product_management/get_data_product_extension?data_product_id=306aac24572344daafe569c78b94e78f", "description": "Instrument GP03FLMA-RI001-01-FLORTD999 core OOI data product", "name": "CDOMFLO Colored Dissolved Organic Matter (CDOM) fluorescence", "ion_name": "Fluorometric CDOM Concentration L0 FLORT Low Power Sub-surface Mooring A - Global Station Papa Mesoscale Flanking A", "erddap_url": "http://erddap.b.oceanobservatories.org:8080/erddap/tabledap/data306aac24572344daafe569c78b94e78f.html", "processing_level_code": "L0", "ts_updated": "1391558085739", "type_": "DataProduct", "quality_control_level": "N/A", "_id": "306aac24572344daafe569c78b94e78f", "availability": "AVAILABLE", "lcstate": "DEPLOYED"}, {"product_download_size_estimated": 0.0, "ion_url": "http://sg.b.oceanobservatories.org:5000/ion-service/data_product_management/get_data_product_extension?data_product_id=243ade76bd42424999f262d74195bb74", "description": "Instrument GP03FLMA-RI001-03-DOSTAD999 data product: parsed samples", "name": "dostad_parsed", "ion_name": "Instrument GP03FLMA-RI001-03-DOSTAD999 stream 'dostad_parsed' data product", "erddap_url": "http://erddap.b.oceanobservatories.org:8080/erddap/tabledap/data243ade76bd42424999f262d74195bb74.html", "processing_level_code": "Parsed", "ts_updated": "1391557810013", "type_": "DataProduct", "quality_control_level": "a", "_id": "243ade76bd42424999f262d74195bb74", "availability": "AVAILABLE", "lcstate": "DEPLOYED"}, {"product_download_size_estimated": 0.0, "ion_url": "http://sg.b.oceanobservatories.org:5000/ion-service/data_product_management/get_data_product_extension?data_product_id=65e77d84ebd04d32b467b99eb9ee7ea1", "description": "Instrument GP03FLMA-RI001-16-CTDMOH999 core OOI data product", "name": "TEMPWAT Water Temperature", "ion_name": "Temperature L1 CTDMO 1000m Low Power Sub-surface Mooring A - Global Station Papa Mesoscale Flanking A", "erddap_url": "http://erddap.b.oceanobservatories.org:8080/erddap/tabledap/data65e77d84ebd04d32b467b99eb9ee7ea1.html", "processing_level_code": "L1", "ts_updated": "1391559391952", "type_": "DataProduct", "quality_control_level": "a", "_id": "65e77d84ebd04d32b467b99eb9ee7ea1", "availability": "AVAILABLE", "lcstate": "DEPLOYED"}, {"product_download_size_estimated": 0.0, "ion_url": "http://sg.b.oceanobservatories.org:5000/ion-service/data_product_management/get_data_product_extension?data_product_id=0a03dcbea16545789cfa376f34a57110", "description": "Instrument GP03FLMA-RI001-12-CTDMOG999 core OOI data product", "name": "TEMPWAT Water Temperature", "ion_name": "Temperature L0 CTDMO 250m Low Power Sub-surface Mooring A - Global Station Papa Mesoscale Flanking A", "erddap_url": "http://erddap.b.oceanobservatories.org:8080/erddap/tabledap/data0a03dcbea16545789cfa376f34a57110.html", "processing_level_code": "L0", "ts_updated": "1391559268303", "type_": "DataProduct", "quality_control_level": "N/A", "_id": "0a03dcbea16545789cfa376f34a57110", "availability": "AVAILABLE", "lcstate": "DEPLOYED"}, {"product_download_size_estimated": 0.0, "ion_url": "http://sg.b.oceanobservatories.org:5000/ion-service/data_product_management/get_data_product_extension?data_product_id=ec7c82583a6d479a85f6a616d4e64f9e", "description": "Instrument GP03FLMA-RI001-01-FLORTD999 core OOI data product", "name": "CHLAFLO Chlorophyll-a fluorescence", "ion_name": "Fluorometric Chlorophyll-a Concentration L1 FLORT Low Power Sub-surface Mooring A - Global Station Papa Mesoscale Flanking A", "erddap_url": "http://erddap.b.oceanobservatories.org:8080/erddap/tabledap/dataec7c82583a6d479a85f6a616d4e64f9e.html", "processing_level_code": "L1", "ts_updated": "1391558099871", "type_": "DataProduct", "quality_control_level": "a", "_id": "ec7c82583a6d479a85f6a616d4e64f9e", "availability": "AVAILABLE", "lcstate": "DEPLOYED"}, {"product_download_size_estimated": 0.0, "ion_url": "http://sg.b.oceanobservatories.org:5000/ion-service/data_product_management/get_data_product_extension?data_product_id=4a2c99c099554b70beea2983a8b27c11", "description": "Instrument GP03FLMA-RI001-14-CTDMOG999 core OOI data product", "name": "TEMPWAT Water Temperature", "ion_name": "Temperature L1 CTDMO 500m Low Power Sub-surface Mooring A - Global Station Papa Mesoscale Flanking A", "erddap_url": "http://erddap.b.oceanobservatories.org:8080/erddap/tabledap/data4a2c99c099554b70beea2983a8b27c11.html", "processing_level_code": "L1", "ts_updated": "1391558698046", "type_": "DataProduct", "quality_control_level": "a", "_id": "4a2c99c099554b70beea2983a8b27c11", "availability": "AVAILABLE", "lcstate": "DEPLOYED"}, {"product_download_size_estimated": 0.0, "ion_url": "http://sg.b.oceanobservatories.org:5000/ion-service/data_product_management/get_data_product_extension?data_product_id=ad7748746eaf44b18bd7bad2332823f1", "description": "Instrument GP03FLMA-RI001-09-CTDMOG999 core OOI data product", "name": "CONDWAT Conductivity", "ion_name": "Conductivity L0 CTDMO 90m Low Power Sub-surface Mooring A - Global Station Papa Mesoscale Flanking A", "erddap_url": "http://erddap.b.oceanobservatories.org:8080/erddap/tabledap/dataad7748746eaf44b18bd7bad2332823f1.html", "processing_level_code": "L0", "ts_updated": "1391557827756", "type_": "DataProduct", "quality_control_level": "N/A", "_id": "ad7748746eaf44b18bd7bad2332823f1", "availability": "AVAILABLE", "lcstate": "DEPLOYED"}, {"product_download_size_estimated": 0.0, "ion_url": "http://sg.b.oceanobservatories.org:5000/ion-service/data_product_management/get_data_product_extension?data_product_id=1e49c944f90540878cd34662c03349ec", "description": "Instrument GP03FLMA-RI001-10-CTDMOG999 core OOI data product", "name": "CONDWAT Conductivity", "ion_name": "Conductivity L1 CTDMO 130m Low Power Sub-surface Mooring A - Global Station Papa Mesoscale Flanking A", "erddap_url": "http://erddap.b.oceanobservatories.org:8080/erddap/tabledap/data1e49c944f90540878cd34662c03349ec.html", "processing_level_code": "L1", "ts_updated": "1391559655222", "type_": "DataProduct", "quality_control_level": "a", "_id": "1e49c944f90540878cd34662c03349ec", "availability": "AVAILABLE", "lcstate": "DEPLOYED"}, {"product_download_size_estimated": 0.0, "ion_url": "http://sg.b.oceanobservatories.org:5000/ion-service/data_product_management/get_data_product_extension?data_product_id=565fb14d36db4f0cb9444ef8e0940b60", "description": "Instrument GP03FLMA-RI001-08-CTDMOG999 core OOI data product", "name": "PRACSAL Salinity", "ion_name": "Practical Salinity L2 CTDMO 60m Low Power Sub-surface Mooring A - Global Station Papa Mesoscale Flanking A", "erddap_url": "http://erddap.b.oceanobservatories.org:8080/erddap/tabledap/data565fb14d36db4f0cb9444ef8e0940b60.html", "processing_level_code": "L2", "ts_updated": "1391558806644", "type_": "DataProduct", "quality_control_level": "b", "_id": "565fb14d36db4f0cb9444ef8e0940b60", "availability": "AVAILABLE", "lcstate": "DEPLOYED"}, {"product_download_size_estimated": 0.0, "ion_url": "http://sg.b.oceanobservatories.org:5000/ion-service/data_product_management/get_data_product_extension?data_product_id=48aa36dd7d24437c90e66e2db7be4680", "description": "Instrument GP03FLMA-RI001-14-CTDMOG999 data product: parsed samples", "name": "ctdmo_parsed", "ion_name": "Instrument GP03FLMA-RI001-14-CTDMOG999 stream 'ctdmo_parsed' data product", "erddap_url": "http://erddap.b.oceanobservatories.org:8080/erddap/tabledap/data48aa36dd7d24437c90e66e2db7be4680.html", "processing_level_code": "Parsed", "ts_updated": "1391558644417", "type_": "DataProduct", "quality_control_level": "a", "_id": "48aa36dd7d24437c90e66e2db7be4680", "availability": "AVAILABLE", "lcstate": "DEPLOYED"}, {"product_download_size_estimated": 0.0, "ion_url": "http://sg.b.oceanobservatories.org:5000/ion-service/data_product_management/get_data_product_extension?data_product_id=dcaaae05084344238279ea3fbcd29e7c", "description": "Instrument GP03FLMA-RI001-09-CTDMOG999 core OOI data product", "name": "DENSITY Density", "ion_name": "Density L2 CTDMO 90m Low Power Sub-surface Mooring A - Global Station Papa Mesoscale Flanking A", "erddap_url": "http://erddap.b.oceanobservatories.org:8080/erddap/tabledap/datadcaaae05084344238279ea3fbcd29e7c.html", "processing_level_code": "L2", "ts_updated": "1391557836754", "type_": "DataProduct", "quality_control_level": "b", "_id": "dcaaae05084344238279ea3fbcd29e7c", "availability": "AVAILABLE", "lcstate": "DEPLOYED"}, {"product_download_size_estimated": 0.0, "ion_url": "http://sg.b.oceanobservatories.org:5000/ion-service/data_product_management/get_data_product_extension?data_product_id=0f815738c0fe4cfeae7fc1f1a8da74e9", "description": "Instrument GP03FLMA-RI001-01-FLORTD999 core OOI data product", "name": "CDOMFLO Colored Dissolved Organic Matter (CDOM) fluorescence", "ion_name": "Fluorometric CDOM Concentration L1 FLORT Low Power Sub-surface Mooring A - Global Station Papa Mesoscale Flanking A", "erddap_url": "http://erddap.b.oceanobservatories.org:8080/erddap/tabledap/data0f815738c0fe4cfeae7fc1f1a8da74e9.html", "processing_level_code": "L1", "ts_updated": "1391558090441", "type_": "DataProduct", "quality_control_level": "a", "_id": "0f815738c0fe4cfeae7fc1f1a8da74e9", "availability": "AVAILABLE", "lcstate": "DEPLOYED"}, {"product_download_size_estimated": 0.0, "ion_url": "http://sg.b.oceanobservatories.org:5000/ion-service/data_product_management/get_data_product_extension?data_product_id=4aafe2c0ed38456bb925acf9cc4de58b", "description": "Instrument GP03FLMA-RI001-14-CTDMOG999 core OOI data product", "name": "TEMPWAT Water Temperature", "ion_name": "Temperature L0 CTDMO 500m Low Power Sub-surface Mooring A - Global Station Papa Mesoscale Flanking A", "erddap_url": "http://erddap.b.oceanobservatories.org:8080/erddap/tabledap/data4aafe2c0ed38456bb925acf9cc4de58b.html", "processing_level_code": "L0", "ts_updated": "1391558691810", "type_": "DataProduct", "quality_control_level": "N/A", "_id": "4aafe2c0ed38456bb925acf9cc4de58b", "availability": "AVAILABLE", "lcstate": "DEPLOYED"}, {"product_download_size_estimated": 0.0, "ion_url": "http://sg.b.oceanobservatories.org:5000/ion-service/data_product_management/get_data_product_extension?data_product_id=ee6f95fb0a264e70b7c7a44cd4d4f87c", "description": "Instrument GP03FLMA-RI001-07-CTDMOG999 core OOI data product", "name": "TEMPWAT Water Temperature", "ion_name": "Temperature L1 CTDMO 40m Low Power Sub-surface Mooring A - Global Station Papa Mesoscale Flanking A", "erddap_url": "http://erddap.b.oceanobservatories.org:8080/erddap/tabledap/dataee6f95fb0a264e70b7c7a44cd4d4f87c.html", "processing_level_code": "L1", "ts_updated": "1391560292686", "type_": "DataProduct", "quality_control_level": "a", "_id": "ee6f95fb0a264e70b7c7a44cd4d4f87c", "availability": "AVAILABLE", "lcstate": "DEPLOYED"}, {"product_download_size_estimated": 0.0, "ion_url": "http://sg.b.oceanobservatories.org:5000/ion-service/data_product_management/get_data_product_extension?data_product_id=2e8230e02732494aa1cc1009ccdb8cf5", "description": "Instrument GP03FLMA-RI001-16-CTDMOH999 data product: parsed samples", "name": "ctdmo_parsed", "ion_name": "Instrument GP03FLMA-RI001-16-CTDMOH999 stream 'ctdmo_parsed' data product", "erddap_url": "http://erddap.b.oceanobservatories.org:8080/erddap/tabledap/data2e8230e02732494aa1cc1009ccdb8cf5.html", "processing_level_code": "Parsed", "ts_updated": "1391559329744", "type_": "DataProduct", "quality_control_level": "a", "_id": "2e8230e02732494aa1cc1009ccdb8cf5", "availability": "AVAILABLE", "lcstate": "DEPLOYED"}, {"product_download_size_estimated": 0.0, "ion_url": "http://sg.b.oceanobservatories.org:5000/ion-service/data_product_management/get_data_product_extension?data_product_id=724e5940e98b44108edca41e62f762fb", "description": "Instrument GP03FLMA-RI001-06-CTDMOG999 data product: parsed samples", "name": "ctdmo_parsed", "ion_name": "Instrument GP03FLMA-RI001-06-CTDMOG999 stream 'ctdmo_parsed' data product", "erddap_url": "http://erddap.b.oceanobservatories.org:8080/erddap/tabledap/data724e5940e98b44108edca41e62f762fb.html", "processing_level_code": "Parsed", "ts_updated": "1391559753787", "type_": "DataProduct", "quality_control_level": "a", "_id": "724e5940e98b44108edca41e62f762fb", "availability": "AVAILABLE", "lcstate": "DEPLOYED"}, {"product_download_size_estimated": 0.0, "ion_url": "http://sg.b.oceanobservatories.org:5000/ion-service/data_product_management/get_data_product_extension?data_product_id=e0d76505c83a4c52895f845585f73062", "description": "Instrument GP03FLMA-RI001-01-FLORTD999 core OOI data product", "name": "FLUBSCT Optical Backscatter", "ion_name": "Optical Backscatter (Red Wavelengths) L1 FLORT Low Power Sub-surface Mooring A - Global Station Papa Mesoscale Flanking A", "erddap_url": "http://erddap.b.oceanobservatories.org:8080/erddap/tabledap/datae0d76505c83a4c52895f845585f73062.html", "processing_level_code": "L1", "ts_updated": "1391558109153", "type_": "DataProduct", "quality_control_level": "a", "_id": "e0d76505c83a4c52895f845585f73062", "availability": "AVAILABLE", "lcstate": "DEPLOYED"}, {"product_download_size_estimated": 0.0, "ion_url": "http://sg.b.oceanobservatories.org:5000/ion-service/data_product_management/get_data_product_extension?data_product_id=d3eb231e77784dc098155a41a7f50610", "description": "Instrument GP03FLMA-RI001-09-CTDMOG999 core OOI data product", "name": "CONDWAT Conductivity", "ion_name": "Conductivity L1 CTDMO 90m Low Power Sub-surface Mooring A - Global Station Papa Mesoscale Flanking A", "erddap_url": "http://erddap.b.oceanobservatories.org:8080/erddap/tabledap/datad3eb231e77784dc098155a41a7f50610.html", "processing_level_code": "L1", "ts_updated": "1391557832232", "type_": "DataProduct", "quality_control_level": "a", "_id": "d3eb231e77784dc098155a41a7f50610", "availability": "AVAILABLE", "lcstate": "DEPLOYED"}, {"product_download_size_estimated": 0.0, "ion_url": "http://sg.b.oceanobservatories.org:5000/ion-service/data_product_management/get_data_product_extension?data_product_id=e3482fdb73d34027a685736ccaa3eb3e", "description": "Instrument GP03FLMA-RI001-15-CTDMOH999 core OOI data product", "name": "CONDWAT Conductivity", "ion_name": "Conductivity L0 CTDMO 750m Low Power Sub-surface Mooring A - Global Station Papa Mesoscale Flanking A", "erddap_url": "http://erddap.b.oceanobservatories.org:8080/erddap/tabledap/datae3482fdb73d34027a685736ccaa3eb3e.html", "processing_level_code": "L0", "ts_updated": "1391559532333", "type_": "DataProduct", "quality_control_level": "N/A", "_id": "e3482fdb73d34027a685736ccaa3eb3e", "availability": "AVAILABLE", "lcstate": "DEPLOYED"}, {"product_download_size_estimated": 0.0, "ion_url": "http://sg.b.oceanobservatories.org:5000/ion-service/data_product_management/get_data_product_extension?data_product_id=8f3da3e3059e4d788412b79df3af7f44", "description": "Instrument GP03FLMA-RI001-09-CTDMOG999 data product: parsed samples", "name": "ctdmo_parsed", "ion_name": "Instrument GP03FLMA-RI001-09-CTDMOG999 stream 'ctdmo_parsed' data product", "erddap_url": "http://erddap.b.oceanobservatories.org:8080/erddap/tabledap/data8f3da3e3059e4d788412b79df3af7f44.html", "processing_level_code": "Parsed", "ts_updated": "1391557823295", "type_": "DataProduct", "quality_control_level": "a", "_id": "8f3da3e3059e4d788412b79df3af7f44", "availability": "AVAILABLE", "lcstate": "DEPLOYED"}, {"product_download_size_estimated": 0.0, "ion_url": "http://sg.b.oceanobservatories.org:5000/ion-service/data_product_management/get_data_product_extension?data_product_id=9a6c7bdbd40c41aa92a806da2ef9a22e", "description": "Instrument GP03FLMA-RI001-09-CTDMOG999 core OOI data product", "name": "PRACSAL Salinity", "ion_name": "Practical Salinity L2 CTDMO 90m Low Power Sub-surface Mooring A - Global Station Papa Mesoscale Flanking A", "erddap_url": "http://erddap.b.oceanobservatories.org:8080/erddap/tabledap/data9a6c7bdbd40c41aa92a806da2ef9a22e.html", "processing_level_code": "L2", "ts_updated": "1391557840911", "type_": "DataProduct", "quality_control_level": "b", "_id": "9a6c7bdbd40c41aa92a806da2ef9a22e", "availability": "AVAILABLE", "lcstate": "DEPLOYED"}, {"product_download_size_estimated": 0.0, "ion_url": "http://sg.b.oceanobservatories.org:5000/ion-service/data_product_management/get_data_product_extension?data_product_id=ac2f38a67199434aa3f4d53e9b40793c", "description": "Instrument GP03FLMA-RI001-08-CTDMOG999 core OOI data product", "name": "CONDWAT Conductivity", "ion_name": "Conductivity L1 CTDMO 60m Low Power Sub-surface Mooring A - Global Station Papa Mesoscale Flanking A", "erddap_url": "http://erddap.b.oceanobservatories.org:8080/erddap/tabledap/dataac2f38a67199434aa3f4d53e9b40793c.html", "processing_level_code": "L1", "ts_updated": "1391558792836", "type_": "DataProduct", "quality_control_level": "a", "_id": "ac2f38a67199434aa3f4d53e9b40793c", "availability": "AVAILABLE", "lcstate": "DEPLOYED"}, {"product_download_size_estimated": 0.0, "ion_url": "http://sg.b.oceanobservatories.org:5000/ion-service/data_product_management/get_data_product_extension?data_product_id=f5ceb0007713416c842878fbf0db4667", "description": "Instrument GP03FLMA-RI001-06-CTDMOG999 core OOI data product", "name": "PRESWAT Pressure (Depth)", "ion_name": "Pressure (Depth) L0 CTDMO 30m Low Power Sub-surface Mooring A - Global Station Papa Mesoscale Flanking A", "erddap_url": "http://erddap.b.oceanobservatories.org:8080/erddap/tabledap/dataf5ceb0007713416c842878fbf0db4667.html", "processing_level_code": "L0", "ts_updated": "1391559796957", "type_": "DataProduct", "quality_control_level": "N/A", "_id": "f5ceb0007713416c842878fbf0db4667", "availability": "AVAILABLE", "lcstate": "DEPLOYED"}, {"product_download_size_estimated": 0.0, "ion_url": "http://sg.b.oceanobservatories.org:5000/ion-service/data_product_management/get_data_product_extension?data_product_id=b81fcfc4c0254952b6d79d793e540e89", "description": "Instrument GP03FLMA-RI001-06-CTDMOG999 core OOI data product", "name": "TEMPWAT Water Temperature", "ion_name": "Temperature L1 CTDMO 30m Low Power Sub-surface Mooring A - Global Station Papa Mesoscale Flanking A", "erddap_url": "http://erddap.b.oceanobservatories.org:8080/erddap/tabledap/datab81fcfc4c0254952b6d79d793e540e89.html", "processing_level_code": "L1", "ts_updated": "1391559822797", "type_": "DataProduct", "quality_control_level": "a", "_id": "b81fcfc4c0254952b6d79d793e540e89", "availability": "AVAILABLE", "lcstate": "DEPLOYED"}, {"product_download_size_estimated": 0.0, "ion_url": "http://sg.b.oceanobservatories.org:5000/ion-service/data_product_management/get_data_product_extension?data_product_id=4ff4c3b64b5b4014a1ed0d201c80c0e9", "description": "Instrument GP03FLMA-RI001-08-CTDMOG999 core OOI data product", "name": "DENSITY Density", "ion_name": "Density L2 CTDMO 60m Low Power Sub-surface Mooring A - Global Station Papa Mesoscale Flanking A", "erddap_url": "http://erddap.b.oceanobservatories.org:8080/erddap/tabledap/data4ff4c3b64b5b4014a1ed0d201c80c0e9.html", "processing_level_code": "L2", "ts_updated": "1391558800034", "type_": "DataProduct", "quality_control_level": "b", "_id": "4ff4c3b64b5b4014a1ed0d201c80c0e9", "availability": "AVAILABLE", "lcstate": "DEPLOYED"}, {"product_download_size_estimated": 0.0, "ion_url": "http://sg.b.oceanobservatories.org:5000/ion-service/data_product_management/get_data_product_extension?data_product_id=d89e23bbd0f743219cb991177275f09b", "description": "Instrument GP03FLMA-RI001-15-CTDMOH999 core OOI data product", "name": "TEMPWAT Water Temperature", "ion_name": "Temperature L0 CTDMO 750m Low Power Sub-surface Mooring A - Global Station Papa Mesoscale Flanking A", "erddap_url": "http://erddap.b.oceanobservatories.org:8080/erddap/tabledap/datad89e23bbd0f743219cb991177275f09b.html", "processing_level_code": "L0", "ts_updated": "1391559582145", "type_": "DataProduct", "quality_control_level": "N/A", "_id": "d89e23bbd0f743219cb991177275f09b", "availability": "AVAILABLE", "lcstate": "DEPLOYED"}, {"product_download_size_estimated": 0.0, "ion_url": "http://sg.b.oceanobservatories.org:5000/ion-service/data_product_management/get_data_product_extension?data_product_id=296106e8eadc463ca393576f5636131c", "description": "Instrument GP03FLMA-RI001-11-CTDMOG999 data product: parsed samples", "name": "ctdmo_parsed", "ion_name": "Instrument GP03FLMA-RI001-11-CTDMOG999 stream 'ctdmo_parsed' data product", "erddap_url": "http://erddap.b.oceanobservatories.org:8080/erddap/tabledap/data296106e8eadc463ca393576f5636131c.html", "processing_level_code": "Parsed", "ts_updated": "1391559945900", "type_": "DataProduct", "quality_control_level": "a", "_id": "296106e8eadc463ca393576f5636131c", "availability": "AVAILABLE", "lcstate": "DEPLOYED"}, {"product_download_size_estimated": 0.0, "ion_url": "http://sg.b.oceanobservatories.org:5000/ion-service/data_product_management/get_data_product_extension?data_product_id=d3cf9f37aa094056a3865a0b453c22c9", "description": "Instrument GP03FLMA-RI001-12-CTDMOG999 core OOI data product", "name": "PRESWAT Pressure (Depth)", "ion_name": "Pressure (Depth) L0 CTDMO 250m Low Power Sub-surface Mooring A - Global Station Papa Mesoscale Flanking A", "erddap_url": "http://erddap.b.oceanobservatories.org:8080/erddap/tabledap/datad3cf9f37aa094056a3865a0b453c22c9.html", "processing_level_code": "L0", "ts_updated": "1391559252764", "type_": "DataProduct", "quality_control_level": "N/A", "_id": "d3cf9f37aa094056a3865a0b453c22c9", "availability": "AVAILABLE", "lcstate": "DEPLOYED"}, {"product_download_size_estimated": 0.0, "ion_url": "http://sg.b.oceanobservatories.org:5000/ion-service/data_product_management/get_data_product_extension?data_product_id=450df58dcf4040478fe85ab0a4f71c05", "description": "Instrument GP03FLMA-RI001-10-CTDMOG999 core OOI data product", "name": "TEMPWAT Water Temperature", "ion_name": "Temperature L1 CTDMO 130m Low Power Sub-surface Mooring A - Global Station Papa Mesoscale Flanking A", "erddap_url": "http://erddap.b.oceanobservatories.org:8080/erddap/tabledap/data450df58dcf4040478fe85ab0a4f71c05.html", "processing_level_code": "L1", "ts_updated": "1391559705022", "type_": "DataProduct", "quality_control_level": "a", "_id": "450df58dcf4040478fe85ab0a4f71c05", "availability": "AVAILABLE", "lcstate": "DEPLOYED"}, {"product_download_size_estimated": 0.0, "ion_url": "http://sg.b.oceanobservatories.org:5000/ion-service/data_product_management/get_data_product_extension?data_product_id=14638d57cd8c4ea69504f37ffd3c882e", "description": "Instrument GP03FLMA-RI001-15-CTDMOH999 core OOI data product", "name": "PRESWAT Pressure (Depth)", "ion_name": "Pressure (Depth) L0 CTDMO 750m Low Power Sub-surface Mooring A - Global Station Papa Mesoscale Flanking A", "erddap_url": "http://erddap.b.oceanobservatories.org:8080/erddap/tabledap/data14638d57cd8c4ea69504f37ffd3c882e.html", "processing_level_code": "L0", "ts_updated": "1391559565645", "type_": "DataProduct", "quality_control_level": "N/A", "_id": "14638d57cd8c4ea69504f37ffd3c882e", "availability": "AVAILABLE", "lcstate": "DEPLOYED"}, {"product_download_size_estimated": 0.0, "ion_url": "http://sg.b.oceanobservatories.org:5000/ion-service/data_product_management/get_data_product_extension?data_product_id=03c8df35c92449979a0feadecf42b5e0", "description": "Instrument GP03FLMA-RI001-08-CTDMOG999 core OOI data product", "name": "TEMPWAT Water Temperature", "ion_name": "Temperature L1 CTDMO 60m Low Power Sub-surface Mooring A - Global Station Papa Mesoscale Flanking A", "erddap_url": "http://erddap.b.oceanobservatories.org:8080/erddap/tabledap/data03c8df35c92449979a0feadecf42b5e0.html", "processing_level_code": "L1", "ts_updated": "1391558834898", "type_": "DataProduct", "quality_control_level": "a", "_id": "03c8df35c92449979a0feadecf42b5e0", "availability": "AVAILABLE", "lcstate": "DEPLOYED"}, {"product_download_size_estimated": 0.0, "ion_url": "http://sg.b.oceanobservatories.org:5000/ion-service/data_product_management/get_data_product_extension?data_product_id=f5de96d105b24346893d06f453ed4ce8", "description": "Instrument GP03FLMA-RI001-08-CTDMOG999 core OOI data product", "name": "CONDWAT Conductivity", "ion_name": "Conductivity L0 CTDMO 60m Low Power Sub-surface Mooring A - Global Station Papa Mesoscale Flanking A", "erddap_url": "http://erddap.b.oceanobservatories.org:8080/erddap/tabledap/dataf5de96d105b24346893d06f453ed4ce8.html", "processing_level_code": "L0", "ts_updated": "1391558786256", "type_": "DataProduct", "quality_control_level": "N/A", "_id": "f5de96d105b24346893d06f453ed4ce8", "availability": "AVAILABLE", "lcstate": "DEPLOYED"}, {"product_download_size_estimated": 0.0, "ion_url": "http://sg.b.oceanobservatories.org:5000/ion-service/data_product_management/get_data_product_extension?data_product_id=5c32274691214f59a0955ec56142353a", "description": "Instrument GP03FLMA-RI001-10-CTDMOG999 core OOI data product", "name": "TEMPWAT Water Temperature", "ion_name": "Temperature L0 CTDMO 130m Low Power Sub-surface Mooring A - Global Station Papa Mesoscale Flanking A", "erddap_url": "http://erddap.b.oceanobservatories.org:8080/erddap/tabledap/data5c32274691214f59a0955ec56142353a.html", "processing_level_code": "L0", "ts_updated": "1391559697066", "type_": "DataProduct", "quality_control_level": "N/A", "_id": "5c32274691214f59a0955ec56142353a", "availability": "AVAILABLE", "lcstate": "DEPLOYED"}, {"product_download_size_estimated": 0.0, "ion_url": "http://sg.b.oceanobservatories.org:5000/ion-service/data_product_management/get_data_product_extension?data_product_id=e39619f1b8c84963add91bfd3a6dff31", "description": "Instrument GP03FLMA-RI001-17-CTDMOH999 core OOI data product", "name": "DENSITY Density", "ion_name": "Density L2 CTDMO 1500m Low Power Sub-surface Mooring A - Global Station Papa Mesoscale Flanking A", "erddap_url": "http://erddap.b.oceanobservatories.org:8080/erddap/tabledap/datae39619f1b8c84963add91bfd3a6dff31.html", "processing_level_code": "L2", "ts_updated": "1391557901824", "type_": "DataProduct", "quality_control_level": "b", "_id": "e39619f1b8c84963add91bfd3a6dff31", "availability": "AVAILABLE", "lcstate": "DEPLOYED"}, {"product_download_size_estimated": 0.0, "ion_url": "http://sg.b.oceanobservatories.org:5000/ion-service/data_product_management/get_data_product_extension?data_product_id=54ba3ec636844dfca52cf8c2a34fd573", "description": "Instrument GP03FLMA-RI001-15-CTDMOH999 core OOI data product", "name": "PRACSAL Salinity", "ion_name": "Practical Salinity L2 CTDMO 750m Low Power Sub-surface Mooring A - Global Station Papa Mesoscale Flanking A", "erddap_url": "http://erddap.b.oceanobservatories.org:8080/erddap/tabledap/data54ba3ec636844dfca52cf8c2a34fd573.html", "processing_level_code": "L2", "ts_updated": "1391559557332", "type_": "DataProduct", "quality_control_level": "b", "_id": "54ba3ec636844dfca52cf8c2a34fd573", "availability": "AVAILABLE", "lcstate": "DEPLOYED"}, {"product_download_size_estimated": 0.0, "ion_url": "http://sg.b.oceanobservatories.org:5000/ion-service/data_product_management/get_data_product_extension?data_product_id=9b0821966a1f4a5e8b4346a22f3cc23c", "description": "Instrument GP03FLMA-RI001-16-CTDMOH999 core OOI data product", "name": "DENSITY Density", "ion_name": "Density L2 CTDMO 1000m Low Power Sub-surface Mooring A - Global Station Papa Mesoscale Flanking A", "erddap_url": "http://erddap.b.oceanobservatories.org:8080/erddap/tabledap/data9b0821966a1f4a5e8b4346a22f3cc23c.html", "processing_level_code": "L2", "ts_updated": "1391559353387", "type_": "DataProduct", "quality_control_level": "b", "_id": "9b0821966a1f4a5e8b4346a22f3cc23c", "availability": "AVAILABLE", "lcstate": "DEPLOYED"}, {"product_download_size_estimated": 0.0, "ion_url": "http://sg.b.oceanobservatories.org:5000/ion-service/data_product_management/get_data_product_extension?data_product_id=9dd8206410794b15a58a3017412857c2", "description": "Instrument GP03FLMA-RI001-12-CTDMOG999 core OOI data product", "name": "PRESWAT Pressure (Depth)", "ion_name": "Pressure (Depth) L1 CTDMO 250m Low Power Sub-surface Mooring A - Global Station Papa Mesoscale Flanking A", "erddap_url": "http://erddap.b.oceanobservatories.org:8080/erddap/tabledap/data9dd8206410794b15a58a3017412857c2.html", "processing_level_code": "L1", "ts_updated": "1391559260627", "type_": "DataProduct", "quality_control_level": "a", "_id": "9dd8206410794b15a58a3017412857c2", "availability": "AVAILABLE", "lcstate": "DEPLOYED"}, {"product_download_size_estimated": 0.0, "ion_url": "http://sg.b.oceanobservatories.org:5000/ion-service/data_product_management/get_data_product_extension?data_product_id=9fa8ff64318f4071b72601351c88c366", "description": "Instrument GP03FLMA-RI001-07-CTDMOG999 core OOI data product", "name": "PRACSAL Salinity", "ion_name": "Practical Salinity L2 CTDMO 40m Low Power Sub-surface Mooring A - Global Station Papa Mesoscale Flanking A", "erddap_url": "http://erddap.b.oceanobservatories.org:8080/erddap/tabledap/data9fa8ff64318f4071b72601351c88c366.html", "processing_level_code": "L2", "ts_updated": "1391560254265", "type_": "DataProduct", "quality_control_level": "b", "_id": "9fa8ff64318f4071b72601351c88c366", "availability": "AVAILABLE", "lcstate": "DEPLOYED"}, {"product_download_size_estimated": 0.0, "ion_url": "http://sg.b.oceanobservatories.org:5000/ion-service/data_product_management/get_data_product_extension?data_product_id=1d72c3a06609405184cd3c537b4937af", "description": "Instrument GP03FLMA-RI001-10-CTDMOG999 core OOI data product", "name": "PRESWAT Pressure (Depth)", "ion_name": "Pressure (Depth) L0 CTDMO 130m Low Power Sub-surface Mooring A - Global Station Papa Mesoscale Flanking A", "erddap_url": "http://erddap.b.oceanobservatories.org:8080/erddap/tabledap/data1d72c3a06609405184cd3c537b4937af.html", "processing_level_code": "L0", "ts_updated": "1391559680723", "type_": "DataProduct", "quality_control_level": "N/A", "_id": "1d72c3a06609405184cd3c537b4937af", "availability": "AVAILABLE", "lcstate": "DEPLOYED"}, {"product_download_size_estimated": 0.0, "ion_url": "http://sg.b.oceanobservatories.org:5000/ion-service/data_product_management/get_data_product_extension?data_product_id=7a68b0c94a2342799e6aeac6ee6c959f", "description": "Instrument GP03FLMA-RI001-13-CTDMOG999 core OOI data product", "name": "PRACSAL Salinity", "ion_name": "Practical Salinity L2 CTDMO 350m Low Power Sub-surface Mooring A - Global Station Papa Mesoscale Flanking A", "erddap_url": "http://erddap.b.oceanobservatories.org:8080/erddap/tabledap/data7a68b0c94a2342799e6aeac6ee6c959f.html", "processing_level_code": "L2", "ts_updated": "1391558169926", "type_": "DataProduct", "quality_control_level": "b", "_id": "7a68b0c94a2342799e6aeac6ee6c959f", "availability": "AVAILABLE", "lcstate": "DEPLOYED"}, {"product_download_size_estimated": 0.0, "ion_url": "http://sg.b.oceanobservatories.org:5000/ion-service/data_product_management/get_data_product_extension?data_product_id=ebc728aa81534f72b804dc34f1974543", "description": "Instrument GP03FLMA-RI001-07-CTDMOG999 core OOI data product", "name": "PRESWAT Pressure (Depth)", "ion_name": "Pressure (Depth) L0 CTDMO 40m Low Power Sub-surface Mooring A - Global Station Papa Mesoscale Flanking A", "erddap_url": "http://erddap.b.oceanobservatories.org:8080/erddap/tabledap/dataebc728aa81534f72b804dc34f1974543.html", "processing_level_code": "L0", "ts_updated": "1391560263670", "type_": "DataProduct", "quality_control_level": "N/A", "_id": "ebc728aa81534f72b804dc34f1974543", "availability": "AVAILABLE", "lcstate": "DEPLOYED"}, {"product_download_size_estimated": 0.0, "ion_url": "http://sg.b.oceanobservatories.org:5000/ion-service/data_product_management/get_data_product_extension?data_product_id=f3a7dac580cb40409eb59e80af82692d", "description": "Instrument GP03FLMA-RI001-16-CTDMOH999 core OOI data product", "name": "TEMPWAT Water Temperature", "ion_name": "Temperature L0 CTDMO 1000m Low Power Sub-surface Mooring A - Global Station Papa Mesoscale Flanking A", "erddap_url": "http://erddap.b.oceanobservatories.org:8080/erddap/tabledap/dataf3a7dac580cb40409eb59e80af82692d.html", "processing_level_code": "L0", "ts_updated": "1391559384208", "type_": "DataProduct", "quality_control_level": "N/A", "_id": "f3a7dac580cb40409eb59e80af82692d", "availability": "AVAILABLE", "lcstate": "DEPLOYED"}, {"product_download_size_estimated": 0.0, "ion_url": "http://sg.b.oceanobservatories.org:5000/ion-service/data_product_management/get_data_product_extension?data_product_id=b9eaa1ae5a9d402ba2a1d3dae6612d9e", "description": "Instrument GP03FLMA-RI001-14-CTDMOG999 core OOI data product", "name": "CONDWAT Conductivity", "ion_name": "Conductivity L0 CTDMO 500m Low Power Sub-surface Mooring A - Global Station Papa Mesoscale Flanking A", "erddap_url": "http://erddap.b.oceanobservatories.org:8080/erddap/tabledap/datab9eaa1ae5a9d402ba2a1d3dae6612d9e.html", "processing_level_code": "L0", "ts_updated": "1391558650994", "type_": "DataProduct", "quality_control_level": "N/A", "_id": "b9eaa1ae5a9d402ba2a1d3dae6612d9e", "availability": "AVAILABLE", "lcstate": "DEPLOYED"}, {"product_download_size_estimated": 0.0, "ion_url": "http://sg.b.oceanobservatories.org:5000/ion-service/data_product_management/get_data_product_extension?data_product_id=c0337078243949f6bc28d59bd55d0575", "description": "Instrument GP03FLMA-RI001-07-CTDMOG999 core OOI data product", "name": "CONDWAT Conductivity", "ion_name": "Conductivity L0 CTDMO 40m Low Power Sub-surface Mooring A - Global Station Papa Mesoscale Flanking A", "erddap_url": "http://erddap.b.oceanobservatories.org:8080/erddap/tabledap/datac0337078243949f6bc28d59bd55d0575.html", "processing_level_code": "L0", "ts_updated": "1391560225953", "type_": "DataProduct", "quality_control_level": "N/A", "_id": "c0337078243949f6bc28d59bd55d0575", "availability": "AVAILABLE", "lcstate": "DEPLOYED"}, {"product_download_size_estimated": 0.0, "ion_url": "http://sg.b.oceanobservatories.org:5000/ion-service/data_product_management/get_data_product_extension?data_product_id=a501edbbe9bb41f18f4aa00c32bc8c63", "description": "Instrument GP03FLMA-RI001-17-CTDMOH999 data product: parsed samples", "name": "ctdmo_parsed", "ion_name": "Instrument GP03FLMA-RI001-17-CTDMOH999 stream 'ctdmo_parsed' data product", "erddap_url": "http://erddap.b.oceanobservatories.org:8080/erddap/tabledap/dataa501edbbe9bb41f18f4aa00c32bc8c63.html", "processing_level_code": "Parsed", "ts_updated": "1391557887813", "type_": "DataProduct", "quality_control_level": "a", "_id": "a501edbbe9bb41f18f4aa00c32bc8c63", "availability": "AVAILABLE", "lcstate": "DEPLOYED"}, {"product_download_size_estimated": 0.0, "ion_url": "http://sg.b.oceanobservatories.org:5000/ion-service/data_product_management/get_data_product_extension?data_product_id=86e57024a8a240f28491dfc1b29e7326", "description": "Instrument GP03FLMA-RI001-15-CTDMOH999 core OOI data product", "name": "PRESWAT Pressure (Depth)", "ion_name": "Pressure (Depth) L1 CTDMO 750m Low Power Sub-surface Mooring A - Global Station Papa Mesoscale Flanking A", "erddap_url": "http://erddap.b.oceanobservatories.org:8080/erddap/tabledap/data86e57024a8a240f28491dfc1b29e7326.html", "processing_level_code": "L1", "ts_updated": "1391559573759", "type_": "DataProduct", "quality_control_level": "a", "_id": "86e57024a8a240f28491dfc1b29e7326", "availability": "AVAILABLE", "lcstate": "DEPLOYED"}, {"product_download_size_estimated": 0.0, "ion_url": "http://sg.b.oceanobservatories.org:5000/ion-service/data_product_management/get_data_product_extension?data_product_id=398ab67506e1418080d14540d78e0202", "description": "Instrument GP03FLMA-RI001-07-CTDMOG999 core OOI data product", "name": "PRESWAT Pressure (Depth)", "ion_name": "Pressure (Depth) L1 CTDMO 40m Low Power Sub-surface Mooring A - Global Station Papa Mesoscale Flanking A", "erddap_url": "http://erddap.b.oceanobservatories.org:8080/erddap/tabledap/data398ab67506e1418080d14540d78e0202.html", "processing_level_code": "L1", "ts_updated": "1391560273921", "type_": "DataProduct", "quality_control_level": "a", "_id": "398ab67506e1418080d14540d78e0202", "availability": "AVAILABLE", "lcstate": "DEPLOYED"}, {"product_download_size_estimated": 0.0, "ion_url": "http://sg.b.oceanobservatories.org:5000/ion-service/data_product_management/get_data_product_extension?data_product_id=fd7580671e11465893455aa759041708", "description": "Instrument GP03FLMA-RI001-17-CTDMOH999 core OOI data product", "name": "CONDWAT Conductivity", "ion_name": "Conductivity L1 CTDMO 1500m Low Power Sub-surface Mooring A - Global Station Papa Mesoscale Flanking A", "erddap_url": "http://erddap.b.oceanobservatories.org:8080/erddap/tabledap/datafd7580671e11465893455aa759041708.html", "processing_level_code": "L1", "ts_updated": "1391557897491", "type_": "DataProduct", "quality_control_level": "a", "_id": "fd7580671e11465893455aa759041708", "availability": "AVAILABLE", "lcstate": "DEPLOYED"}, {"product_download_size_estimated": 0.0, "ion_url": "http://sg.b.oceanobservatories.org:5000/ion-service/data_product_management/get_data_product_extension?data_product_id=21ea6aa106424d4f96b8febc9a6f18e8", "description": "Instrument GP03FLMA-RI001-10-CTDMOG999 core OOI data product", "name": "CONDWAT Conductivity", "ion_name": "Conductivity L0 CTDMO 130m Low Power Sub-surface Mooring A - Global Station Papa Mesoscale Flanking A", "erddap_url": "http://erddap.b.oceanobservatories.org:8080/erddap/tabledap/data21ea6aa106424d4f96b8febc9a6f18e8.html", "processing_level_code": "L0", "ts_updated": "1391559646758", "type_": "DataProduct", "quality_control_level": "N/A", "_id": "21ea6aa106424d4f96b8febc9a6f18e8", "availability": "AVAILABLE", "lcstate": "DEPLOYED"}, {"product_download_size_estimated": 0.0, "ion_url": "http://sg.b.oceanobservatories.org:5000/ion-service/data_product_management/get_data_product_extension?data_product_id=3da01fd68f3441fa9d800e192d14af1e", "description": "Instrument GP03FLMA-RI001-08-CTDMOG999 core OOI data product", "name": "PRESWAT Pressure (Depth)", "ion_name": "Pressure (Depth) L1 CTDMO 60m Low Power Sub-surface Mooring A - Global Station Papa Mesoscale Flanking A", "erddap_url": "http://erddap.b.oceanobservatories.org:8080/erddap/tabledap/data3da01fd68f3441fa9d800e192d14af1e.html", "processing_level_code": "L1", "ts_updated": "1391558820925", "type_": "DataProduct", "quality_control_level": "a", "_id": "3da01fd68f3441fa9d800e192d14af1e", "availability": "AVAILABLE", "lcstate": "DEPLOYED"}, {"product_download_size_estimated": 0.0, "ion_url": "http://sg.b.oceanobservatories.org:5000/ion-service/data_product_management/get_data_product_extension?data_product_id=915d7961982d422fbc47724fa039374c", "description": "Instrument GP03FLMA-RI001-04-ADCPSL999 core OOI data product", "name": "VELPROF Water Velocity Profile", "ion_name": "Velocity Profile L0 ADCPS Low Power Sub-surface Mooring A - Global Station Papa Mesoscale Flanking A", "erddap_url": "http://erddap.b.oceanobservatories.org:8080/erddap/tabledap/data915d7961982d422fbc47724fa039374c.html", "processing_level_code": "L0", "ts_updated": "1391557637165", "type_": "DataProduct", "quality_control_level": "N/A", "_id": "915d7961982d422fbc47724fa039374c", "availability": "AVAILABLE", "lcstate": "DEPLOYED"}, {"product_download_size_estimated": 0.0, "ion_url": "http://sg.b.oceanobservatories.org:5000/ion-service/data_product_management/get_data_product_extension?data_product_id=b2b5b27119ad4053baad8503962d5bb4", "description": "Instrument GP03FLMA-RI001-13-CTDMOG999 core OOI data product", "name": "CONDWAT Conductivity", "ion_name": "Conductivity L0 CTDMO 350m Low Power Sub-surface Mooring A - Global Station Papa Mesoscale Flanking A", "erddap_url": "http://erddap.b.oceanobservatories.org:8080/erddap/tabledap/datab2b5b27119ad4053baad8503962d5bb4.html", "processing_level_code": "L0", "ts_updated": "1391558153791", "type_": "DataProduct", "quality_control_level": "N/A", "_id": "b2b5b27119ad4053baad8503962d5bb4", "availability": "AVAILABLE", "lcstate": "DEPLOYED"}, {"product_download_size_estimated": 0.0, "ion_url": "http://sg.b.oceanobservatories.org:5000/ion-service/data_product_management/get_data_product_extension?data_product_id=a794895f73c446b7896dafac79892365", "description": "Instrument GP03FLMA-RI001-11-CTDMOG999 core OOI data product", "name": "PRACSAL Salinity", "ion_name": "Practical Salinity L2 CTDMO 180m Low Power Sub-surface Mooring A - Global Station Papa Mesoscale Flanking A", "erddap_url": "http://erddap.b.oceanobservatories.org:8080/erddap/tabledap/dataa794895f73c446b7896dafac79892365.html", "processing_level_code": "L2", "ts_updated": "1391559981410", "type_": "DataProduct", "quality_control_level": "b", "_id": "a794895f73c446b7896dafac79892365", "availability": "AVAILABLE", "lcstate": "DEPLOYED"}, {"product_download_size_estimated": 0.0, "ion_url": "http://sg.b.oceanobservatories.org:5000/ion-service/data_product_management/get_data_product_extension?data_product_id=7c4fc4ee2b1d4963bed9b1aaaa3dc9fa", "description": "Instrument GP03FLMA-RI001-08-CTDMOG999 core OOI data product", "name": "PRESWAT Pressure (Depth)", "ion_name": "Pressure (Depth) L0 CTDMO 60m Low Power Sub-surface Mooring A - Global Station Papa Mesoscale Flanking A", "erddap_url": "http://erddap.b.oceanobservatories.org:8080/erddap/tabledap/data7c4fc4ee2b1d4963bed9b1aaaa3dc9fa.html", "processing_level_code": "L0", "ts_updated": "1391558813622", "type_": "DataProduct", "quality_control_level": "N/A", "_id": "7c4fc4ee2b1d4963bed9b1aaaa3dc9fa", "availability": "AVAILABLE", "lcstate": "DEPLOYED"}, {"product_download_size_estimated": 0.0, "ion_url": "http://sg.b.oceanobservatories.org:5000/ion-service/data_product_management/get_data_product_extension?data_product_id=b25fb4bfb7144656bb03a87c0b0a441e", "description": "Instrument GP03FLMA-RI001-06-CTDMOG999 core OOI data product", "name": "TEMPWAT Water Temperature", "ion_name": "Temperature L0 CTDMO 30m Low Power Sub-surface Mooring A - Global Station Papa Mesoscale Flanking A", "erddap_url": "http://erddap.b.oceanobservatories.org:8080/erddap/tabledap/datab25fb4bfb7144656bb03a87c0b0a441e.html", "processing_level_code": "L0", "ts_updated": "1391559813924", "type_": "DataProduct", "quality_control_level": "N/A", "_id": "b25fb4bfb7144656bb03a87c0b0a441e", "availability": "AVAILABLE", "lcstate": "DEPLOYED"}, {"product_download_size_estimated": 0.0, "ion_url": "http://sg.b.oceanobservatories.org:5000/ion-service/data_product_management/get_data_product_extension?data_product_id=7ce28cc7507f44ed961099a43ef9c831", "description": "Instrument GP03FLMA-RI001-12-CTDMOG999 core OOI data product", "name": "CONDWAT Conductivity", "ion_name": "Conductivity L0 CTDMO 250m Low Power Sub-surface Mooring A - Global Station Papa Mesoscale Flanking A", "erddap_url": "http://erddap.b.oceanobservatories.org:8080/erddap/tabledap/data7ce28cc7507f44ed961099a43ef9c831.html", "processing_level_code": "L0", "ts_updated": "1391559222457", "type_": "DataProduct", "quality_control_level": "N/A", "_id": "7ce28cc7507f44ed961099a43ef9c831", "availability": "AVAILABLE", "lcstate": "DEPLOYED"}, {"product_download_size_estimated": 0.0, "ion_url": "http://sg.b.oceanobservatories.org:5000/ion-service/data_product_management/get_data_product_extension?data_product_id=8549f7e0e3d9407da042473e4a5938e1", "description": "Instrument GP03FLMA-RI001-17-CTDMOH999 core OOI data product", "name": "TEMPWAT Water Temperature", "ion_name": "Temperature L1 CTDMO 1500m Low Power Sub-surface Mooring A - Global Station Papa Mesoscale Flanking A", "erddap_url": "http://erddap.b.oceanobservatories.org:8080/erddap/tabledap/data8549f7e0e3d9407da042473e4a5938e1.html", "processing_level_code": "L1", "ts_updated": "1391557924621", "type_": "DataProduct", "quality_control_level": "a", "_id": "8549f7e0e3d9407da042473e4a5938e1", "availability": "AVAILABLE", "lcstate": "DEPLOYED"}, {"product_download_size_estimated": 0.0, "ion_url": "http://sg.b.oceanobservatories.org:5000/ion-service/data_product_management/get_data_product_extension?data_product_id=5c2844fbf1184526ab576e5af1cdcbf0", "description": "Instrument GP03FLMA-RI001-01-FLORTD999 core OOI data product", "name": "CHLAFLO Chlorophyll-a fluorescence", "ion_name": "Fluorometric Chlorophyll-a Concentration L0 FLORT Low Power Sub-surface Mooring A - Global Station Papa Mesoscale Flanking A", "erddap_url": "http://erddap.b.oceanobservatories.org:8080/erddap/tabledap/data5c2844fbf1184526ab576e5af1cdcbf0.html", "processing_level_code": "L0", "ts_updated": "1391558095408", "type_": "DataProduct", "quality_control_level": "N/A", "_id": "5c2844fbf1184526ab576e5af1cdcbf0", "availability": "AVAILABLE", "lcstate": "DEPLOYED"}, {"product_download_size_estimated": 0.0, "ion_url": "http://sg.b.oceanobservatories.org:5000/ion-service/data_product_management/get_data_product_extension?data_product_id=cba474302a2c4d07875ee64e3765c849", "description": "Instrument GP03FLMA-RI001-02-PHSENF999 data product: parsed samples", "name": "phsen_parsed", "ion_name": "Instrument GP03FLMA-RI001-02-PHSENF999 stream 'phsen_parsed' data product", "erddap_url": "http://erddap.b.oceanobservatories.org:8080/erddap/tabledap/datacba474302a2c4d07875ee64e3765c849.html", "processing_level_code": "Parsed", "ts_updated": "1391557960242", "type_": "DataProduct", "quality_control_level": "a", "_id": "cba474302a2c4d07875ee64e3765c849", "availability": "AVAILABLE", "lcstate": "DEPLOYED"}, {"product_download_size_estimated": 0.0, "ion_url": "http://sg.b.oceanobservatories.org:5000/ion-service/data_product_management/get_data_product_extension?data_product_id=dd31b07b4ff048dba4e263662c144d89", "description": "Instrument GP03FLMA-RI001-06-CTDMOG999 core OOI data product", "name": "PRESWAT Pressure (Depth)", "ion_name": "Pressure (Depth) L1 CTDMO 30m Low Power Sub-surface Mooring A - Global Station Papa Mesoscale Flanking A", "erddap_url": "http://erddap.b.oceanobservatories.org:8080/erddap/tabledap/datadd31b07b4ff048dba4e263662c144d89.html", "processing_level_code": "L1", "ts_updated": "1391559805470", "type_": "DataProduct", "quality_control_level": "a", "_id": "dd31b07b4ff048dba4e263662c144d89", "availability": "AVAILABLE", "lcstate": "DEPLOYED"}, {"product_download_size_estimated": 0.0, "ion_url": "http://sg.b.oceanobservatories.org:5000/ion-service/data_product_management/get_data_product_extension?data_product_id=230aafaac3ac4810bb9083d475afe4a3", "description": "Instrument GP03FLMA-RI001-11-CTDMOG999 core OOI data product", "name": "CONDWAT Conductivity", "ion_name": "Conductivity L0 CTDMO 180m Low Power Sub-surface Mooring A - Global Station Papa Mesoscale Flanking A", "erddap_url": "http://erddap.b.oceanobservatories.org:8080/erddap/tabledap/data230aafaac3ac4810bb9083d475afe4a3.html", "processing_level_code": "L0", "ts_updated": "1391559954702", "type_": "DataProduct", "quality_control_level": "N/A", "_id": "230aafaac3ac4810bb9083d475afe4a3", "availability": "AVAILABLE", "lcstate": "DEPLOYED"}, {"product_download_size_estimated": 0.0, "ion_url": "http://sg.b.oceanobservatories.org:5000/ion-service/data_product_management/get_data_product_extension?data_product_id=5162169199f746349f96a49d54e9fad0", "description": "Instrument GP03FLMA-RI001-02-PHSENF999 core OOI data product", "name": "PHWATER pH", "ion_name": "pH L1 PHSEN Low Power Sub-surface Mooring A - Global Station Papa Mesoscale Flanking A", "erddap_url": "http://erddap.b.oceanobservatories.org:8080/erddap/tabledap/data5162169199f746349f96a49d54e9fad0.html", "processing_level_code": "L1", "ts_updated": "1391557972707", "type_": "DataProduct", "quality_control_level": "a", "_id": "5162169199f746349f96a49d54e9fad0", "availability": "AVAILABLE", "lcstate": "DEPLOYED"}, {"product_download_size_estimated": 0.0, "ion_url": "http://sg.b.oceanobservatories.org:5000/ion-service/data_product_management/get_data_product_extension?data_product_id=bfc9f7cb486747839cedddbcf462ca5d", "description": "Instrument GP03FLMA-RI001-04-ADCPSL999 core OOI data product", "name": "VELPROF Water Velocity Profile", "ion_name": "Velocity Profile L1 ADCPS Low Power Sub-surface Mooring A - Global Station Papa Mesoscale Flanking A", "erddap_url": "http://erddap.b.oceanobservatories.org:8080/erddap/tabledap/databfc9f7cb486747839cedddbcf462ca5d.html", "processing_level_code": "L1", "ts_updated": "1391557640591", "type_": "DataProduct", "quality_control_level": "a", "_id": "bfc9f7cb486747839cedddbcf462ca5d", "availability": "AVAILABLE", "lcstate": "DEPLOYED"}, {"product_download_size_estimated": 0.0, "ion_url": "http://sg.b.oceanobservatories.org:5000/ion-service/data_product_management/get_data_product_extension?data_product_id=285148d1e093477cbcbcb30c5c239126", "description": "Instrument GP03FLMA-RI001-15-CTDMOH999 core OOI data product", "name": "DENSITY Density", "ion_name": "Density L2 CTDMO 750m Low Power Sub-surface Mooring A - Global Station Papa Mesoscale Flanking A", "erddap_url": "http://erddap.b.oceanobservatories.org:8080/erddap/tabledap/data285148d1e093477cbcbcb30c5c239126.html", "processing_level_code": "L2", "ts_updated": "1391559548960", "type_": "DataProduct", "quality_control_level": "b", "_id": "285148d1e093477cbcbcb30c5c239126", "availability": "AVAILABLE", "lcstate": "DEPLOYED"}, {"product_download_size_estimated": 0.0, "ion_url": "http://sg.b.oceanobservatories.org:5000/ion-service/data_product_management/get_data_product_extension?data_product_id=9a0b3cb78a074954b467714fd1c86818", "description": "Instrument GP03FLMA-RI001-10-CTDMOG999 core OOI data product", "name": "PRACSAL Salinity", "ion_name": "Practical Salinity L2 CTDMO 130m Low Power Sub-surface Mooring A - Global Station Papa Mesoscale Flanking A", "erddap_url": "http://erddap.b.oceanobservatories.org:8080/erddap/tabledap/data9a0b3cb78a074954b467714fd1c86818.html", "processing_level_code": "L2", "ts_updated": "1391559672318", "type_": "DataProduct", "quality_control_level": "b", "_id": "9a0b3cb78a074954b467714fd1c86818", "availability": "AVAILABLE", "lcstate": "DEPLOYED"}, {"product_download_size_estimated": 0.0, "ion_url": "http://sg.b.oceanobservatories.org:5000/ion-service/data_product_management/get_data_product_extension?data_product_id=54d2ab1e6bb54ef49e1b8b4ca4560415", "description": "Instrument GP03FLMA-RI001-13-CTDMOG999 core OOI data product", "name": "PRESWAT Pressure (Depth)", "ion_name": "Pressure (Depth) L0 CTDMO 350m Low Power Sub-surface Mooring A - Global Station Papa Mesoscale Flanking A", "erddap_url": "http://erddap.b.oceanobservatories.org:8080/erddap/tabledap/data54d2ab1e6bb54ef49e1b8b4ca4560415.html", "processing_level_code": "L0", "ts_updated": "1391558175278", "type_": "DataProduct", "quality_control_level": "N/A", "_id": "54d2ab1e6bb54ef49e1b8b4ca4560415", "availability": "AVAILABLE", "lcstate": "DEPLOYED"}, {"product_download_size_estimated": 0.0, "ion_url": "http://sg.b.oceanobservatories.org:5000/ion-service/data_product_management/get_data_product_extension?data_product_id=eb796ad954f243f8a513a0e07976b3ef", "description": "Instrument GP03FLMA-RI001-03-DOSTAD999 core OOI data product", "name": "DOCONCS Dissolved Oxygen", "ion_name": "Oxygen Concentration from Stable DO Instrument L0 DOSTA Low Power Sub-surface Mooring A - Global Station Papa Mesoscale Flanking A", "erddap_url": "http://erddap.b.oceanobservatories.org:8080/erddap/tabledap/dataeb796ad954f243f8a513a0e07976b3ef.html", "processing_level_code": "L0", "ts_updated": "1391557813800", "type_": "DataProduct", "quality_control_level": "N/A", "_id": "eb796ad954f243f8a513a0e07976b3ef", "availability": "AVAILABLE", "lcstate": "DEPLOYED"}, {"product_download_size_estimated": 0.0, "ion_url": "http://sg.b.oceanobservatories.org:5000/ion-service/data_product_management/get_data_product_extension?data_product_id=071d89cd50294666b8a5e294765d06a4", "description": "Instrument GP03FLMA-RI001-10-CTDMOG999 core OOI data product", "name": "PRESWAT Pressure (Depth)", "ion_name": "Pressure (Depth) L1 CTDMO 130m Low Power Sub-surface Mooring A - Global Station Papa Mesoscale Flanking A", "erddap_url": "http://erddap.b.oceanobservatories.org:8080/erddap/tabledap/data071d89cd50294666b8a5e294765d06a4.html", "processing_level_code": "L1", "ts_updated": "1391559688684", "type_": "DataProduct", "quality_control_level": "a", "_id": "071d89cd50294666b8a5e294765d06a4", "availability": "AVAILABLE", "lcstate": "DEPLOYED"}, {"product_download_size_estimated": 0.0, "ion_url": "http://sg.b.oceanobservatories.org:5000/ion-service/data_product_management/get_data_product_extension?data_product_id=79bf1f5e2cd348b0b69debe79c0b648f", "description": "Instrument GP03FLMA-RI001-17-CTDMOH999 core OOI data product", "name": "CONDWAT Conductivity", "ion_name": "Conductivity L0 CTDMO 1500m Low Power Sub-surface Mooring A - Global Station Papa Mesoscale Flanking A", "erddap_url": "http://erddap.b.oceanobservatories.org:8080/erddap/tabledap/data79bf1f5e2cd348b0b69debe79c0b648f.html", "processing_level_code": "L0", "ts_updated": "1391557892718", "type_": "DataProduct", "quality_control_level": "N/A", "_id": "79bf1f5e2cd348b0b69debe79c0b648f", "availability": "AVAILABLE", "lcstate": "DEPLOYED"}, {"product_download_size_estimated": 0.0, "ion_url": "http://sg.b.oceanobservatories.org:5000/ion-service/data_product_management/get_data_product_extension?data_product_id=add9acb9dc664cd3b4617f1c815247e8", "description": "Instrument GP03FLMA-RI001-13-CTDMOG999 core OOI data product", "name": "TEMPWAT Water Temperature", "ion_name": "Temperature L0 CTDMO 350m Low Power Sub-surface Mooring A - Global Station Papa Mesoscale Flanking A", "erddap_url": "http://erddap.b.oceanobservatories.org:8080/erddap/tabledap/dataadd9acb9dc664cd3b4617f1c815247e8.html", "processing_level_code": "L0", "ts_updated": "1391558186006", "type_": "DataProduct", "quality_control_level": "N/A", "_id": "add9acb9dc664cd3b4617f1c815247e8", "availability": "AVAILABLE", "lcstate": "DEPLOYED"}, {"product_download_size_estimated": 0.0, "ion_url": "http://sg.b.oceanobservatories.org:5000/ion-service/data_product_management/get_data_product_extension?data_product_id=c4dd6bdfed414705aabfef869abf3700", "description": "Instrument GP03FLMA-RI001-17-CTDMOH999 core OOI data product", "name": "PRESWAT Pressure (Depth)", "ion_name": "Pressure (Depth) L1 CTDMO 1500m Low Power Sub-surface Mooring A - Global Station Papa Mesoscale Flanking A", "erddap_url": "http://erddap.b.oceanobservatories.org:8080/erddap/tabledap/datac4dd6bdfed414705aabfef869abf3700.html", "processing_level_code": "L1", "ts_updated": "1391557915542", "type_": "DataProduct", "quality_control_level": "a", "_id": "c4dd6bdfed414705aabfef869abf3700", "availability": "AVAILABLE", "lcstate": "DEPLOYED"}, {"product_download_size_estimated": 0.0, "ion_url": "http://sg.b.oceanobservatories.org:5000/ion-service/data_product_management/get_data_product_extension?data_product_id=7bcde5ca80814ddcbe1ba38941dc465e", "description": "Instrument GP03FLMA-RI001-13-CTDMOG999 data product: parsed samples", "name": "ctdmo_parsed", "ion_name": "Instrument GP03FLMA-RI001-13-CTDMOG999 stream 'ctdmo_parsed' data product", "erddap_url": "http://erddap.b.oceanobservatories.org:8080/erddap/tabledap/data7bcde5ca80814ddcbe1ba38941dc465e.html", "processing_level_code": "Parsed", "ts_updated": "1391558148274", "type_": "DataProduct", "quality_control_level": "a", "_id": "7bcde5ca80814ddcbe1ba38941dc465e", "availability": "AVAILABLE", "lcstate": "DEPLOYED"}, {"product_download_size_estimated": 0.0, "ion_url": "http://sg.b.oceanobservatories.org:5000/ion-service/data_product_management/get_data_product_extension?data_product_id=46791dee9db049a9a169119e52bf5b44", "description": "Instrument GP03FLMA-RI001-16-CTDMOH999 core OOI data product", "name": "PRACSAL Salinity", "ion_name": "Practical Salinity L2 CTDMO 1000m Low Power Sub-surface Mooring A - Global Station Papa Mesoscale Flanking A", "erddap_url": "http://erddap.b.oceanobservatories.org:8080/erddap/tabledap/data46791dee9db049a9a169119e52bf5b44.html", "processing_level_code": "L2", "ts_updated": "1391559360808", "type_": "DataProduct", "quality_control_level": "b", "_id": "46791dee9db049a9a169119e52bf5b44", "availability": "AVAILABLE", "lcstate": "DEPLOYED"}, {"product_download_size_estimated": 0.0, "ion_url": "http://sg.b.oceanobservatories.org:5000/ion-service/data_product_management/get_data_product_extension?data_product_id=f252e4030dff4e0a872bae2d495c514a", "description": "Instrument GP03FLMA-RI001-02-PHSENF999 core OOI data product", "name": "PH578SI none", "ion_name": "Optical Absorbance Signal Intensity at 578nm L0 PHSEN Low Power Sub-surface Mooring A - Global Station Papa Mesoscale Flanking A", "erddap_url": "http://erddap.b.oceanobservatories.org:8080/erddap/tabledap/dataf252e4030dff4e0a872bae2d495c514a.html", "processing_level_code": "L0", "ts_updated": "1391557968686", "type_": "DataProduct", "quality_control_level": "N/A", "_id": "f252e4030dff4e0a872bae2d495c514a", "availability": "AVAILABLE", "lcstate": "DEPLOYED"}, {"product_download_size_estimated": 0.0, "ion_url": "http://sg.b.oceanobservatories.org:5000/ion-service/data_product_management/get_data_product_extension?data_product_id=5293ecf8405e4bf6b5ee7cd43b1b004a", "description": "Instrument GP03FLMA-RI001-16-CTDMOH999 core OOI data product", "name": "PRESWAT Pressure (Depth)", "ion_name": "Pressure (Depth) L0 CTDMO 1000m Low Power Sub-surface Mooring A - Global Station Papa Mesoscale Flanking A", "erddap_url": "http://erddap.b.oceanobservatories.org:8080/erddap/tabledap/data5293ecf8405e4bf6b5ee7cd43b1b004a.html", "processing_level_code": "L0", "ts_updated": "1391559368504", "type_": "DataProduct", "quality_control_level": "N/A", "_id": "5293ecf8405e4bf6b5ee7cd43b1b004a", "availability": "AVAILABLE", "lcstate": "DEPLOYED"}, {"product_download_size_estimated": 0.0, "ion_url": "http://sg.b.oceanobservatories.org:5000/ion-service/data_product_management/get_data_product_extension?data_product_id=1f773bddc2b74cd7a2251570894ffbfe", "description": "Instrument GP03FLMA-RI001-15-CTDMOH999 core OOI data product", "name": "CONDWAT Conductivity", "ion_name": "Conductivity L1 CTDMO 750m Low Power Sub-surface Mooring A - Global Station Papa Mesoscale Flanking A", "erddap_url": "http://erddap.b.oceanobservatories.org:8080/erddap/tabledap/data1f773bddc2b74cd7a2251570894ffbfe.html", "processing_level_code": "L1", "ts_updated": "1391559540665", "type_": "DataProduct", "quality_control_level": "a", "_id": "1f773bddc2b74cd7a2251570894ffbfe", "availability": "AVAILABLE", "lcstate": "DEPLOYED"}, {"product_download_size_estimated": 0.0, "ion_url": "http://sg.b.oceanobservatories.org:5000/ion-service/data_product_management/get_data_product_extension?data_product_id=0c6815feacfa4fabbe1a51697aeaa01b", "description": "Instrument GP03FLMA-RI001-04-ADCPSL999 data product: parsed samples", "name": "adcps_parsed", "ion_name": "Instrument GP03FLMA-RI001-04-ADCPSL999 stream 'adcps_parsed' data product", "erddap_url": "http://erddap.b.oceanobservatories.org:8080/erddap/tabledap/data0c6815feacfa4fabbe1a51697aeaa01b.html", "processing_level_code": "Parsed", "ts_updated": "1391557633423", "type_": "DataProduct", "quality_control_level": "a", "_id": "0c6815feacfa4fabbe1a51697aeaa01b", "availability": "AVAILABLE", "lcstate": "DEPLOYED"}, {"product_download_size_estimated": 0.0, "ion_url": "http://sg.b.oceanobservatories.org:5000/ion-service/data_product_management/get_data_product_extension?data_product_id=269d86d56b46448b8f78d9173827faee", "description": "Instrument GP03FLMA-RI001-16-CTDMOH999 core OOI data product", "name": "CONDWAT Conductivity", "ion_name": "Conductivity L0 CTDMO 1000m Low Power Sub-surface Mooring A - Global Station Papa Mesoscale Flanking A", "erddap_url": "http://erddap.b.oceanobservatories.org:8080/erddap/tabledap/data269d86d56b46448b8f78d9173827faee.html", "processing_level_code": "L0", "ts_updated": "1391559337192", "type_": "DataProduct", "quality_control_level": "N/A", "_id": "269d86d56b46448b8f78d9173827faee", "availability": "AVAILABLE", "lcstate": "DEPLOYED"}, {"product_download_size_estimated": 0.0, "ion_url": "http://sg.b.oceanobservatories.org:5000/ion-service/data_product_management/get_data_product_extension?data_product_id=c7c8e104ba4a486dab8494ca5e05102d", "description": "Instrument GP03FLMA-RI001-17-CTDMOH999 core OOI data product", "name": "PRACSAL Salinity", "ion_name": "Practical Salinity L2 CTDMO 1500m Low Power Sub-surface Mooring A - Global Station Papa Mesoscale Flanking A", "erddap_url": "http://erddap.b.oceanobservatories.org:8080/erddap/tabledap/datac7c8e104ba4a486dab8494ca5e05102d.html", "processing_level_code": "L2", "ts_updated": "1391557906301", "type_": "DataProduct", "quality_control_level": "b", "_id": "c7c8e104ba4a486dab8494ca5e05102d", "availability": "AVAILABLE", "lcstate": "DEPLOYED"}, {"product_download_size_estimated": 0.0, "ion_url": "http://sg.b.oceanobservatories.org:5000/ion-service/data_product_management/get_data_product_extension?data_product_id=61a2e019eccd4bc79bd7dd9c3e599f17", "description": "Instrument GP03FLMA-RI001-06-CTDMOG999 core OOI data product", "name": "PRACSAL Salinity", "ion_name": "Practical Salinity L2 CTDMO 30m Low Power Sub-surface Mooring A - Global Station Papa Mesoscale Flanking A", "erddap_url": "http://erddap.b.oceanobservatories.org:8080/erddap/tabledap/data61a2e019eccd4bc79bd7dd9c3e599f17.html", "processing_level_code": "L2", "ts_updated": "1391559787849", "type_": "DataProduct", "quality_control_level": "b", "_id": "61a2e019eccd4bc79bd7dd9c3e599f17", "availability": "AVAILABLE", "lcstate": "DEPLOYED"}, {"product_download_size_estimated": 0.0, "ion_url": "http://sg.b.oceanobservatories.org:5000/ion-service/data_product_management/get_data_product_extension?data_product_id=610409feec934eb9ac1afa17dfe36c94", "description": "Instrument GP03FLMA-RI001-07-CTDMOG999 core OOI data product", "name": "DENSITY Density", "ion_name": "Density L2 CTDMO 40m Low Power Sub-surface Mooring A - Global Station Papa Mesoscale Flanking A", "erddap_url": "http://erddap.b.oceanobservatories.org:8080/erddap/tabledap/data610409feec934eb9ac1afa17dfe36c94.html", "processing_level_code": "L2", "ts_updated": "1391560244745", "type_": "DataProduct", "quality_control_level": "b", "_id": "610409feec934eb9ac1afa17dfe36c94", "availability": "AVAILABLE", "lcstate": "DEPLOYED"}, {"product_download_size_estimated": 0.0, "ion_url": "http://sg.b.oceanobservatories.org:5000/ion-service/data_product_management/get_data_product_extension?data_product_id=7101abb6fd7844d3a6a3b1faf6347c6e", "description": "Instrument GP03FLMA-RI001-12-CTDMOG999 core OOI data product", "name": "CONDWAT Conductivity", "ion_name": "Conductivity L1 CTDMO 250m Low Power Sub-surface Mooring A - Global Station Papa Mesoscale Flanking A", "erddap_url": "http://erddap.b.oceanobservatories.org:8080/erddap/tabledap/data7101abb6fd7844d3a6a3b1faf6347c6e.html", "processing_level_code": "L1", "ts_updated": "1391559230364", "type_": "DataProduct", "quality_control_level": "a", "_id": "7101abb6fd7844d3a6a3b1faf6347c6e", "availability": "AVAILABLE", "lcstate": "DEPLOYED"}, {"product_download_size_estimated": 0.0, "ion_url": "http://sg.b.oceanobservatories.org:5000/ion-service/data_product_management/get_data_product_extension?data_product_id=2792054a59d34b5a9cd728d158ec25b3", "description": "Instrument GP03FLMA-RI001-17-CTDMOH999 core OOI data product", "name": "TEMPWAT Water Temperature", "ion_name": "Temperature L0 CTDMO 1500m Low Power Sub-surface Mooring A - Global Station Papa Mesoscale Flanking A", "erddap_url": "http://erddap.b.oceanobservatories.org:8080/erddap/tabledap/data2792054a59d34b5a9cd728d158ec25b3.html", "processing_level_code": "L0", "ts_updated": "1391557920087", "type_": "DataProduct", "quality_control_level": "N/A", "_id": "2792054a59d34b5a9cd728d158ec25b3", "availability": "AVAILABLE", "lcstate": "DEPLOYED"}, {"product_download_size_estimated": 0.0, "ion_url": "http://sg.b.oceanobservatories.org:5000/ion-service/data_product_management/get_data_product_extension?data_product_id=e56fe9b967a648149ab656e3f1641105", "description": "Instrument GP03FLMA-RI001-08-CTDMOG999 data product: parsed samples", "name": "ctdmo_parsed", "ion_name": "Instrument GP03FLMA-RI001-08-CTDMOG999 stream 'ctdmo_parsed' data product", "erddap_url": "http://erddap.b.oceanobservatories.org:8080/erddap/tabledap/datae56fe9b967a648149ab656e3f1641105.html", "processing_level_code": "Parsed", "ts_updated": "1391558779093", "type_": "DataProduct", "quality_control_level": "a", "_id": "e56fe9b967a648149ab656e3f1641105", "availability": "AVAILABLE", "lcstate": "DEPLOYED"}, {"product_download_size_estimated": 0.0, "ion_url": "http://sg.b.oceanobservatories.org:5000/ion-service/data_product_management/get_data_product_extension?data_product_id=3e5eed564eb946538ee9589e1e18de41", "description": "Instrument GP03FLMA-RI001-12-CTDMOG999 data product: parsed samples", "name": "ctdmo_parsed", "ion_name": "Instrument GP03FLMA-RI001-12-CTDMOG999 stream 'ctdmo_parsed' data product", "erddap_url": "http://erddap.b.oceanobservatories.org:8080/erddap/tabledap/data3e5eed564eb946538ee9589e1e18de41.html", "processing_level_code": "Parsed", "ts_updated": "1391559215172", "type_": "DataProduct", "quality_control_level": "a", "_id": "3e5eed564eb946538ee9589e1e18de41", "availability": "AVAILABLE", "lcstate": "DEPLOYED"}, {"product_download_size_estimated": 0.0, "ion_url": "http://sg.b.oceanobservatories.org:5000/ion-service/data_product_management/get_data_product_extension?data_product_id=5bf5c7b7fa2945f4afe9b3b35b8eda17", "description": "Instrument GP03FLMA-RI001-09-CTDMOG999 core OOI data product", "name": "PRESWAT Pressure (Depth)", "ion_name": "Pressure (Depth) L1 CTDMO 90m Low Power Sub-surface Mooring A - Global Station Papa Mesoscale Flanking A", "erddap_url": "http://erddap.b.oceanobservatories.org:8080/erddap/tabledap/data5bf5c7b7fa2945f4afe9b3b35b8eda17.html", "processing_level_code": "L1", "ts_updated": "1391557849971", "type_": "DataProduct", "quality_control_level": "a", "_id": "5bf5c7b7fa2945f4afe9b3b35b8eda17", "availability": "AVAILABLE", "lcstate": "DEPLOYED"}, {"product_download_size_estimated": 0.0, "ion_url": "http://sg.b.oceanobservatories.org:5000/ion-service/data_product_management/get_data_product_extension?data_product_id=a1a7d56df2454d95ac9edb22bd31faa0", "description": "Instrument GP03FLMA-RI001-01-FLORTD999 data product: parsed samples", "name": "flortd_parsed", "ion_name": "Instrument GP03FLMA-RI001-01-FLORTD999 stream 'flortd_parsed' data product", "erddap_url": "http://erddap.b.oceanobservatories.org:8080/erddap/tabledap/dataa1a7d56df2454d95ac9edb22bd31faa0.html", "processing_level_code": "Parsed", "ts_updated": "1391558080714", "type_": "DataProduct", "quality_control_level": "a", "_id": "a1a7d56df2454d95ac9edb22bd31faa0", "availability": "AVAILABLE", "lcstate": "DEPLOYED"}]}]}