{"ion_url": "http://sg.b.oceanobservatories.org:5000/ion-service/observatory_management/get_observatory_site_extension?site_id=aabe98f9d4f14be4b8fb7fd61dd27047", "name": "Global Station Papa Mobile Assets", "spatial_area_name": "Global Station Papa", "reference_designator": "GP05MOAS", "type_": "Observatory", "_id": "aabe98f9d4f14be4b8fb7fd61dd27047", "children": [{"ion_url": "http://sg.b.oceanobservatories.org:5000/ion-service/observatory_management/get_platform_station_site_extension?site_id=2f470096dbd247fe877714b0bf3f86e9", "name": "Glider 001", "deployments": [{"lcstate": "DEPLOYED", "name": "Deployment of platform GP05MOAS-GL001", "ts_updated": "1391557239033", "type_": "Deployment", "_id": "825f4f7bc81c49c89805e3f4c71094ec", "availability": "AVAILABLE", "description": ""}], "reference_designator": "GP05MOAS-GL001", "type_": "PlatformSite", "_id": "2f470096dbd247fe877714b0bf3f86e9", "children": [{"product_download_size_estimated": 5220.96875, "ion_url": "http://sg.b.oceanobservatories.org:5000/ion-service/data_product_management/get_data_product_extension?data_product_id=ca73aaba72184d748847bf95ba53fe6b", "description": "Instrument GP05MOAS-GL001-01-FLORDM999 core OOI data product", "name": "CHLAFLO Chlorophyll-a fluorescence", "ion_name": "Fluorometric Chlorophyll-a Concentration L1 FLORD Glider 001 - Global Station Papa Mobile Assets", "erddap_url": "http://erddap.b.oceanobservatories.org:8080/erddap/tabledap/dataca73aaba72184d748847bf95ba53fe6b.html", "processing_level_code": "L1", "ts_updated": "1391804699517", "type_": "DataProduct", "quality_control_level": "a", "_id": "ca73aaba72184d748847bf95ba53fe6b", "availability": "AVAILABLE", "lcstate": "DEPLOYED"}, {"product_download_size_estimated": 5537.0859375, "ion_url": "http://sg.b.oceanobservatories.org:5000/ion-service/data_product_management/get_data_product_extension?data_product_id=e6bca04956e541128a75c1b2f1664e2a", "description": "Instrument GP05MOAS-GL001-02-DOSTAM999 core OOI data product", "name": "DOCONCS Dissolved Oxygen", "ion_name": "Oxygen Concentration from Stable DO Instrument L1 DOSTA Glider 001 - Global Station Papa Mobile Assets", "erddap_url": "http://erddap.b.oceanobservatories.org:8080/erddap/tabledap/datae6bca04956e541128a75c1b2f1664e2a.html", "processing_level_code": "L1", "ts_updated": "1391558512105", "type_": "DataProduct", "quality_control_level": "a", "_id": "e6bca04956e541128a75c1b2f1664e2a", "availability": "AVAILABLE", "lcstate": "DEPLOYED"}, {"product_download_size_estimated": 6150.92578125, "ion_url": "http://sg.b.oceanobservatories.org:5000/ion-service/data_product_management/get_data_product_extension?data_product_id=80f631f1fc2e4f239bf94e526a176ec3", "description": "Instrument GP05MOAS-GL001-04-CTDGVM999 core OOI data product", "name": "CONDWAT Conductivity", "ion_name": "Conductivity L1 CTDGV Glider 001 - Global Station Papa Mobile Assets", "erddap_url": "http://erddap.b.oceanobservatories.org:8080/erddap/tabledap/data80f631f1fc2e4f239bf94e526a176ec3.html", "processing_level_code": "L1", "ts_updated": "1391558886248", "type_": "DataProduct", "quality_control_level": "a", "_id": "80f631f1fc2e4f239bf94e526a176ec3", "availability": "AVAILABLE", "lcstate": "DEPLOYED"}, {"product_download_size_estimated": 5220.96875, "ion_url": "http://sg.b.oceanobservatories.org:5000/ion-service/data_product_management/get_data_product_extension?data_product_id=d3251195983c475abd059a6a38b487ad", "description": "Instrument GP05MOAS-GL001-01-FLORDM999 data product: parsed samples", "name": "ggldr_flord_delayed", "ion_name": "Instrument GP05MOAS-GL001-01-FLORDM999 stream 'ggldr_flord_delayed' data product", "erddap_url": "http://erddap.b.oceanobservatories.org:8080/erddap/tabledap/datad3251195983c475abd059a6a38b487ad.html", "processing_level_code": "Parsed", "ts_updated": "1391559036754", "type_": "DataProduct", "quality_control_level": "a", "_id": "d3251195983c475abd059a6a38b487ad", "availability": "AVAILABLE", "lcstate": "DEPLOYED"}, {"product_download_size_estimated": 6150.92578125, "ion_url": "http://sg.b.oceanobservatories.org:5000/ion-service/data_product_management/get_data_product_extension?data_product_id=d105c261a43c4536bb44361d68fae63e", "description": "Instrument GP05MOAS-GL001-04-CTDGVM999 core OOI data product", "name": "PRESWAT Pressure (Depth)", "ion_name": "Pressure (Depth) L1 CTDGV Glider 001 - Global Station Papa Mobile Assets", "erddap_url": "http://erddap.b.oceanobservatories.org:8080/erddap/tabledap/datad105c261a43c4536bb44361d68fae63e.html", "processing_level_code": "L1", "ts_updated": "1391558898905", "type_": "DataProduct", "quality_control_level": "a", "_id": "d105c261a43c4536bb44361d68fae63e", "availability": "AVAILABLE", "lcstate": "DEPLOYED"}, {"product_download_size_estimated": 5537.0859375, "ion_url": "http://sg.b.oceanobservatories.org:5000/ion-service/data_product_management/get_data_product_extension?data_product_id=b373b93231c24b64ac9d79a11bc47078", "description": "Instrument GP05MOAS-GL001-02-DOSTAM999 data product: parsed samples", "name": "ggldr_dosta_delayed", "ion_name": "Instrument GP05MOAS-GL001-02-DOSTAM999 stream 'ggldr_dosta_delayed' data product", "erddap_url": "http://erddap.b.oceanobservatories.org:8080/erddap/tabledap/datab373b93231c24b64ac9d79a11bc47078.html", "processing_level_code": "Parsed", "ts_updated": "1391558506132", "type_": "DataProduct", "quality_control_level": "a", "_id": "b373b93231c24b64ac9d79a11bc47078", "availability": "AVAILABLE", "lcstate": "DEPLOYED"}, {"product_download_size_estimated": 6150.92578125, "ion_url": "http://sg.b.oceanobservatories.org:5000/ion-service/data_product_management/get_data_product_extension?data_product_id=437ea04766944945aa83c50a14229be8", "description": "Instrument GP05MOAS-GL001-04-CTDGVM999 core OOI data product", "name": "TEMPWAT Water Temperature", "ion_name": "Temperature L1 CTDGV Glider 001 - Global Station Papa Mobile Assets", "erddap_url": "http://erddap.b.oceanobservatories.org:8080/erddap/tabledap/data437ea04766944945aa83c50a14229be8.html", "processing_level_code": "L1", "ts_updated": "1391558905905", "type_": "DataProduct", "quality_control_level": "a", "_id": "437ea04766944945aa83c50a14229be8", "availability": "AVAILABLE", "lcstate": "DEPLOYED"}, {"product_download_size_estimated": 6150.92578125, "ion_url": "http://sg.b.oceanobservatories.org:5000/ion-service/data_product_management/get_data_product_extension?data_product_id=7a51b01416f546ed9bce6c071633db02", "description": "Instrument GP05MOAS-GL001-04-CTDGVM999 core OOI data product", "name": "PRACSAL Salinity", "ion_name": "Practical Salinity L2 CTDGV Glider 001 - Global Station Papa Mobile Assets", "erddap_url": "http://erddap.b.oceanobservatories.org:8080/erddap/tabledap/data7a51b01416f546ed9bce6c071633db02.html", "processing_level_code": "L2", "ts_updated": "1391558892488", "type_": "DataProduct", "quality_control_level": "b", "_id": "7a51b01416f546ed9bce6c071633db02", "availability": "AVAILABLE", "lcstate": "DEPLOYED"}, {"product_download_size_estimated": 6150.92578125, "ion_url": "http://sg.b.oceanobservatories.org:5000/ion-service/data_product_management/get_data_product_extension?data_product_id=0b9b23e7ae8c495bb6f6f36fc29b1ec0", "description": "Instrument GP05MOAS-GL001-04-CTDGVM999 data product: parsed samples", "name": "ggldr_ctdgv_delayed", "ion_name": "Instrument GP05MOAS-GL001-04-CTDGVM999 stream 'ggldr_ctdgv_delayed' data product", "erddap_url": "http://erddap.b.oceanobservatories.org:8080/erddap/tabledap/data0b9b23e7ae8c495bb6f6f36fc29b1ec0.html", "processing_level_code": "Parsed", "ts_updated": "1391558879493", "type_": "DataProduct", "quality_control_level": "a", "_id": "0b9b23e7ae8c495bb6f6f36fc29b1ec0", "availability": "AVAILABLE", "lcstate": "DEPLOYED"}, {"product_download_size_estimated": 21820.87109375, "ion_url": "http://sg.b.oceanobservatories.org:5000/ion-service/data_product_management/get_data_product_extension?data_product_id=47ae6b72ba644a439a992de4d40c4330", "description": "Platform GP05MOAS-GL001 data product", "name": "ggldr_eng_delayed", "ion_name": "Platform GP05MOAS-GL001 stream 'ggldr_eng_delayed' data product", "erddap_url": "http://erddap.b.oceanobservatories.org:8080/erddap/tabledap/data47ae6b72ba644a439a992de4d40c4330.html", "processing_level_code": "N/A", "ts_updated": "1391557533690", "type_": "DataProduct", "quality_control_level": "N/A", "_id": "47ae6b72ba644a439a992de4d40c4330", "availability": "AVAILABLE", "lcstate": "DEPLOYED"}, {"product_download_size_estimated": 5220.96875, "ion_url": "http://sg.b.oceanobservatories.org:5000/ion-service/data_product_management/get_data_product_extension?data_product_id=44e6943f323f4938b78311f49593f66d", "description": "Instrument GP05MOAS-GL001-01-FLORDM999 core OOI data product", "name": "FLUBSCT Optical Backscatter", "ion_name": "Optical Backscatter (Red Wavelengths) L1 FLORD Glider 001 - Global Station Papa Mobile Assets", "erddap_url": "http://erddap.b.oceanobservatories.org:8080/erddap/tabledap/data44e6943f323f4938b78311f49593f66d.html", "processing_level_code": "L1", "ts_updated": "1391559049924", "type_": "DataProduct", "quality_control_level": "a", "_id": "44e6943f323f4938b78311f49593f66d", "availability": "AVAILABLE", "lcstate": "DEPLOYED"}]}, {"ion_url": "http://sg.b.oceanobservatories.org:5000/ion-service/observatory_management/get_platform_station_site_extension?site_id=3b5714888a96453fa33336055177324e", "name": "Glider 003", "deployments": [{"lcstate": "DEPLOYED", "name": "Deployment of platform GP05MOAS-GL003", "ts_updated": "1391557237093", "type_": "Deployment", "_id": "c0e964d9e2054868a816a2c159306e77", "availability": "AVAILABLE", "description": ""}], "reference_designator": "GP05MOAS-GL003", "type_": "PlatformSite", "_id": "3b5714888a96453fa33336055177324e", "children": [{"product_download_size_estimated": 2553.7265625, "ion_url": "http://sg.b.oceanobservatories.org:5000/ion-service/data_product_management/get_data_product_extension?data_product_id=e6b483fa5ef544cd8ff93e9e643129e6", "description": "Instrument GP05MOAS-GL003-04-CTDGVM999 core OOI data product", "name": "PRACSAL Salinity", "ion_name": "Practical Salinity L2 CTDGV Glider 003 - Global Station Papa Mobile Assets", "erddap_url": "http://erddap.b.oceanobservatories.org:8080/erddap/tabledap/datae6b483fa5ef544cd8ff93e9e643129e6.html", "processing_level_code": "L2", "ts_updated": "1391558266663", "type_": "DataProduct", "quality_control_level": "b", "_id": "e6b483fa5ef544cd8ff93e9e643129e6", "availability": "AVAILABLE", "lcstate": "DEPLOYED"}, {"product_download_size_estimated": 2573.703125, "ion_url": "http://sg.b.oceanobservatories.org:5000/ion-service/data_product_management/get_data_product_extension?data_product_id=ce5502de6a35403d92d4174f54bddff1", "description": "Instrument GP05MOAS-GL003-01-FLORDM999 core OOI data product", "name": "CHLAFLO Chlorophyll-a fluorescence", "ion_name": "Fluorometric Chlorophyll-a Concentration L1 FLORD Glider 003 - Global Station Papa Mobile Assets", "erddap_url": "http://erddap.b.oceanobservatories.org:8080/erddap/tabledap/datace5502de6a35403d92d4174f54bddff1.html", "processing_level_code": "L1", "ts_updated": "1391558746727", "type_": "DataProduct", "quality_control_level": "a", "_id": "ce5502de6a35403d92d4174f54bddff1", "availability": "AVAILABLE", "lcstate": "DEPLOYED"}, {"product_download_size_estimated": 2232.2578125, "ion_url": "http://sg.b.oceanobservatories.org:5000/ion-service/data_product_management/get_data_product_extension?data_product_id=5729de56938f49f394d571d63ec4b94d", "description": "Instrument GP05MOAS-GL003-02-DOSTAM999 core OOI data product", "name": "DOCONCS Dissolved Oxygen", "ion_name": "Oxygen Concentration from Stable DO Instrument L1 DOSTA Glider 003 - Global Station Papa Mobile Assets", "erddap_url": "http://erddap.b.oceanobservatories.org:8080/erddap/tabledap/data5729de56938f49f394d571d63ec4b94d.html", "processing_level_code": "L1", "ts_updated": "1391557804597", "type_": "DataProduct", "quality_control_level": "a", "_id": "5729de56938f49f394d571d63ec4b94d", "availability": "AVAILABLE", "lcstate": "DEPLOYED"}, {"product_download_size_estimated": 2553.7265625, "ion_url": "http://sg.b.oceanobservatories.org:5000/ion-service/data_product_management/get_data_product_extension?data_product_id=7f1ec544cd6a48688320226b9fad0169", "description": "Instrument GP05MOAS-GL003-04-CTDGVM999 core OOI data product", "name": "TEMPWAT Water Temperature", "ion_name": "Temperature L1 CTDGV Glider 003 - Global Station Papa Mobile Assets", "erddap_url": "http://erddap.b.oceanobservatories.org:8080/erddap/tabledap/data7f1ec544cd6a48688320226b9fad0169.html", "processing_level_code": "L1", "ts_updated": "1391558277000", "type_": "DataProduct", "quality_control_level": "a", "_id": "7f1ec544cd6a48688320226b9fad0169", "availability": "AVAILABLE", "lcstate": "DEPLOYED"}, {"product_download_size_estimated": 2553.7265625, "ion_url": "http://sg.b.oceanobservatories.org:5000/ion-service/data_product_management/get_data_product_extension?data_product_id=4b28fff8ac17410cadcf0d7c53df0a14", "description": "Instrument GP05MOAS-GL003-04-CTDGVM999 core OOI data product", "name": "CONDWAT Conductivity", "ion_name": "Conductivity L1 CTDGV Glider 003 - Global Station Papa Mobile Assets", "erddap_url": "http://erddap.b.oceanobservatories.org:8080/erddap/tabledap/data4b28fff8ac17410cadcf0d7c53df0a14.html", "processing_level_code": "L1", "ts_updated": "1391558261043", "type_": "DataProduct", "quality_control_level": "a", "_id": "4b28fff8ac17410cadcf0d7c53df0a14", "availability": "AVAILABLE", "lcstate": "DEPLOYED"}, {"product_download_size_estimated": 2553.7265625, "ion_url": "http://sg.b.oceanobservatories.org:5000/ion-service/data_product_management/get_data_product_extension?data_product_id=86f47f7728df4cfc962e7de6b9183469", "description": "Instrument GP05MOAS-GL003-04-CTDGVM999 core OOI data product", "name": "PRESWAT Pressure (Depth)", "ion_name": "Pressure (Depth) L1 CTDGV Glider 003 - Global Station Papa Mobile Assets", "erddap_url": "http://erddap.b.oceanobservatories.org:8080/erddap/tabledap/data86f47f7728df4cfc962e7de6b9183469.html", "processing_level_code": "L1", "ts_updated": "1391558271803", "type_": "DataProduct", "quality_control_level": "a", "_id": "86f47f7728df4cfc962e7de6b9183469", "availability": "AVAILABLE", "lcstate": "DEPLOYED"}, {"product_download_size_estimated": 2232.2578125, "ion_url": "http://sg.b.oceanobservatories.org:5000/ion-service/data_product_management/get_data_product_extension?data_product_id=a38ee665192743bdbb822c36595848aa", "description": "Instrument GP05MOAS-GL003-02-DOSTAM999 data product: parsed samples", "name": "ggldr_dosta_delayed", "ion_name": "Instrument GP05MOAS-GL003-02-DOSTAM999 stream 'ggldr_dosta_delayed' data product", "erddap_url": "http://erddap.b.oceanobservatories.org:8080/erddap/tabledap/dataa38ee665192743bdbb822c36595848aa.html", "processing_level_code": "Parsed", "ts_updated": "1391557800765", "type_": "DataProduct", "quality_control_level": "a", "_id": "a38ee665192743bdbb822c36595848aa", "availability": "AVAILABLE", "lcstate": "DEPLOYED"}, {"product_download_size_estimated": 2553.7265625, "ion_url": "http://sg.b.oceanobservatories.org:5000/ion-service/data_product_management/get_data_product_extension?data_product_id=e992b96da5f940598970585fb45e11c8", "description": "Instrument GP05MOAS-GL003-04-CTDGVM999 data product: parsed samples", "name": "ggldr_ctdgv_delayed", "ion_name": "Instrument GP05MOAS-GL003-04-CTDGVM999 stream 'ggldr_ctdgv_delayed' data product", "erddap_url": "http://erddap.b.oceanobservatories.org:8080/erddap/tabledap/datae992b96da5f940598970585fb45e11c8.html", "processing_level_code": "Parsed", "ts_updated": "1391558255905", "type_": "DataProduct", "quality_control_level": "a", "_id": "e992b96da5f940598970585fb45e11c8", "availability": "AVAILABLE", "lcstate": "DEPLOYED"}, {"product_download_size_estimated": 2573.703125, "ion_url": "http://sg.b.oceanobservatories.org:5000/ion-service/data_product_management/get_data_product_extension?data_product_id=3a3174d62c3c4003bbc0bc0033cc93ff", "description": "Instrument GP05MOAS-GL003-01-FLORDM999 data product: parsed samples", "name": "ggldr_flord_delayed", "ion_name": "Instrument GP05MOAS-GL003-01-FLORDM999 stream 'ggldr_flord_delayed' data product", "erddap_url": "http://erddap.b.oceanobservatories.org:8080/erddap/tabledap/data3a3174d62c3c4003bbc0bc0033cc93ff.html", "processing_level_code": "Parsed", "ts_updated": "1391558740737", "type_": "DataProduct", "quality_control_level": "a", "_id": "3a3174d62c3c4003bbc0bc0033cc93ff", "availability": "AVAILABLE", "lcstate": "DEPLOYED"}, {"product_download_size_estimated": 14824.0703125, "ion_url": "http://sg.b.oceanobservatories.org:5000/ion-service/data_product_management/get_data_product_extension?data_product_id=937287e20a3a44d4bf2a6f380bb72907", "description": "Platform GP05MOAS-GL003 data product", "name": "ggldr_eng_delayed", "ion_name": "Platform GP05MOAS-GL003 stream 'ggldr_eng_delayed' data product", "erddap_url": "http://erddap.b.oceanobservatories.org:8080/erddap/tabledap/data937287e20a3a44d4bf2a6f380bb72907.html", "processing_level_code": "N/A", "ts_updated": "1391557529538", "type_": "DataProduct", "quality_control_level": "N/A", "_id": "937287e20a3a44d4bf2a6f380bb72907", "availability": "AVAILABLE", "lcstate": "DEPLOYED"}, {"product_download_size_estimated": 2573.703125, "ion_url": "http://sg.b.oceanobservatories.org:5000/ion-service/data_product_management/get_data_product_extension?data_product_id=23e4fe88663e4ee18aa6adc0718be8e4", "description": "Instrument GP05MOAS-GL003-01-FLORDM999 core OOI data product", "name": "FLUBSCT Optical Backscatter", "ion_name": "Optical Backscatter (Red Wavelengths) L1 FLORD Glider 003 - Global Station Papa Mobile Assets", "erddap_url": "http://erddap.b.oceanobservatories.org:8080/erddap/tabledap/data23e4fe88663e4ee18aa6adc0718be8e4.html", "processing_level_code": "L1", "ts_updated": "1391558752834", "type_": "DataProduct", "quality_control_level": "a", "_id": "23e4fe88663e4ee18aa6adc0718be8e4", "availability": "AVAILABLE", "lcstate": "DEPLOYED"}]}, {"ion_url": "http://sg.b.oceanobservatories.org:5000/ion-service/observatory_management/get_platform_station_site_extension?site_id=dd94f4f7bc8140d08016a2888c9d002a", "name": "Glider 002", "deployments": [{"lcstate": "DEPLOYED", "name": "Deployment of platform GP05MOAS-GL002", "ts_updated": "1391557234982", "type_": "Deployment", "_id": "5defaa119ce949278aa718da927e41ae", "availability": "AVAILABLE", "description": ""}], "reference_designator": "GP05MOAS-GL002", "type_": "PlatformSite", "_id": "dd94f4f7bc8140d08016a2888c9d002a", "children": [{"product_download_size_estimated": 4345.69921875, "ion_url": "http://sg.b.oceanobservatories.org:5000/ion-service/data_product_management/get_data_product_extension?data_product_id=75c5bca1a27f4f8e829aca3ed4c5b16f", "description": "Instrument GP05MOAS-GL002-04-CTDGVM999 data product: parsed samples", "name": "ggldr_ctdgv_delayed", "ion_name": "Instrument GP05MOAS-GL002-04-CTDGVM999 stream 'ggldr_ctdgv_delayed' data product", "erddap_url": "http://erddap.b.oceanobservatories.org:8080/erddap/tabledap/data75c5bca1a27f4f8e829aca3ed4c5b16f.html", "processing_level_code": "Parsed", "ts_updated": "1391558117646", "type_": "DataProduct", "quality_control_level": "a", "_id": "75c5bca1a27f4f8e829aca3ed4c5b16f", "availability": "AVAILABLE", "lcstate": "DEPLOYED"}, {"product_download_size_estimated": 4345.69921875, "ion_url": "http://sg.b.oceanobservatories.org:5000/ion-service/data_product_management/get_data_product_extension?data_product_id=08b1b30b413844449dbcb9686763ba41", "description": "Instrument GP05MOAS-GL002-04-CTDGVM999 core OOI data product", "name": "PRACSAL Salinity", "ion_name": "Practical Salinity L2 CTDGV Glider 002 - Global Station Papa Mobile Assets", "erddap_url": "http://erddap.b.oceanobservatories.org:8080/erddap/tabledap/data08b1b30b413844449dbcb9686763ba41.html", "processing_level_code": "L2", "ts_updated": "1391558127702", "type_": "DataProduct", "quality_control_level": "b", "_id": "08b1b30b413844449dbcb9686763ba41", "availability": "AVAILABLE", "lcstate": "DEPLOYED"}, {"product_download_size_estimated": 4345.69921875, "ion_url": "http://sg.b.oceanobservatories.org:5000/ion-service/data_product_management/get_data_product_extension?data_product_id=bd84eee875184e2396de08e74fa2f6b9", "description": "Instrument GP05MOAS-GL002-04-CTDGVM999 core OOI data product", "name": "CONDWAT Conductivity", "ion_name": "Conductivity L1 CTDGV Glider 002 - Global Station Papa Mobile Assets", "erddap_url": "http://erddap.b.oceanobservatories.org:8080/erddap/tabledap/databd84eee875184e2396de08e74fa2f6b9.html", "processing_level_code": "L1", "ts_updated": "1391558122715", "type_": "DataProduct", "quality_control_level": "a", "_id": "bd84eee875184e2396de08e74fa2f6b9", "availability": "AVAILABLE", "lcstate": "DEPLOYED"}, {"product_download_size_estimated": 25172.82421875, "ion_url": "http://sg.b.oceanobservatories.org:5000/ion-service/data_product_management/get_data_product_extension?data_product_id=22237c1764ca48449683b6cb400e1962", "description": "Platform GP05MOAS-GL002 data product", "name": "ggldr_eng_delayed", "ion_name": "Platform GP05MOAS-GL002 stream 'ggldr_eng_delayed' data product", "erddap_url": "http://erddap.b.oceanobservatories.org:8080/erddap/tabledap/data22237c1764ca48449683b6cb400e1962.html", "processing_level_code": "N/A", "ts_updated": "1391557525607", "type_": "DataProduct", "quality_control_level": "N/A", "_id": "22237c1764ca48449683b6cb400e1962", "availability": "AVAILABLE", "lcstate": "DEPLOYED"}, {"product_download_size_estimated": 2469.09765625, "ion_url": "http://sg.b.oceanobservatories.org:5000/ion-service/data_product_management/get_data_product_extension?data_product_id=627e9f15a2e44b18809ed861ed31a625", "description": "Instrument GP05MOAS-GL002-01-FLORDM999 core OOI data product", "name": "FLUBSCT Optical Backscatter", "ion_name": "Optical Backscatter (Red Wavelengths) L1 FLORD Glider 002 - Global Station Papa Mobile Assets", "erddap_url": "http://erddap.b.oceanobservatories.org:8080/erddap/tabledap/data627e9f15a2e44b18809ed861ed31a625.html", "processing_level_code": "L1", "ts_updated": "1391558855077", "type_": "DataProduct", "quality_control_level": "a", "_id": "627e9f15a2e44b18809ed861ed31a625", "availability": "AVAILABLE", "lcstate": "DEPLOYED"}, {"product_download_size_estimated": 4345.69921875, "ion_url": "http://sg.b.oceanobservatories.org:5000/ion-service/data_product_management/get_data_product_extension?data_product_id=aeb2cf901d064e9cb75901f958aa074e", "description": "Instrument GP05MOAS-GL002-04-CTDGVM999 core OOI data product", "name": "TEMPWAT Water Temperature", "ion_name": "Temperature L1 CTDGV Glider 002 - Global Station Papa Mobile Assets", "erddap_url": "http://erddap.b.oceanobservatories.org:8080/erddap/tabledap/dataaeb2cf901d064e9cb75901f958aa074e.html", "processing_level_code": "L1", "ts_updated": "1391558137218", "type_": "DataProduct", "quality_control_level": "a", "_id": "aeb2cf901d064e9cb75901f958aa074e", "availability": "AVAILABLE", "lcstate": "DEPLOYED"}, {"product_download_size_estimated": 4345.69921875, "ion_url": "http://sg.b.oceanobservatories.org:5000/ion-service/data_product_management/get_data_product_extension?data_product_id=058c8ad8ef814b67ad1c74e5ff9dc4fb", "description": "Instrument GP05MOAS-GL002-04-CTDGVM999 core OOI data product", "name": "PRESWAT Pressure (Depth)", "ion_name": "Pressure (Depth) L1 CTDGV Glider 002 - Global Station Papa Mobile Assets", "erddap_url": "http://erddap.b.oceanobservatories.org:8080/erddap/tabledap/data058c8ad8ef814b67ad1c74e5ff9dc4fb.html", "processing_level_code": "L1", "ts_updated": "1391558132453", "type_": "DataProduct", "quality_control_level": "a", "_id": "058c8ad8ef814b67ad1c74e5ff9dc4fb", "availability": "AVAILABLE", "lcstate": "DEPLOYED"}, {"product_download_size_estimated": 3897.07421875, "ion_url": "http://sg.b.oceanobservatories.org:5000/ion-service/data_product_management/get_data_product_extension?data_product_id=78a91e5f857a467186ee6ca6e0f7d18d", "description": "Instrument GP05MOAS-GL002-02-DOSTAM999 data product: parsed samples", "name": "ggldr_dosta_delayed", "ion_name": "Instrument GP05MOAS-GL002-02-DOSTAM999 stream 'ggldr_dosta_delayed' data product", "erddap_url": "http://erddap.b.oceanobservatories.org:8080/erddap/tabledap/data78a91e5f857a467186ee6ca6e0f7d18d.html", "processing_level_code": "Parsed", "ts_updated": "1391558760362", "type_": "DataProduct", "quality_control_level": "a", "_id": "78a91e5f857a467186ee6ca6e0f7d18d", "availability": "AVAILABLE", "lcstate": "DEPLOYED"}, {"product_download_size_estimated": 2469.09765625, "ion_url": "http://sg.b.oceanobservatories.org:5000/ion-service/data_product_management/get_data_product_extension?data_product_id=2cea40b7f3cf49ad9917de4c47bad524", "description": "Instrument GP05MOAS-GL002-01-FLORDM999 core OOI data product", "name": "CHLAFLO Chlorophyll-a fluorescence", "ion_name": "Fluorometric Chlorophyll-a Concentration L1 FLORD Glider 002 - Global Station Papa Mobile Assets", "erddap_url": "http://erddap.b.oceanobservatories.org:8080/erddap/tabledap/data2cea40b7f3cf49ad9917de4c47bad524.html", "processing_level_code": "L1", "ts_updated": "1391558849116", "type_": "DataProduct", "quality_control_level": "a", "_id": "2cea40b7f3cf49ad9917de4c47bad524", "availability": "AVAILABLE", "lcstate": "DEPLOYED"}, {"product_download_size_estimated": 2469.09765625, "ion_url": "http://sg.b.oceanobservatories.org:5000/ion-service/data_product_management/get_data_product_extension?data_product_id=374ae4e084a543b2a798866dbb4b91f3", "description": "Instrument GP05MOAS-GL002-01-FLORDM999 data product: parsed samples", "name": "ggldr_flord_delayed", "ion_name": "Instrument GP05MOAS-GL002-01-FLORDM999 stream 'ggldr_flord_delayed' data product", "erddap_url": "http://erddap.b.oceanobservatories.org:8080/erddap/tabledap/data374ae4e084a543b2a798866dbb4b91f3.html", "processing_level_code": "Parsed", "ts_updated": "1391558842285", "type_": "DataProduct", "quality_control_level": "a", "_id": "374ae4e084a543b2a798866dbb4b91f3", "availability": "AVAILABLE", "lcstate": "DEPLOYED"}, {"product_download_size_estimated": 3897.07421875, "ion_url": "http://sg.b.oceanobservatories.org:5000/ion-service/data_product_management/get_data_product_extension?data_product_id=29022e0071aa4309be34972f2e890fc0", "description": "Instrument GP05MOAS-GL002-02-DOSTAM999 core OOI data product", "name": "DOCONCS Dissolved Oxygen", "ion_name": "Oxygen Concentration from Stable DO Instrument L1 DOSTA Glider 002 - Global Station Papa Mobile Assets", "erddap_url": "http://erddap.b.oceanobservatories.org:8080/erddap/tabledap/data29022e0071aa4309be34972f2e890fc0.html", "processing_level_code": "L1", "ts_updated": "1391558766372", "type_": "DataProduct", "quality_control_level": "a", "_id": "29022e0071aa4309be34972f2e890fc0", "availability": "AVAILABLE", "lcstate": "DEPLOYED"}]}]}