{"ion_url": "http://sg.b.oceanobservatories.org:5000/ion-service/observatory_management/get_observatory_site_extension?site_id=10a97184d411442199d0ce02bb660e57", "name": "Regional Continental Margin", "spatial_area_name": "Regional Continental Margin", "reference_designator": "RS01SLOP", "type_": "Observatory", "_id": "10a97184d411442199d0ce02bb660e57", "children": [{"ion_url": "http://sg.b.oceanobservatories.org:5000/ion-service/observatory_management/get_platform_station_site_extension?site_id=1a44108d9655447b927b15587e03e99b", "name": "Primary Node 01A", "deployments": [{"lcstate": "DEPLOYED", "name": "Deployment of platform RS01SLOP-PN01A", "ts_updated": "1391557279666", "type_": "Deployment", "_id": "7f016ec08f064cf5aa181438a13ec513", "availability": "AVAILABLE", "description": ""}], "reference_designator": "RS01SLOP-PN01A", "type_": "PlatformSite", "_id": "1a44108d9655447b927b15587e03e99b", "children": [{"product_download_size_estimated": 0.0, "ion_url": "http://sg.b.oceanobservatories.org:5000/ion-service/data_product_management/get_data_product_extension?data_product_id=1903c45e624f4d0fb9bb2cc9db58c13a", "description": "Platform RS01SLOP-PN01A data product", "name": "raw", "ion_name": "Platform RS01SLOP-PN01A stream 'raw' data product", "erddap_url": "http://erddap.b.oceanobservatories.org:8080/erddap/tabledap/data1903c45e624f4d0fb9bb2cc9db58c13a.html", "processing_level_code": "N/A", "ts_updated": "1391557622637", "type_": "DataProduct", "quality_control_level": "N/A", "_id": "1903c45e624f4d0fb9bb2cc9db58c13a", "availability": "AVAILABLE", "lcstate": "DEPLOYED"}, {"product_download_size_estimated": 0.0, "ion_url": "http://sg.b.oceanobservatories.org:5000/ion-service/data_product_management/get_data_product_extension?data_product_id=c90e2d61a92042f68b4c76dc68614597", "description": "Platform RS01SLOP-PN01A data product", "name": "parsed", "ion_name": "Platform RS01SLOP-PN01A stream 'parsed' data product", "erddap_url": "http://erddap.b.oceanobservatories.org:8080/erddap/tabledap/datac90e2d61a92042f68b4c76dc68614597.html", "processing_level_code": "N/A", "ts_updated": "1391557626582", "type_": "DataProduct", "quality_control_level": "N/A", "_id": "c90e2d61a92042f68b4c76dc68614597", "availability": "AVAILABLE", "lcstate": "DEPLOYED"}]}, {"ion_url": "http://sg.b.oceanobservatories.org:5000/ion-service/observatory_management/get_platform_station_site_extension?site_id=3c9acde8c8054e9282882d38fbef19dc", "name": "Primary Node 01B", "deployments": [{"lcstate": "DEPLOYED", "name": "Deployment of platform RS01SLOP-PN01B", "ts_updated": "1391557254923", "type_": "Deployment", "_id": "5ea35559e41a4305a029328e5033ddbf", "availability": "AVAILABLE", "description": ""}], "reference_designator": "RS01SLOP-PN01B", "type_": "PlatformSite", "_id": "3c9acde8c8054e9282882d38fbef19dc", "children": [{"product_download_size_estimated": 0.0, "ion_url": "http://sg.b.oceanobservatories.org:5000/ion-service/data_product_management/get_data_product_extension?data_product_id=879b514e753a4ee3aef6b197176b9098", "description": "Platform RS01SLOP-PN01B data product", "name": "parsed", "ion_name": "Platform RS01SLOP-PN01B stream 'parsed' data product", "erddap_url": "http://erddap.b.oceanobservatories.org:8080/erddap/tabledap/data879b514e753a4ee3aef6b197176b9098.html", "processing_level_code": "N/A", "ts_updated": "1391557567330", "type_": "DataProduct", "quality_control_level": "N/A", "_id": "879b514e753a4ee3aef6b197176b9098", "availability": "AVAILABLE", "lcstate": "DEPLOYED"}, {"product_download_size_estimated": 0.0, "ion_url": "http://sg.b.oceanobservatories.org:5000/ion-service/data_product_management/get_data_product_extension?data_product_id=06ba97b8e008490a9fa92af3dbedcba2", "description": "Platform RS01SLOP-PN01B data product", "name": "raw", "ion_name": "Platform RS01SLOP-PN01B stream 'raw' data product", "erddap_url": "http://erddap.b.oceanobservatories.org:8080/erddap/tabledap/data06ba97b8e008490a9fa92af3dbedcba2.html", "processing_level_code": "N/A", "ts_updated": "1391557563815", "type_": "DataProduct", "quality_control_level": "N/A", "_id": "06ba97b8e008490a9fa92af3dbedcba2", "availability": "AVAILABLE", "lcstate": "DEPLOYED"}]}]}