{"ion_url": "http://sg.b.oceanobservatories.org:5000/ion-service/observatory_management/get_observatory_site_extension?site_id=9644d20fc74b424b9825dc2cf6a2431d", "name": "Regional Axial", "spatial_area_name": "Regional Axial", "reference_designator": "RS03AXIA", "type_": "Observatory", "_id": "9644d20fc74b424b9825dc2cf6a2431d", "children": [{"ion_url": "http://sg.b.oceanobservatories.org:5000/ion-service/observatory_management/get_platform_station_site_extension?site_id=ad5d392ca77b4c4a836f18c32b3da5b7", "name": "Primary Node 03B", "deployments": [{"lcstate": "DEPLOYED", "name": "Deployment of platform RS03AXIA-PN03B", "ts_updated": "1391557263508", "type_": "Deployment", "_id": "a6e3a63467864acab69e497ddcac5f90", "availability": "AVAILABLE", "description": ""}], "reference_designator": "RS03AXIA-PN03B", "type_": "PlatformSite", "_id": "ad5d392ca77b4c4a836f18c32b3da5b7", "children": [{"product_download_size_estimated": 0.0, "ion_url": "http://sg.b.oceanobservatories.org:5000/ion-service/data_product_management/get_data_product_extension?data_product_id=fd553fb565f9467ba9c375884625e736", "description": "Platform RS03AXIA-PN03B data product", "name": "parsed", "ion_name": "Platform RS03AXIA-PN03B stream 'parsed' data product", "erddap_url": "http://erddap.b.oceanobservatories.org:8080/erddap/tabledap/datafd553fb565f9467ba9c375884625e736.html", "processing_level_code": "N/A", "ts_updated": "1391557589287", "type_": "DataProduct", "quality_control_level": "N/A", "_id": "fd553fb565f9467ba9c375884625e736", "availability": "AVAILABLE", "lcstate": "DEPLOYED"}, {"product_download_size_estimated": 0.0, "ion_url": "http://sg.b.oceanobservatories.org:5000/ion-service/data_product_management/get_data_product_extension?data_product_id=aecae0dd23994688a68b78e7f2a5f9a7", "description": "Platform RS03AXIA-PN03B data product", "name": "raw", "ion_name": "Platform RS03AXIA-PN03B stream 'raw' data product", "erddap_url": "http://erddap.b.oceanobservatories.org:8080/erddap/tabledap/dataaecae0dd23994688a68b78e7f2a5f9a7.html", "processing_level_code": "N/A", "ts_updated": "1391557585657", "type_": "DataProduct", "quality_control_level": "N/A", "_id": "aecae0dd23994688a68b78e7f2a5f9a7", "availability": "AVAILABLE", "lcstate": "DEPLOYED"}]}, {"ion_url": "http://sg.b.oceanobservatories.org:5000/ion-service/observatory_management/get_platform_station_site_extension?site_id=7e3bfc83178e4a8c8369a3b1ddba9909", "name": "Primary Node 03A", "deployments": [{"lcstate": "DEPLOYED", "name": "Deployment of platform RS03AXIA-PN03A", "ts_updated": "1391557261366", "type_": "Deployment", "_id": "0a1c5c3f113949e799153c1b64aed1ba", "availability": "AVAILABLE", "description": ""}], "reference_designator": "RS03AXIA-PN03A", "type_": "PlatformSite", "_id": "7e3bfc83178e4a8c8369a3b1ddba9909", "children": [{"product_download_size_estimated": 0.0, "ion_url": "http://sg.b.oceanobservatories.org:5000/ion-service/data_product_management/get_data_product_extension?data_product_id=ccac1e6f252e4d4a8e73cb790ef66f8a", "description": "Platform RS03AXIA-PN03A data product", "name": "raw", "ion_name": "Platform RS03AXIA-PN03A stream 'raw' data product", "erddap_url": "http://erddap.b.oceanobservatories.org:8080/erddap/tabledap/dataccac1e6f252e4d4a8e73cb790ef66f8a.html", "processing_level_code": "N/A", "ts_updated": "1391557578353", "type_": "DataProduct", "quality_control_level": "N/A", "_id": "ccac1e6f252e4d4a8e73cb790ef66f8a", "availability": "AVAILABLE", "lcstate": "DEPLOYED"}, {"product_download_size_estimated": 0.0, "ion_url": "http://sg.b.oceanobservatories.org:5000/ion-service/data_product_management/get_data_product_extension?data_product_id=d8d5fee92a564eadbeef26b7ed376bed", "description": "Platform RS03AXIA-PN03A data product", "name": "parsed", "ion_name": "Platform RS03AXIA-PN03A stream 'parsed' data product", "erddap_url": "http://erddap.b.oceanobservatories.org:8080/erddap/tabledap/datad8d5fee92a564eadbeef26b7ed376bed.html", "processing_level_code": "N/A", "ts_updated": "1391557582128", "type_": "DataProduct", "quality_control_level": "N/A", "_id": "d8d5fee92a564eadbeef26b7ed376bed", "availability": "AVAILABLE", "lcstate": "DEPLOYED"}]}]}