{"ion_url": "http://sg.b.oceanobservatories.org:5000/ion-service/observatory_management/get_observatory_site_extension?site_id=bd0c99da4f514ba6ba0d96c9a9a4c97c", "name": "Regional Mid Plate", "spatial_area_name": "Regional Mid Plate", "reference_designator": "RS05MID1", "type_": "Observatory", "_id": "bd0c99da4f514ba6ba0d96c9a9a4c97c", "children": [{"ion_url": "http://sg.b.oceanobservatories.org:5000/ion-service/observatory_management/get_platform_station_site_extension?site_id=28f02dc0df26499db144c75066c13425", "name": "Primary Node 05A", "deployments": [{"lcstate": "DEPLOYED", "name": "Deployment of platform RS05MID1-PN05A", "ts_updated": "1391557256799", "type_": "Deployment", "_id": "8b9ef5cdb7c34e1f989339f5c6e020bd", "availability": "AVAILABLE", "description": ""}], "reference_designator": "RS05MID1-PN05A", "type_": "PlatformSite", "_id": "28f02dc0df26499db144c75066c13425", "children": [{"product_download_size_estimated": 0.0, "ion_url": "http://sg.b.oceanobservatories.org:5000/ion-service/data_product_management/get_data_product_extension?data_product_id=fe7950f664b645da9c90d308c1db7620", "description": "Platform RS05MID1-PN05A data product", "name": "raw", "ion_name": "Platform RS05MID1-PN05A stream 'raw' data product", "erddap_url": "http://erddap.b.oceanobservatories.org:8080/erddap/tabledap/datafe7950f664b645da9c90d308c1db7620.html", "processing_level_code": "N/A", "ts_updated": "1391557571176", "type_": "DataProduct", "quality_control_level": "N/A", "_id": "fe7950f664b645da9c90d308c1db7620", "availability": "AVAILABLE", "lcstate": "DEPLOYED"}, {"product_download_size_estimated": 0.0, "ion_url": "http://sg.b.oceanobservatories.org:5000/ion-service/data_product_management/get_data_product_extension?data_product_id=1e2a1c1362cc4d7d9506c82c021b24ce", "description": "Platform RS05MID1-PN05A data product", "name": "parsed", "ion_name": "Platform RS05MID1-PN05A stream 'parsed' data product", "erddap_url": "http://erddap.b.oceanobservatories.org:8080/erddap/tabledap/data1e2a1c1362cc4d7d9506c82c021b24ce.html", "processing_level_code": "N/A", "ts_updated": "1391557574853", "type_": "DataProduct", "quality_control_level": "N/A", "_id": "1e2a1c1362cc4d7d9506c82c021b24ce", "availability": "AVAILABLE", "lcstate": "DEPLOYED"}]}]}